198
11
220
16
13
271
15
279
24
17
328
23
285
314
18
262
318
169833
321
19
25
20
303
169884
21
8
22
173932
264
170256
310
153270
359
36663
66747
763
169837
283
309
175772
388
93199
169889
1106
159057
170306
170911
169881
6445
369
169976
170244
487
213863
238999
170405
50780
1116
27834
6282
653
1638
364
169914
6
557
170520
504
12
357
476
430
313
26
561
440
1
539
10920
383
87
413
579
471
494
638
57719
421
46152
681
1025
345
5734
460
44
506
498
466
563
524
695
82
1590
670
64
594
35
449
7
406
1510
91
245140
34
29
667
367
284
424
780
381
513
735
308
2390
351
4558
760
63
62
60
350
2168
1267
32
348
696
77
4006
256
4418
14
551
75547
553
68
363
1385
1756
864
58
333
27
6617
4071
998
813
713
33
9363
1317
5658
3842
411
50
337
361
687
1048
423
72
19293
287
969
1174
1411
2
5946
43
37
2205
733
682
13112
65
47
1118
1153
36
417
67
493
414
20553
2280
478
5
28
2514
535
169835
436
1216
380
1344
799
462
387
437
257
53
427
292
39
326
306
76415
51
171307
88
84
81
83165
995
694
3966
149275
710
66
434
1358
263
169857
170087
169839
847
290
169863
92
623
1049
1141
599
258
286
320
197
1170
353
836
803
469
606
975
5031
78
276
852
49
745
871
1330
38
948
76
426
299
592
591
533
75
169861
329
69
331
660
268
1478
261
3680
51257
628
491
295
1120
443
3025
1238
1024
169850
91714
169846
1132
30672
913
1321
172186
1083
33631
170051
869
1061
45
61900
835
7472
54740
854
4874
71
382
169888
978
578
604
85
2972
450
999
27018
9
781
816
1005
1429
4964
727
278
90
4
629
173432
170197
1634
457
169841
958
428
40
830
646
170273
680
635
1089
716
59938
274
169862
795
259
2243
3567
458
42
984
499
335
4178
1068
1088
1892
79
269
171063
10339
332
1103
169844
164563
281
1743
55
1067
83
668
76923
1259
523
46
83686
1445
14681
874
641
172603
280
888
169878
4673
7500
701
516
3158
548
272
266
91715
4078
169843
170096
300
777
175087
277
1208
652
1179
1562
59
71093
1332
169853
38430
52
40228
685
3516
169874
307
25083
883
734
420
171184
31095
401
86
748
496
28996
3683
169865
595
349
482
1518
1000
291
1368
17883
585
1074
38378
1047
355
1224
927
1881
7561
882
615
267
173707
593
1578
1149
12628
867
1172
63316
275
26767
514
304
70
1056
1752
1345
170097
171598
89
315
1324
1292
1528
169923
82887
5833
2261
3676
782
384
693
1017
1639
495
919
169871
311
809
74
169901
169876
1189
736
3694
294
856
470
1032
170381
550
343
565
237047
400
2250
4075
11765
1744
1379
1407
2387
715
7645
316
3456
375
35302
1384
837
804
322
319
1500
2843
169870
464
1801
914
522
598
707
2163
1788
293
866
6251
273
44514
324
4042
567
2556
485
2093
7514
169886
3750
1461
1734
447
1680
1602
1401
1010
9008
769
4196
1143
29207
445
1248
1472
391
3878
3439
354
7766
3480
169891
24977
704
8693
886
6450
169906
159097
2551
149278
1070
38893
7321
2812
900
170007
1380
1581
3253
2018
169872
169927
170112
170205
525
1007
16793
170135
32694
169864
67870
6075
6628
169909
645
1389
3248
342
944
9538
3525
709
4383
656
5924
2980
1473
4121
54
2830
169911
4725
2061
875
1275
1667
94120
1902
3098
2107
2015
298
2583
25952
2487
2053
169955
9609
204398
172782
976
2912
1544
1575
1989
1669
13475
171747
378
169894
169954
94744
260
2512
327
2272
1237
2136
338
452
554
2982
558
170446
10
169932
169879
1599
1576
169935
169868
1328
169933
1780
1064
16056
648
1334
371
1331
170246
5675
57124
169975
4770
528
12947
169942
10122
1483
2141
783
564
0
169895
205890
3642
94456
30205
346
1799
170021
339
1577
1608
42951
169907
1754
785
8683
9159
1146
473
1889
1156
170478
2906
3629
365
6020
5319
512
1968
2397
3745
1293
6823
4893
2614
265
1722
3945
4843
1746
588
8759
1220
169902
3074
1414
1021
1719
3130
1856
3078
12061
27653
11906
6141
429
1690
169860
171356
789
4193
509
344
336
4692
2075
4265
347
1439
3114
2343
41832
569
1848
397
1809
2353
169958
11074
2337
608
169992
2838
901
1543
334
170690
4634
627
170547
374
30
41
2677
6725
169903
1137
446
20668
15526
5698
1142
1542
4588
170134
4170
1152
152151
2943
390
877
6715
1236
172570
1003
409
2378
1970
4314
2251
626
170445
2450
289
14165
6092
1860
5432
170047
19455
12237
379
172388
573
1558
1299
1779
170019
396
2574
3817
3009
393
149498
7607
931
169990
1105
171830
1369
92486
636
1785
170085
2576
488
472
5617
1287
71085
36898
170041
3679
5963
642
3791
23927
7172
170171
170008
2394
732
3954
1173
2267
385
1428
34964
1906
2199
170435
2958
2902
4325
170039
2100
29533
32252
170014
1062
169893
2423
570
1727
6324
2047
1381
170106
5589
170009
1615
9014
1659
170426
2073
1521
723
455
1654
49143
170500
57
1012
833
621
889
170150
791
170004
3018
1496
170414
170013
80
5361
7803
3711
2255
4855
6368
1110
580
171392
169950
581
170474
169989
2233
305
5297
170084
5495
752
15966
297
3739
3988
724
13962
245514
2572
170337
63029
7696
13103
5869
10544
73
1151
169919
170221
1420
169890
4486
1373
1942
1900
1697
169993
169858
170704
89059
169915
170048
692
27718
1925
552
1135
170057
3055
5930
71483
10107
169982
2468
56
1040
169840
169869
170233
505
926
82678
1301
5743
169947
10738
3389
6971
1647
5530
1453
4535
170020
1219
1104
71027
362
3177
6824
169940
1612
2859
169960
2702
170225
2069
1867
6163
394
223
2291
2302
27490
9571
25416
1696
11642
4477
1503
3889
172450
173915
1870
950
170038
1973
1807
1622
1761
6924
3497
4406
170533
170068
169997
22002
1304
5277
6492
1844
5632
1467
2094
2014
330
4171
270
2229
989
5133
686
1822
169854
6762
639
826
9272
1945
169912
150239
170639
3628
572
1081
2526
1092
5722
3108
170111
2046
3376
1534
170764
1412
5655
17143
1066
170481
5491
1413
1294
2193
4277
170480
1990
170035
1362
1465
5820
2083
1283
89238
1193
3492
5497
640
31718
2532
170161
6835
3349
2235
1163
911
4016
5367
2880
6443
2678
1440
51837
12069
793
5046
5098
1272
175589
2663
282
169945
1852
2068
4364
1866
632
1789
169913
786
2361
9018
451
2270
7107
170089
7256
95477
59674
1765
943
8071
5064
171016
11998
1724
3425
4501
2072
2420
925
169996
2002
2785
170348
171089
170006
6135
2020
4213
38179
2086
372
881
5272
2400
3778
807
3228
1455
2784
3478
8853
1154
2510
170107
170731
5467
7165
1524
974
158
895
2159
70653
3816
170192
5158
3712
9919
13037
2660
3150
1133
3095
169904
171037
2724
5518
170871
170297
432
2215
170735
3054
2693
1692
1122
8224
170333
659
169999
2410
3354
3738
977
1787
389
8950
1786
1965
3135
1484
2176
973
9801
170180
490
5145
1079
4526
88930
2192
13721
2332
3174
2716
4122
5385
169918
176130
170098
13454
170072
296
16758
2736
170049
19246
1250
10629
605
20599
2692
170010
9478
170110
2519
12654
1406
8883
1857
1519
1206
325
968
1834
4793
6249
169924
1034
654
673
7480
4891
6535
9169
2653
377
171278
3526
2477
3267
171118
170120
1928
2074
14953
170290
3542
91799
74727
1148
170063
4962
170029
849
536
170193
1124
547
1901
4536
214074
2435
2201
52683
38087
3165
170118
8872
170258
3008
2407
8330
2936
1212
2748
170003
4370
4897
6650
1432
169995
170809
2770
10623
19365
1526
9897
8209
170302
1008
169937
4097
4057
8584
170475
5429
3096
4688
2393
1551
14237
1076
3043
951
170495
170732
170052
1436
4722
45212
2048
172787
1482
903
2186
370
1824
150259
170024
10102
5586
2299
17039
1782
169973
8673
3042
5753
643
3181
4564
10211
1438
170425
5639
3443
53913
1441
829
15313
441
169944
898
171237
171212
4292
1879
444
14252
47543
170070
5864
2919
5889
1546
169967
4977
2007
29466
1495
4599
323
169981
778
408
1165
1966
302
5135
170184
170318
1257
3382
170457
2236
544
386
884
2119
7521
402
26154
1560
4007
859
13992
2033
2482
1814
169938
169970
7628
1791
6505
170810
1527
75031
170152
1228
4152
2742
4128
1223
170064
3648
170327
1587
6127
1144
170100
8677
1716
519
7481
170626
170090
2357
1245
6027
403
894
2234
2582
2313
4058
1091
1919
2891
19687
6953
1018
169986
1946
170516
171299
810
2144
739
9093
170093
4397
1394
3644
1054
170482
157
170647
624
1352
2496
3364
5546
54818
2783
1322
1288
448
467
6476
12422
9251
1234
3940
170138
3541
2957
1442
8323
174481
5799
2892
4129
340
1992
74645
1643
2286
4590
997
169971
3682
2861
11069
170036
170196
1396
1846
31
959
3766
2483
2349
908
4092
634
3728
743
9254
170814
170167
170030
1831
27896
45276
2942
64700
933
1182
172311
967
442
3428
15450
171501
3855
2552
5492
170155
3200
6016
1423
1691
1027
1284
1020
906
15545
1707
1395
1817
169991
29831
177630
1387
729
237
1951
3702
5653
2961
2429
170071
1095
2809
2945
582
13048
4965
4625
7674
6764
4346
11318
171754
1316
76744
3668
2088
479
6174
4047
204982
22887
2518
35194
575
3756
7302
4216
169987
7555
3010
2516
82205
288
3696
1532
4138
9514
6889
2984
1425
170190
170179
170373
43027
6031
661
170060
560
1943
170826
1277
474
3387
3233
15400
169908
8660
5019
1155
170316
209700
170231
3727
20906
2381
170669
171752
5364
16808
2962
5433
4437
4044
10401
8983
416
2454
11612
11338
2554
29140
721
8547
7540
887
170183
5406
3194
7147
11024
843
532
2171
169994
683
2116
7290
8417
170119
26788
2424
751
2564
1675
3063
170542
12021
1506
4362
1811
12000
170058
559
1905
191044
3773
1201
1349
2444
170056
4994
5339
170001
2670
2732
39114
15894
892
170067
159048
14074
5587
3571
1052
5165
767
2801
54919
39662
938
170252
5090
4225
9171
171610
4081
7999
2279
27256
1876
6025
170142
3809
6584
8827
6881
180099
18173
301
5723
625
170081
5289
2064
9140
4031
9100
86139
10540
22550
2315
1138
3046
2721
2904
170456
170122
3309
6312
658
54241
171862
1147
556
3804
3512
4563
2124
20365
170331
945
170749
170137
170027
6683
170203
433
5879
9565
2515
170263
24007
170856
5512
11751
4784
2557
41397
3626
27323
2646
170129
2921
2774
456
1670
1740
492
3322
529
176499
3992
3442
1271
1297
2654
83487
169920
2324
170032
4523
170268
5515
8292
10862
2528
6297
6711
1700
170545
2091
170346
3508
170123
855
9839
1323
3779
3160
517
6129
170507
170350
1433
12439
674
1783
170028
851
170310
5836
1350
170375
170210
2184
766
2933
1474
3312
12982
89253
170339
5068
9728
170156
574
170178
170360
942
7246
4257
10785
1204
18321
6376
170284
56716
341
19388
1390
5171
17138
358
5642
10542
1538
170352
7509
1102
3251
981
614
18078
846
9338
1134
1452
3980
3421
1657
5553
7888
4417
5842
2126
6737
4056
4471
1898
3146
1656
3294
1865
14424
3627
5084
5459
7167
6028
3383
3017
1957
4611
1830
3051
9386
1845
20058
3722
3553
169985
7930
3204
170023
174524
2342
1591
702
170187
3625
562
170556
8185
3808
3255
1723
8978
48
2491
5533
3960
477
48638
7664
170936
839
12076
893
159282
3133
2274
89650
957
170673
4082
5947
4961
6045
5243
5306
1960
170094
170025
16488
10408
170571
2334
7408
4108
1029
3115
11668
170581
2436
2756
2052
3834
549
170148
678
5038
3851
34098
10663
170332
2573
16416
7852
415
170699
8893
6350
170102
3708
698
15888
6306
170015
172184
4591
834
657
56618
6124
538
73451
172540
6933
170431
11549
169963
5559
3113
784
4147
720
2222
3052
2490
677
41168
3357
6614
2581
6286
3568
3274
2077
1112
5604
3935
4120
7931
5435
170420
3102
5001
9564
15717
11876
83546
5255
170444
60463
5458
3210
5915
2792
148993
7049
170278
170053
4202
878
3578
5208
4084
5493
2790
2798
170843
2895
170649
5469
10404
13120
4619
475
12638
4139
25304
8217
3175
69710
5384
3573
5081
4282
3140
3446
48509
2284
67955
5460
2253
3369
3742
4238
7002
8551
82276
47621
3082
3328
85024
1042
212521
3577
1167
15969
543
985
6228
170470
435
6237
1676
537
8801
170158
1877
12893
170194
3605
22218
11920
8239
5275
2746
1630
170450
5893
1595
463
2478
986
2599
7731
11814
6383
170066
725
4268
172
8955
170325
7334
5701
11615
1541
149378
10607
61482
223571
10845
180848
8137
44558
1891
6199
5787
22023
14634
170385
8125
32301
2044
7428
179764
1882
4179
3297
1082
170168
2874
2336
805
8770
170355
15990
2536
10603
18060
13039
5832
4236
171282
1764
4065
7669
5391
6886
2306
28892
1039
2569
3410
10721
173820
2950
10452
2590
38609
7502
3001
170031
9646
87877
1459
526
5058
2194
8502
12150
229
53792
5626
312
171252
822
35821
170432
6222
708
9434
5089
170255
8881
12305
170511
61632
4275
3154
7020
3023
10418
11942
82123
193992
2011
1341
170525
11752
170715
7832
170176
1623
170484
17508
1658
11250
4241
8478
4283
3079
2133
7683
3813
18633
2426
170865
2099
171187
3717
6891
15811
4176
2070
25235
3336
4799
6518
24298
1243
9289
14382
7277
11537
6522
2195
821
2057
2321
171631
14098
7633
3555
9303
530
6079
3470
171040
170897
12336
1938
366
184982
956
59257
4144
7166
2566
172539
7021
3433
2369
6520
7168
170747
23985
5834
7687
1199
1509
3835
170115
9141
2374
170287
15849
2085
5129
13764
922
815
5024
722
2849
149276
8536
5076
2997
7415
600
2734
4162
16796
4404
3602
172197
39865
3693
3429
2824
170487
5324
5442
5199
4021
438
689
3422
6374
2181
4473
8134
1231
7772
14496
4616
2264
6755
7289
4514
2000
170351
8213
88977
170769
6403
431
2914
7424
194653
170017
7036
9541
20128
170125
3315
1022
170601
1295
4496
4004
4642
171164
5375
6335
1880
19552
3658
4788
2153
2600
2149
170296
1030
32032
171677
9738
1001
8115
10345
4357
577
6056
4881
13717
10405
1094
13570
4682
1698
2492
1160
3384
1060
39475
9282
5061
177641
4284
902
1829
5938
2081
507
5728
2113
1183
5776
5651
461
3318
1388
753
2166
5305
7854
6451
4221
170401
4598
5475
4493
92217
2308
11342
3845
1886
2458
2713
171152
5839
5978
11198
787
10168
4203
5355
5387
1371
170270
3254
5789
9963
3764
10836
170845
2665
4490
3203
5369
2741
171481
4424
2985
6730
2894
1597
3390
12386
468
7258
3414
12830
171126
3447
170254
27466
3156
170074
3614
5759
186516
4906
9368
3234
4393
5693
425
1190
4531
238
7629
620
8798
663
2059
14227
9422
177946
1469
1757
170458
2507
3405
4341
4862
520
6295
4494
8308
5447
1203
3839
171497
4421
1798
8608
20115
170104
15350
405
850
2645
173434
802
2823
3559
6688
1701
3019
170609
4774
172350
949
2470
501
13143
602
5252
3050
175011
14367
2832
27168
254
170633
3725
10776
9219
170206
4182
6187
5600
12444
16026
2717
4000
170722
170198
9423
9871
170518
719
4924
6741
170424
5614
5192
1771
853
170321
33708
61659
2504
4434
170455
4185
8240
1273
170342
3672
2220
4757
170940
2818
6320
6436
20231
170012
806
5122
13187
3606
1918
13948
15083
684
2709
195051
4888
171147
4821
3170
12215
4781
5440
7813
3
647
6526
8252
3401
8809
3579
8728
726
231723
5074
5245
32179
6816
171185
61592
171352
4895
8619
170437
2631
170906
172778
5656
7019
49841
3028
4954
697
4945
3311
3669
171711
170604
171591
10478
7368
6265
14712
3777
1404
10528
907
170271
4918
1298
4369
1262
2231
4246
3623
16228
14650
170791
5097
2673
39960
3753
2548
5187
35401
22799
150267
3955
3299
6378
6481
1253
6351
2226
89510
6700
7300
703
4570
3049
34797
3238
1531
170656
47328
170326
3337
170230
5748
5568
5423
6059
4998
18904
8186
8766
801
3481
7643
12351
1885
12847
3302
11863
65370
5898
4405
49303
7873
3611
2359
3928
3818
4115
170440
9345
1200
3768
2610
518
4237
3219
3594
1050
176810
3300
1071
14817
356
917
13308
1318
728
1211
172176
4947
1617
5426
16878
6846
757
170471
9947
22458
2117
3565
170829
860
3106
170136
170539
1948
31813
16827
170250
5774
9998
1402
22809
8042
12423
6149
4948
4245
2822
2297
9830
10550
737
1188
4464
8222
60141
27122
1535
8513
11308
13714
7592
11786
9812
2422
5802
352
5871
2316
5926
6113
823
3704
10885
204924
5705
3856
20188
2021
1356
797
3639
10065
5212
1150
171671
40128
3636
3301
1139
13912
172961
170354
30858
82194
1343
4967
910
4935
170790
5436
6667
1375
10368
4732
170591
2305
8871
6348
10373
37140
66898
1755
1114
4779
10152
162599
171892
5183
22306
29701
5121
170573
173613
2923
6278
11563
2331
17850
22407
14223
2172
2294
4963
7840
5611
14898
170787
3511
34738
239
8652
7705
1226
171246
1367
824
2388
10244
1290
170228
171724
3498
149412
172338
4937
4534
10601
9945
2481
2282
4686
152133
5224
3789
3464
12617
2603
11183
171038
8771
5176
204270
5608
170092
10383
8026
5242
1073
12243
873
4876
14338
4281
4666
771
7701
1458
5995
2155
6600
172803
1086
170396
4130
3807
8535
17075
6941
35502
172333
7686
5488
2114
3087
3495
14195
2348
12249
6197
170151
1923
2597
9297
170526
1818
25771
170065
4904
2725
171976
880
32029
12880
18266
7807
4062
11439
10326
2278
5148
200433
8961
11528
631
150255
9511
5047
4104
170366
5144
170483
170574
7287
5260
172729
16060
1603
988
2739
5529
5741
171361
1446
3041
4188
2776
24039
20869
4132
177773
3924
2218
170386
4335
171088
10291
63822
1159
2383
9681
185142
3000
3436
21874
11192
71623
5028
2842
2499
70410
170629
3554
3892
48454
2939
5117
1013
9023
3929
1763
19168
2380
170685
8953
571
170269
5480
170114
5340
395
172817
540
2197
172365
19306
4614
7436
6930
1126
4125
2467
4433
2448
174955
4886
2109
11458
5072
2252
15620
2058
1640
19315
3471
8333
30640
3370
154528
172113
159073
4022
170330
6640
1778
8989
170338
3166
170928
1631
5721
11007
7072
183765
184345
8105
1987
33464
2858
1313
2441
6994
171269
172275
22049
671
3765
33782
2682
576
5792
6433
11745
7308
2486
4958
2759
2438
7070
6483
1536
1954
2706
173840
4706
819
170848
172318
10362
5230
1628
5326
25470
15568
3566
4829
13122
9697
3921
2905
1896
62416
8565
2404
3906
170514
1557
10951
3989
4609
1505
1619
172261
170558
11135
7896
13724
4899
18420
2592
7091
21034
542
171330
170274
4416
1004
34880
39836
4119
49278
18659
5134
2887
15596
587
11395
4660
7526
43375
5901
825
8057
6693
59378
1113
9653
832
3874
5935
2263
11723
8379
972
34747
1936
17167
2311
935
171314
1573
4307
9207
9135
3580
2964
8578
30911
1893
1306
5752
10612
1947
800
3749
5498
4093
170703
1210
6507
170026
170840
15235
1644
9503
16359
38107
5788
9287
18892
16812
2937
5119
16010
5157
5595
706
17531
4350
1498
4831
1673
14674
7272
2050
170389
170308
11081
3689
2944
7916
368
5634
6878
7402
4868
3990
11046
2488
6677
5870
11277
173079
3331
2129
3286
1666
172599
1393
174975
2428
7252
174280
178927
1802
2791
191766
8387
1242
170347
2406
2738
12552
9938
6018
947
8796
3561
2844
171191
149272
1593
16591
4800
2695
11905
7810
1035
5307
14048
13759
2885
170441
176961
192532
170646
3112
2594
3217
9009
21989
170756
1962
2147
150012
170679
12015
8122
175106
6635
169962
5070
8260
1077
170986
170157
2185
176615
7294
170630
170182
1282
1646
8903
170301
7054
920
2719
172883
3560
3521
7025
916
17000
27824
93
10808
156086
5555
5917
3070
172418
170430
7247
3595
3162
6632
4148
6863
171793
9575
5284
11232
7642
7461
18666
234
5449
1820
8038
3232
14545
2084
3601
21955
508
33519
744
9351
58955
21018
9711
171311
5016
4344
5323
195337
5215
14520
15934
171579
14016
510
16267
9452
1311
1044
5461
175632
5036
6728
170966
34719
46265
360
10158
8177
3984
486
12375
1847
11116
8334
1480
17097
171609
4207
4105
930
171122
5032
170898
4482
5805
21122
6991
5904
5955
1795
13674
25616
14212
4613
17631
69843
8826
171211
773
9969
17557
6150
622
117
6747
3145
12673
172110
11149
12436
1289
5490
158819
6817
34902
28602
8261
11442
7505
173989
200418
2228
3593
17396
6236
68287
172908
49631
7524
1502
82424
11300
54907
2445
4562
17264
7154
7186
7789
6968
13840
202409
3754
170279
7023
37714
905
170365
814
12996
13799
10130
172501
171042
15127
149646
44103
4581
171091
1009
3665
171365
669
12490
172142
5417
10743
155137
2968
16142
8358
3524
21003
6744
3870
40365
171707
6566
51515
4409
185446
3703
8193
175214
18732
2605
7124
1793
6321
4775
13573
3759
1335
7271
170723
171445
3520
1916
15542
2857
24237
2508
4480
172662
8469
2967
170578
6017
1117
31409
1650
4045
18351
1479
7752
172846
1246
4643
170336
4189
4671
170998
11595
24206
39180
2989
12510
2164
11062
24636
2981
7099
1171
12834
6426
6575
3788
4244
170590
4752
170181
5010
515
7741
10755
7101
20672
7484
2123
4206
4560
49765
2794
2763
173765
170259
7190
1921
6325
23266
1605
12567
7869
179219
6895
3790
9842
15492
5331
3505
9752
4972
10720
173507
2009
14094
4263
3397
10052
20620
20475
717
16131
170408
6513
5951
170380
10391
9206
7395
4051
4449
2624
2585
2607
5971
2427
2647
6414
3618
15695
172905
174869
18463
3733
170262
6542
170050
6151
7335
14934
1580
8884
6136
531
31652
1790
1320
159029
6430
3826
15383
6256
17163
4638
26342
170226
8707
170555
2545
3417
6510
10675
19900
3965
10592
42500
22377
17533
14136
13219
2560
56651
8102
76126
7157
13626
151496
2940
8207
13432
4497
5629
9894
15477
172015
633
170610
5020
1097
54993
511
454
12185
2580
1363
3129
928
2867
22559
79933
2577
10306
18511
3333
503
20149
171851
776
2258
8433
5300
8086
1835
11845
14478
9376
4276
54289
9640
2224
3323
10657
19825
5194
1075
171568
10666
176767
7225
90751
848
5312
741
3250
10173
8210
26089
4557
8306
87337
5342
5968
3661
11004
2878
195622
1596
10796
3307
3943
6175
3603
2993
22540
1637
3584
170624
7366
36924
173465
23846
3208
1302
1136
3449
1733
4249
2705
1340
18562
21217
4620
7094
4099
8854
2432
13208
1085
4331
8524
22771
3482
2931
7659
2341
13940
43143
18867
1731
55928
56325
6807
1261
9306
9933
2182
171680
7954
2022
8602
175289
6281
29017
5265
8914
7658
11400
51680
1485
2691
4687
2495
9031
10973
7118
5918
939
4970
2493
868
6679
25322
2896
74267
10962
9300
31575
149380
10653
5073
6157
3558
33905
171169
4615
13518
5395
1821
5732
14250
3690
5344
6702
2604
2708
31789
6262
3199
1899
10298
181860
183236
54096
36844
87091
3546
17219
2356
170454
3131
175502
9670
759
171116
812
172034
5471
5575
9040
18583
52434
5757
50235
7086
16627
5018
11815
9493
172169
4011
18278
3141
3372
170501
11560
9496
3919
54084
4324
3899
936
7434
2173
6576
11596
2319
14067
3059
1339
1999
3799
1548
176774
199450
4621
1264
828
5982
6942
171338
46164
8030
170727
4034
9623
3557
25577
7111
14676
171167
171527
222517
6131
27370
1494
6044
149381
2029
15328
170307
1209
18229
172283
6454
1971
12317
4708
9209
992
17637
3192
3404
82977
1720
3772
1784
14005
16430
1227
31539
6592
7014
12297
170910
10934
4973
1451
12997
3956
170473
6406
4736
7977
6694
32318
7038
171659
3317
5819
7967
4107
11332
3213
1776
20112
3544
172976
12164
170214
5934
20922
8198
170403
9908
9296
971
788
8439
840
15135
6966
3110
50415
1708
1098
4887
4661
9321
7465
195578
3868
7497
7106
10690
10325
10846
10884
36544
1100
2953
1386
4693
15765
4860
1418
170251
198704
8626
13817
68453
9834
2730
2782
5353
5128
1517
3506
11574
2446
86360
11700
29809
11609
10390
3342
1489
169953
2521
120
5638
17942
8020
18915
11911
5142
9469
11244
6161
2781
174420
170459
909
9202
111
2531
3920
1559
5138
18831
3097
13096
16765
11076
56285
5956
4483
10771
8995
4109
7063
1611
5286
8123
4637
1080
29656
2200
1850
53564
7545
10661
7785
191334
637
6435
171350
8132
7410
4833
8205
4911
173517
97
5661
6557
7796
178321
24628
10044
8410
4211
484
30046
2333
1749
96
9101
4670
521
12227
4551
1191
13838
7189
14575
79408
170232
170994
170877
172150
170174
5975
10434
3620
19241
1274
7346
4922
6712
6060
171078
2131
38874
24601
6054
2019
7431
1994
9384
5164
11718
8446
30503
5551
10807
171205
21948
6958
12905
18955
3714
27380
171548
6663
4559
171064
4950
30945
176342
9076
20763
2497
8901
1777
3381
162405
10459
6152
7261
7875
8492
1225
10494
25417
9328
11023
11527
2821
42159
18764
8166
3646
15425
2535
9712
5790
1043
69619
36066
8836
242
15341
8156
170422
6849
16911
3968
5141
13295
14944
171524
8246
2425
63663
2873
6977
2382
3621
7253
61
4776
5106
12630
3575
8190
38593
11591
177356
6560
9750
15845
1045
18939
3241
5405
175315
2586
15120
6607
3619
4939
17388
16261
14408
42117
3502
754
4220
24156
4790
170564
11218
9109
749
10606
2831
13237
170579
2899
4327
2542
44675
9230
8343
199519
3976
170963
12878
2290
2718
4927
4738
188635
1805
15208
19776
3972
596
11258
248
3776
3979
170506
3434
2805
22158
12006
24302
3296
4727
12200
6343
1911
10941
1813
1932
19079
15979
9893
34702
896
15215
3152
2134
1745
177993
932
9066
26666
172177
6211
5775
14517
11444
43067
54251
4219
7968
12855
10442
1859
4530
35527
5214
4659
11144
12610
10235
5979
6543
22841
8580
3122
7806
4124
1732
2054
13976
6795
174336
170317
10749
5972
2031
4797
171043
5381
14807
2043
392
169949
9910
10772
5954
37457
24409
171342
20737
5303
4181
3537
15957
14186
650
4391
4191
6923
2329
15377
13263
1767
1258
589
25875
6387
4956
13730
11156
4880
8685
3053
3277
1635
171923
18202
18320
3350
8613
29748
4472
3798
170640
170216
5054
34597
6357
7117
6105
3060
1588
4702
170488
1890
4974
25984
3884
6973
2952
9398
16109
3751
617
2012
9170
7677
6362
3278
12468
12478
6990
6302
4748
9527
94153
4060
1781
3117
2854
18973
5598
6757
2439
10669
12805
6914
22982
6511
4177
3915
13697
170361
171845
8032
8242
7620
171713
20409
53453
6082
7898
7718
95107
5711
170364
22426
1908
3820
170631
3124
7031
13725
4502
7632
3136
7944
6154
2956
172560
173478
18802
1031
194040
2503
2827
6355
13244
10800
827
7007
152152
170676
21239
32425
7529
17326
398
12553
4090
170705
11521
3242
12458
24493
3529
3758
10509
6250
14183
4566
1353
3327
11977
12230
184682
10536
2876
2225
4222
172023
3879
170586
1926
3721
4546
171100
21719
56017
52451
66381
43838
21860
30038
86168
11667
5015
39363
1520
7233
12840
15482
11326
30496
1685
6171
11272
10279
29829
1057
61688
1803
13092
644
4145
170900
174397
10837
170309
29545
41368
171170
7052
14718
28721
24431
4711
1063
2212
94561
9048
1140
226
25385
21249
10305
21712
12621
6380
7964
7697
6625
8432
14482
6316
762
11098
3913
9362
4030
9569
47962
12899
31913
172052
2484
40542
13131
27365
19729
10022
1525
1121
5325
5599
170069
170663
35497
10919
151422
8061
14619
5843
24921
22510
2078
740
6349
11484
6562
6676
12219
170387
9117
8618
7635
171247
13611
5281
5868
21502
4255
22242
20893
13127
4885
2747
3536
9663
879
4751
6964
7064
8924
16587
171513
6931
3431
4952
4747
180687
11835
13229
5402
14304
29690
6106
6238
3543
39220
2549
19723
1326
61623
4478
13185
171919
10428
3269
2632
541
174142
20427
8285
8957
6453
4226
172209
1314
1366
25866
170569
21662
19000
22033
5099
5257
10407
6946
5232
171264
10300
35727
172843
6664
13853
170999
1609
4229
170611
1364
4230
3983
1625
170464
11665
18398
3246
23720
10564
11770
4635
8328
6473
5188
1686
170717
10141
453
10781
9526
6146
5029
7333
7936
19121
10077
4368
5510
738
13643
3026
5268
7909
2568
178320
1055
6252
2006
6411
171104
3487
7110
2456
7871
20335
20491
192915
12586
3533
3272
12726
14970
7318
25137
5689
7476
4763
3320
2373
9410
15625
18462
20167
17199
31703
3744
170615
17489
3187
15365
6669
2534
7580
170288
13093
7942
10356
8486
16439
2846
5304
5875
4248
12661
3905
24095
23285
2127
5902
6951
170930
5262
3036
2480
172607
10652
170576
2537
5597
19269
15015
5180
7075
15667
49475
12897
18074
4896
3914
170191
23602
4131
5368
173344
171134
5684
16413
3974
3147
1006
12092
12702
9633
2442
159224
1325
171510
11287
23762
965
8678
5886
15641
4142
7531
10035
9173
11176
3134
170970
173632
8009
6582
2680
8080
25882
6042
9290
181342
7141
586
82582
30949
14533
9082
11132
170503
9134
2367
14661
13469
16355
14960
9786
10208
170597
170076
37529
1572
21678
173497
179721
52629
18322
18170
6778
50750
2612
198312
3462
16288
407
159199
44901
8653
3746
2143
5983
149511
1855
53495
11540
6565
228311
12798
961
2391
12529
172497
3953
6332
53102
5878
12949
6047
5095
18845
1653
19488
13290
173775
6707
10137
1841
8512
3802
7650
9695
9447
5676
21532
67252
2674
10036
225
53022
149795
19432
7949
19606
7125
4315
19324
20943
5522
18948
3962
22428
3214
16248
22474
40271
18217
16661
10539
15917
7756
8129
4764
69532
1435
13255
9826
923
14066
171726
9078
419
1501
3572
8739
10695
171697
22914
2056
6697
172249
7652
50910
64635
38973
1944
13464
28317
5223
7621
6438
691
15541
25593
7738
17574
3720
224
26799
4487
8583
14865
41748
6283
6381
36902
6455
4652
3755
32736
8440
94
4091
15780
6486
4286
84910
2082
7062
11087
50115
14442
5437
12345
227
22299
66394
4734
64787
8173
13003
10121
3451
5854
3430
17593
8302
8772
9473
5521
76841
175843
40479
3061
171058
24722
28169
171596
69217
171858
109
3377
6323
9561
52889
772
170746
6122
170541
2865
66215
14710
1365
8737
3367
49124
7733
3412
8060
24844
171332
11743
12400
18095
8094
2376
14203
15654
17313
4864
20079
5715
5880
6255
79071
5392
36286
5407
19084
3038
19003
42339
15226
7988
4029
8587
100
7455
4489
23396
32242
18336
1713
6761
11189
4946
12961
85759
2543
10321
29805
7112
4204
2640
25690
170837
10923
2679
1858
77012
2715
8742
31686
2502
6572
26533
10960
5335
182634
6988
12366
171612
2298
8490
418
11282
12841
9212
10247
25439
54113
18986
16547
4384
6195
14827
10072
172140
7966
9483
39626
16140
2729
10680
15273
171684
4884
8585
82755
171193
607
20416
6319
3833
4429
176015
57774
9485
1958
11252
26398
19037
897
2595
36760
3549
22893
8753
11128
4729
4610
2694
9417
159139
6531
153486
18354
173492
6813
11148
14156
8992
53995
22743
4361
16401
14856
36724
6844
48939
7055
7515
6611
5211
170864
29158
25901
14791
22687
23373
5075
2929
20658
91363
10287
4936
1564
69215
191011
2344
1956
30931
83735
171922
2121
21320
2413
172161
7391
1566
9523
81986
174281
8095
14209
10113
750
8409
24110
170984
2992
11292
10029
8545
8298
123
2500
5096
10939
15808
22442
170987
19980
4310
2648
11652
7792
10289
42196
2803
4594
2893
3472
5861
216467
3667
1235
7028
25262
174724
4050
7108
231581
4680
17534
4577
6038
6599
11523
4209
3394
2276
2414
26707
6107
410
122
172820
15388
3040
7842
14426
4274
3035
1409
1376
149794
1712
29828
5222
1816
14403
6826
2275
21676
4664
2723
18749
3371
10643
12554
13245
13047
4507
170379
171641
178299
4807
5394
10782
170383
170893
6090
18835
14857
94241
7899
7708
37545
27946
2038
175017
1600
2911
5236
3706
12889
15909
842
180767
6742
6898
16451
66163
5150
10549
4944
8036
171370
4749
7691
27680
23336
9495
16184
170950
22567
171333
9305
6502
4556
11396
17839
4618
5082
58224
9191
13160
8275
13217
6763
50894
15703
768
89116
172346
175752
12356
4439
18856
172609
79736
11230
4161
171375
4737
15048
9444
7441
4713
2434
5111
3902
171898
69361
23607
3222
159077
11759
17240
26595
10495
187093
170543
1728
5591
17501
21071
21819
27568
56736
4465
244
8704
8303
8640
5637
2523
4041
171999
1037
16357
8404
8307
1421
4309
91684
15181
2639
4846
16713
3127
3994
3959
12963
13412
13437
3564
1192
2754
11291
241
5484
11690
10886
6649
8976
8516
6087
16984
8119
3237
30817
7890
13061
10587
8632
3949
12546
8472
10834
1269
25898
10134
8394
4520
180534
17249
16639
14175
35829
10853
34737
5154
7432
5821
29292
3645
1671
11719
3039
9203
8964
9696
44341
11140
3437
3741
40281
6022
13065
779
1875
46157
11354
1370
16545
8255
9666
3202
3490
4584
19017
7802
3362
5927
8413
30491
630
6922
11222
2430
7210
4532
44747
64624
7569
18884
2951
3608
11886
171406
3795
9883
171041
1981
24289
6739
2080
13180
3013
13201
244764
8882
5204
2283
14012
1975
29013
8028
172906
4009
8390
5713
1310
5987
169847
2913
9630
7820
2041
231481
11059
5706
5102
10583
170293
7574
4102
3743
14868
6905
4545
1354
30243
8024
2836
1579
5351
8405
60026
19379
11143
222
37853
31907
9664
5228
11401
16962
36737
5840
11988
31309
204497
9324
4928
7429
8586
24508
31812
48920
23220
73993
4744
5606
15522
174229
2533
11722
5936
172087
7530
171732
7644
14095
534
11160
6912
172659
3109
3359
8727
3325
9029
89949
4037
21675
12420
7941
6750
10765
175506
16311
6144
3172
70215
16068
85552
9238
4254
12102
2733
2128
9476
6627
2813
6791
6517
2764
5225
3563
4691
23815
2216
6386
12261
171743
178928
187115
6504
2347
3926
12906
12571
10804
33393
173549
19313
4778
175429
20660
3388
3651
4149
4667
7077
19914
7155
1550
9761
172341
8552
8638
14003
32286
171958
9642
1053
3662
619
11491
23211
5786
1101
15784
10206
5857
6616
7026
9997
8338
20367
15822
30320
52250
11960
171353
17120
18151
7695
7374
1196
236
4098
21128
29099
7185
4451
3986
4842
10966
10249
6866
9645
1448
7615
16617
26027
4543
1265
13429
1674
5149
86611
5118
15854
61429
172667
2330
32191
41006
25569
8928
26709
4612
21910
5895
49078
2036
49812
173022
176425
8220
3226
7830
9986
243
11330
8868
35927
29339
1516
5039
98
3081
71136
3071
3240
9163
9284
5137
20018
6859
9364
2396
11917
8482
8977
3460
2368
6722
1015
1058
170603
16173
56374
3423
11559
8962
171084
3045
27188
11781
18097
5487
12244
17110
5527
10902
16346
651
171618
7285
15734
13239
44646
9450
22537
7598
6681
63957
20159
17774
27779
1929
3284
9808
5887
172870
1454
7045
3922
5048
9525
3125
7588
1093
31138
9845
10108
5003
7078
8991
7087
13064
1554
5251
980
2862
11663
5564
6638
73144
1178
6053
8887
7018
6596
5365
6070
1797
9807
2630
119
7004
4400
1804
17349
22480
2210
210934
222066
7397
12980
7088
12650
10042
25170
54381
4990
2271
10897
6310
3615
7636
1718
1511
69198
18954
14170
26314
175250
2562
33920
2433
15963
3058
3670
13965
20661
66604
17432
15867
960
5327
7508
81235
185691
3099
9510
6463
10379
32899
7745
8211
918
171882
4252
19926
14593
17480
3314
11715
42181
13138
172024
171616
4540
10499
171979
25296
21264
9714
8053
1158
22633
60887
19883
5062
1308
4674
2649
16576
9509
19335
7008
6900
8100
21111
88315
8606
2870
3812
32532
230374
200733
3445
151421
12031
6847
7560
4167
3886
1218
497
6440
9679
6903
9657
10399
250
18785
11378
9721
33995
19096
770
6765
1247
183351
6245
27973
41042
6205
15742
2688
13661
8421
8097
10779
13932
11497
13413
9210
5170
7056
170655
172850
13753
12489
6568
68796
17827
9084
11324
5601
3840
7575
12896
11096
5462
24642
13446
23967
2767
15514
173124
1796
174047
6695
247
7663
11525
3814
12073
5914
14107
13819
3003
14837
6052
19724
13265
1693
11927
20236
3938
5565
3622
4322
8197
89219
9155
18363
5069
14103
171804
180567
8785
20103
171080
212382
4374
6183
22576
2213
8807
5269
4462
5891
5415
171660
209909
6875
38910
3638
170613
9988
19675
8104
4460
13609
7776
27929
9257
150018
36962
3455
11068
6999
171289
11782
15203
8434
5576
9222
6466
13528
37748
15005
14689
7963
25223
18664
20627
31508
31830
20266
19449
39242
116
71715
17778
4979
2959
500
1449
6920
17655
57561
185224
185442
235653
11108
11113
12888
4528
12495
4013
6061
8851
170696
6405
5524
712
8259
17289
9041
26929
171773
4697
7059
6260
17169
12754
1748
34884
11883
4840
23940
2327
173098
7193
2257
3616
7884
18561
11504
3004
1760
6992
18508
15531
3847
3719
19228
172650
6775
9787
16897
10507
2179
171066
3392
6851
2977
5091
71570
4055
51107
28280
3432
3444
38144
185330
19818
3829
818
7208
50766
2700
83708
3218
655
9989
3186
12662
2571
173940
13866
32928
5279
4087
171072
946
15698
9400
5763
13427
5717
22987
29187
11898
8274
7784
1523
5726
10598
14387
481
4519
110
4836
10660
4997
11136
15529
937
13779
7309
18141
11535
11534
9253
1046
19413
14572
10813
17429
11093
210432
10579
7463
8366
25514
149120
17724
17790
1202
224716
170654
4841
18092
4987
17483
6885
12309
5737
30955
6043
27962
19793
5302
1374
20375
4232
14727
9676
172039
5687
19573
2817
8509
15680
10424
3474
4243
16561
17267
6220
8418
17278
32385
5916
5620
37999
1626
19866
38038
6974
4627
5248
14810
2699
18169
53709
16441
8150
9492
5190
17670
172295
40092
13029
10877
13851
48153
170657
171972
174752
6180
16332
64288
22240
3191
18870
3588
7449
5313
2247
40013
19996
42677
15878
11343
102
31645
5908
7430
87593
14586
1984
9309
3496
6198
5899
1002
5372
13222
12698
9875
21711
5200
21979
4694
78819
3655
7955
22205
30317
11768
7678
4173
153858
10112
8934
12704
31286
171341
4499
4777
6857
23801
18038
20364
22779
6169
148892
171875
182424
3083
5077
51576
12925
14873
10672
249
171012
172432
6836
3223
16392
11057
172888
178464
16674
17529
16614
17435
17175
26977
13654
5883
32294
5359
12182
60692
11452
9054
10970
14596
16163
5582
13605
15301
13234
13238
9427
3356
4802
12955
15982
613
9372
146
25832
5285
9016
80776
6834
9687
7547
9184
2187
21312
603
173921
188181
18001
9268
11543
6784
9771
170243
2314
9032
14392
39823
3977
10490
20065
171130
173551
4273
13538
9599
2835
7542
21211
4866
10270
16336
3534
7379
4470
5055
4593
10166
714
171959
14327
173674
10811
4801
44206
29822
10217
2915
14174
171218
1742
5454
17974
171145
10504
11607
6085
9389
15580
2196
38206
765
13827
15521
1910
2392
6379
183411
22006
8341
6269
890
19212
1702
20751
5855
170276
21477
11384
3513
13315
19454
3132
14031
11265
14371
7353
4378
14456
5346
2473
8329
87340
31443
19221
5952
14315
5474
15019
22064
14995
150534
12938
11712
10537
31541
39202
174701
32139
218747
66306
2998
6845
11811
4515
14000
7975
18890
5882
9057
5418
177378
22290
610
7511
9598
8373
13259
3875
3730
39321
7305
2386
27984
14163
2561
16676
13766
7714
962
4431
9956
11687
6487
181188
19947
3188
5536
170878
8866
173000
32629
21764
14639
12937
2139
25499
10535
149058
9964
9381
4873
44231
171868
18660
9677
14115
6434
20196
9810
16044
5742
9301
23655
22641
172302
177336
2737
8814
8184
37962
489
9215
2617
7863
5315
20833
13924
8120
9840
6536
19044
4716
6538
170207
7773
10521
9416
12347
20016
1705
18774
5287
1327
36478
171757
6653
174314
7836
11961
7039
8187
10503
8033
4575
177911
59519
36934
6952
10774
1119
9087
21546
11963
3256
14055
9432
83341
27866
11408
13161
15987
10426
4595
8762
18196
8402
5780
12539
18073
3069
28633
197415
912
7116
5865
10039
40648
173425
17931
10462
9471
16603
7174
112
13849
4425
6469
9302
4003
172124
240005
91860
7984
2615
8018
172088
4649
22778
171883
4072
1985
60569
7831
22187
38428
12987
174446
33933
15768
20930
16508
16838
5964
30092
27666
11771
7711
5167
11756
7196
24554
42449
11969
47887
62057
170894
4808
11453
12417
159560
1607
16195
13044
11347
616
25919
7489
993
12578
1347
28899
4036
31664
7881
4195
70246
12606
171199
6333
151392
12418
10002
8878
12348
5751
55710
10723
3760
4653
172084
22471
3164
5022
64053
7418
14601
171223
173440
175979
86244
14977
1953
6634
6645
14665
6672
8635
43098
6656
863
6830
99
18909
170645
9237
9045
16979
5382
166
15883
1107
13305
188798
5259
22901
8243
13257
174037
29358
8684
2538
170328
2522
12004
16491
172711
3985
17118
7700
46209
28513
6000
172416
7129
1041
3866
6564
8305
5647
171032
172201
11946
18118
2132
8637
23775
32050
11145
15505
2325
171234
1683
14307
171943
252
3982
8563
11640
18448
95
3488
177730
12097
8680
8245
13205
3729
29764
11501
172674
21695
2855
19535
9506
51338
23198
13996
2796
51129
27445
178055
13176
25592
1336
153493
3340
3101
12268
171263
43401
101
7947
171249
5548
170833
14677
9367
58130
19845
1286
7900
21344
12168
9846
2335
29275
16653
5445
235
12050
173015
174175
10144
6365
50081
10548
1391
3403
62375
15411
1249
10865
2685
8858
2669
3591
20633
11072
3697
12285
160920
173030
7976
24379
177935
1515
5640
33116
12306
183653
10547
25433
12177
7260
14527
17606
37247
170510
29663
171672
11597
16338
2004
8003
171837
18826
9953
8639
13121
10263
17187
1993
172641
13067
170490
172058
11158
16648
5770
16012
17553
13274
3865
149386
27024
171630
15731
13591
5448
68762
11618
10155
4415
7780
4205
31022
46681
13745
7156
6630
11469
1408
38681
11902
16511
4332
6311
51178
8191
3545
7421
19768
10242
2559
45224
15659
9186
3494
22150
7995
2601
24225
4762
14912
29298
19633
113
1254
170788
8214
17861
15119
4228
7739
20006
4684
4054
3981
171586
2983
1026
6545
48208
23917
1280
49753
1655
12613
10392
8735
21648
27853
225002
30306
3911
10185
2651
1828
205440
52129
21801
5101
56514
7604
1123
4792
1592
2055
12387
6636
16138
6832
85976
8176
4100
3022
6631
5922
3944
2779
6570
20425
29993
9833
3822
173730
10684
7170
8015
38614
18213
6184
6397
37978
10993
4923
18003
1307
174193
178426
1833
1927
121
11386
32616
31144
7929
2230
6745
16905
22101
24129
3806
172578
173090
176283
23208
6007
83153
11340
4156
36346
59173
14046
1616
35159
13498
13190
8646
29233
1568
19954
12184
6602
170418
4253
75297
2440
2034
2793
13262
212088
1977
21933
2625
5444
16242
72416
12876
23167
5065
12760
22756
1887
25975
3163
9125
171412
5986
12870
16493
10377
11510
7751
10964
14835
12159
1940
30638
176406
20613
171816
5282
12419
171331
19867
15910
5876
9766
21350
9870
8114
5231
13139
12279
10151
3193
1888
4920
13709
5383
4450
15796
67265
56018
7239
19707
29635
2208
1825
148996
15688
13400
7761
7757
11788
16659
171162
228
35900
6639
5343
8645
15965
35766
29386
12740
8532
4165
172164
171589
8720
7303
9585
23816
26791
3258
18958
6186
19263
173755
149394
11035
7143
181572
212778
21047
9019
7594
37935
7123
7044
4336
12694
14541
86284
10314
13094
51831
173350
5261
11240
22165
20192
19827
17975
1897
7698
2772
32820
20453
2318
11454
1806
9948
2994
13375
9669
11013
12078
24331
9012
2098
4448
11878
22260
190423
11508
13842
11256
174930
225388
32594
10031
7199
18600
20173
5649
29587
12615
12808
7892
171435
14344
5253
192345
11516
4290
85717
8369
1996
13393
4848
2095
2466
1642
170678
229437
10232
941
672
22183
6398
20904
5981
8597
4592
6701
172378
7779
13329
7003
15519
8046
9637
6132
27174
3092
5373
8006
8959
16803
11488
26103
13325
6121
6529
14151
57980
8317
2652
174940
2138
178033
10814
233
150244
9065
3435
17496
17424
4909
1569
18157
649
6587
1038
24164
170932
11620
8273
11421
7559
3319
3967
4968
10365
15342
9977
1187
7262
8491
13483
175791
17428
174386
1410
1967
16335
6673
28623
9356
7339
3771
6326
14394
1145
3064
10729
11955
33741
16580
3485
7263
24526
10378
6179
25658
12749
11921
1836
14229
9974
11792
188349
1736
7331
3379
170773
25863
1652
6901
2246
13804
21316
11971
191461
17622
73666
3895
171847
1775
2762
7987
35061
24929
21048
8529
12485
30173
2476
6608
5593
14581
201667
203109
3510
1460
37299
5645
13004
6391
9885
12109
10744
66291
29125
13917
13273
2978
7041
6853
19982
9317
64666
13979
6503
12750
25358
91514
24480
16737
33178
170698
190677
1871
9675
172855
14386
8839
12713
12105
26954
25243
17648
17300
200387
19363
57074
7139
37838
18499
14129
3604
3803
185950
49620
12174
24249
12669
41066
5416
7006
5396
24062
4330
1874
153261
4719
17066
17884
5552
12931
27713
6337
43240
9524
8022
94785
174233
206789
236406
19498
9726
5860
1741
14780
6612
7838
2922
23099
49190
12618
6067
171638
54265
15527
172691
32788
1266
5067
18348
11888
8365
175461
8555
5478
10485
13762
19122
46611
28649
10457
8972
16148
148777
172045
7146
3757
1873
27789
30101
2399
149277
18734
64528
6363
77933
54107
10832
30987
7557
8806
3282
3100
21025
41803
1730
149385
2575
37630
20249
4101
10250
22934
8818
5457
1251
18101
40315
13685
11163
5849
36517
182857
1715
6906
16698
26247
193148
8423
11261
924
1883
19397
21604
10872
1176
162381
13860
12080
3289
3762
8059
3491
9307
17963
36834
808
11325
170707
173769
2418
1931
15777
13673
21587
9979
27734
12644
11635
18875
3167
5357
10597
9334
18143
6743
5997
22744
150251
170745
178295
27882
37462
1244
22452
7474
761
16290
16993
2787
8476
7786
49335
10942
44922
33593
23223
22250
2877
12908
36695
28361
10577
1982
48783
2513
22281
171981
8526
22087
22839
9500
8556
9103
65500
190737
5847
34713
9387
17810
5829
19463
5053
3196
31142
4160
86629
31736
20790
26202
35461
9605
22001
3260
6165
14429
22362
12253
34841
170622
172138
244014
24281
52179
85144
3903
170867
173193
22495
12039
45736
197456
40301
14211
18423
9102
21949
12044
31628
3852
5738
4839
163025
40790
20310
4456
2553
160356
22599
170839
5404
1601
2204
2037
32775
3360
12052
7935
23773
15693
9610
53312
8386
11822
7839
31337
9715
17600
7855
171706
4851
4565
23891
240
9665
153154
5434
4844
22555
11653
42937
81816
13211
2954
38617
14246
14078
5298
38486
64777
811
16855
171712
150016
12278
7914
3033
2287
170711
17535
15546
23095
2024
10616
609
174939
8699
34020
163803
6012
12320
9467
13210
6521
20439
41341
9774
182175
13368
9952
7128
35448
6196
29372
6850
170778
10615
18712
12607
56875
6696
38197
8406
16082
2588
16820
55164
2751
13196
6957
171316
10427
9861
17587
18164
17772
13171
10105
9261
758
9463
10471
30802
2190
2996
176403
10756
11832
21087
21681
27776
8984
19081
17762
1662
5332
171106
149643
77923
4786
19265
28414
7071
23194
75468
29375
31609
179571
14935
91058
28487
4168
71714
108
6925
19072
19963
3262
7043
9348
8610
2948
82212
3438
43806
1983
3366
19405
4269
95223
11248
7385
28497
8687
10010
6418
9486
8159
40337
6470
10574
6618
19797
11319
34369
28404
8481
57208
173089
178562
48502
3692
12480
15899
2469
3044
171110
8005
11839
26055
6907
20776
1794
4826
2696
44331
9232
1300
11592
186847
10419
3351
32561
6086
1737
26691
10333
8087
59010
14159
14416
483
12266
18471
63903
172317
6706
2570
227333
14168
9608
15751
22466
4158
174348
9581
12923
7491
9967
2623
8952
8376
11991
5746
14557
50454
7009
13177
18147
76023
8969
26196
10041
9154
50596
23158
171828
179200
186705
8949
7770
8530
13731
8470
7800
9888
13841
3107
4710
35532
23324
62843
8601
8674
27509
8543
12692
166802
23572
18054
20070
20480
17065
6384
6041
171515
6338
19382
32620
32903
41772
174214
7694
15376
27664
35810
4306
73211
4791
172314
14296
6862
171475
178510
188981
15500
13553
15579
13379
173763
22099
28381
8698
6590
19229
43265
20507
9010
24424
731
10573
28791
9628
7878
171490
206519
24094
2686
16434
2266
26006
34952
5182
8844
1726
3065
6156
2777
7182
7330
15006
23756
5953
12755
10650
6241
10764
16847
7249
12503
14073
8049
5473
171265
172170
4783
22499
17295
11697
9781
24420
5378
12851
9522
15598
11733
13358
28440
28502
251
2016
12640
11801
19978
213644
30584
6637
5146
1181
9699
20441
39008
13653
18612
22248
12806
86616
14347
4479
17465
2797
3957
172265
8609
32226
611
170803
153250
47790
27577
4342
19873
11165
14884
15955
10497
16693
5740
15840
7544
10937
36944
19411
89009
4440
5794
5545
14717
172406
1812
3599
6322
6258
13125
17597
11210
12465
44484
173783
255
10278
49991
8820
149279
10551
16152
4766
5014
16398
11315
19251
19204
29834
10003
11789
182476
197964
86931
8412
15747
688
23140
18989
8001
34029
1583
9784
31230
25679
8016
2178
5988
10458
2627
21617
10530
24873
3631
966
8856
27141
2309
15142
178472
178724
16348
20618
10488
10357
1129
11306
173410
21894
3313
7578
6769
40398
6416
28173
46377
3161
16094
1447
5514
10636
13769
12124
6334
11648
172584
36920
26587
11767
245
4019
9468
9108
172458
193369
8799
5888
17556
24374
10882
44887
171137
13419
9831
32849
3378
20667
4117
14051
10563
21857
5198
191116
12626
9133
4169
38095
6717
3225
12636
9221
10445
2010
38958
6945
38764
30719
14698
9978
19371
5350
33525
6687
3996
194817
17629
16239
6340
20915
21631
59108
22258
3138
13892
2609
23142
7512
32088
32638
7551
21544
15681
7606
11817
11169
15874
16912
26030
8280
185417
186724
16728
8873
18194
10266
14358
2971
6040
4816
33331
7867
7715
29389
8996
4300
6477
171700
36777
14402
14608
5000
193694
13914
20817
2662
30703
28786
8906
24053
21621
9174
170166
10775
16703
20625
3999
4741
8138
8441
7736
24545
40600
4351
114
31392
4500
8855
9421
2304
19061
7563
23210
20649
5163
17789
4879
170159
174766
33495
76646
16536
8751
150249
14947
87097
30551
7703
2703
39481
11550
5362
16923
21993
9013
7552
6811
3339
6212
3946
7506
7494
2602
6516
982
14669
9827
39226
6561
5226
3243
21244
44717
4313
12103
7728
5348
29210
10140
60076
13755
5851
22305
11810
27571
92624
11693
17482
33922
675
2920
170786
177399
23456
19567
8427
7283
18533
19595
10465
11313
5109
10451
17939
10084
8448
25974
9150
24491
1766
23311
15213
173892
6948
17673
9620
3701
15194
19474
18910
4717
6328
8090
8385
14733
18222
23859
13117
23173
4645
23598
5830
17965
5816
172035
11456
1547
171163
899
4159
26565
17044
2908
10364
19025
21094
16111
9052
16155
5195
39049
12360
4623
21738
9981
34517
9393
15964
61546
18162
174527
175140
193736
30047
22737
172988
6001
12283
53439
21179
21403
29320
8938
23104
31424
12300
1552
26629
18185
92926
2628
29308
159034
24790
1864
18433
186181
176024
17297
12454
13167
4980
9923
9672
5479
7799
23608
2285
48407
23910
27877
3663
222185
4443
10640
5853
30253
18678
7191
6855
177165
202063
11842
15050
7860
15705
16061
4503
6273
23314
5781
3583
8179
13418
1487
7202
8712
13434
13640
4319
173564
8099
14554
20259
44588
3896
163772
21647
27826
25642
68408
7181
11870
7083
13451
10350
11727
159640
5570
56153
14388
2932
11205
170589
173570
10858
5584
3094
41571
2101
26032
8172
36246
8930
8363
35188
149638
93868
8921
3637
23302
182016
14059
91896
11882
12258
6449
12204
103
9668
32208
8483
13227
5725
20086
1773
7998
4677
13852
2658
52662
6777
22918
17111
20538
14185
56246
21427
4428
27803
20053
6995
5115
10906
180525
7841
26596
104
15885
7090
13140
24471
6385
26934
1679
10984
13145
6353
10296
3072
18004
19026
1832
20472
42406
6280
26096
18252
6699
6541
36521
7834
10843
78784
172407
173837
22477
29410
16531
963
43328
7459
480
7485
4745
23090
152240
24827
20923
41908
28637
4356
11126
22125
2820
11696
174956
18189
30314
162808
18987
8445
3303
8286
2973
9602
78001
3854
27932
6459
10020
35513
11099
15318
23286
17697
12909
3997
9411
180449
171015
17082
25472
15337
6985
23283
8842
15895
8757
1663
8268
15608
6864
4992
14808
3173
8689
193403
15697
16063
13676
9867
38435
13107
12568
9777
2402
2154
17872
5213
27690
33053
764
11573
43488
41985
12350
10625
5337
20459
1959
7322
10142
15578
19366
37270
3975
26413
27897
13787
5147
15741
51470
14834
15292
15089
32043
22115
6643
19857
9911
173087
5428
2683
53867
4742
10220
30481
2829
11310
17722
45693
3244
43248
4010
14534
14499
22523
16829
182542
22666
20551
11141
29503
4750
12250
171602
176065
194578
12180
27030
10403
26033
84226
7315
12832
201196
3105
43739
1096
33910
10778
3184
7647
1443
3024
16107
52157
2211
9378
7407
11429
171621
12254
4190
148977
15537
13486
11241
25857
2987
8725
16496
10708
151430
11008
7148
15818
15440
7737
27732
7798
3276
7732
14505
8599
41801
11431
14004
46339
10786
32048
14154
2530
11109
29695
53278
20711
171344
29080
201605
16764
13915
17130
55121
12189
3843
40049
16876
6474
3993
10770
6781
8162
11284
12118
58146
5602
4038
24847
27797
2148
9214
32469
6642
8862
12041
47092
11043
5910
5173
30566
184716
76637
15981
52829
175415
191327
17852
4847
11040
24486
186672
187539
15551
12263
21126
64842
105
3268
36523
2295
48959
21440
178876
5464
36535
6103
19998
1240
26354
27769
7639
28520
16213
36180
22631
8058
4035
38155
7320
9325
12517
16691
7426
5371
10320
19024
13088
173480
238891
20994
9217
9176
170951
10239
36463
11433
2262
13761
13909
15161
13343
172999
17479
15833
4175
7828
20455
31983
940
12867
12656
10218
26448
18675
184534
14176
29939
149057
173343
14097
70381
27035
13481
59490
6077
8574
20194
11546
47133
16952
11006
3221
27045
10201
20794
13608
4242
25899
15948
2659
7920
3088
53661
32022
8963
13983
15234
20292
171925
177028
10481
11930
175327
1851
149103
18542
7176
41167
39571
20153
14913
3936
4916
9034
19040
172648
7584
10968
3066
8288
4804
28445
13702
56530
134
7734
30624
28113
27472
4602
7435
10716
14525
5108
17628
15573
1016
10644
8615
4767
11283
24297
27198
1361
31446
11518
14495
15131
21871
3891
2206
6713
4442
90805
7849
9868
60750
8679
6648
171287
181915
208335
9104
8604
16570
32966
21568
17149
3950
10286
14882
23556
11717
12433
6532
10382
20226
17926
9262
10335
23522
20888
5486
9112
22864
22263
37531
2260
11352
25095
16045
2244
12572
18117
20768
23270
31258
115
11689
13299
5126
20973
4466
8511
39764
33311
27574
12784
6657
5330
92480
1315
5139
9017
12054
13670
170975
6130
21004
22084
37169
1549
8144
10090
3710
171695
172627
174292
175614
196024
60275
13513
13514
72613
66408
12946
26823
7250
730
13592
18091
3515
33111
182630
28954
13797
11425
14009
16489
7993
57038
8254
61685
17732
9900
6776
26849
2856
5246
13253
12169
42333
17814
15406
9651
53997
24834
1665
8318
12757
17045
192755
8479
22936
14110
22992
7912
7469
3273
171274
16815
184002
14890
18469
17268
4650
9880
11164
11816
35612
6331
6290
7337
3713
28365
31785
41114
6979
5026
459
179440
9896
4696
172121
22319
8790
11363
8702
19187
16421
13600
24060
174523
4089
15511
6497
20243
24023
10875
27020
89405
184478
7035
77563
2355
14932
37433
232
29648
27519
42203
27329
9111
4603
16324
841
48282
1574
31989
180984
26387
14571
22589
2237
20100
176197
7450
14923
8566
4508
28448
37689
17740
6868
20868
28358
33354
8831
79194
8557
9343
7304
1180
13373
10922
3501
79182
74927
2506
7413
15394
10734
4989
30141
1678
10944
12226
13071
7344
20161
3335
4134
7017
29460
44778
5758
176569
6803
6892
1998
3143
12611
1372
4053
66875
34707
9682
3148
86570
94246
4630
149274
11348
7662
23291
33126
11633
6533
5793
12178
172731
176562
14198
9797
16699
17803
62455
20889
47719
14378
68974
10014
24194
22268
5948
8151
13042
6068
20664
20499
25880
4023
22581
15059
9412
5237
22822
17060
2771
173999
175897
11173
59533
5294
44361
40080
16329
2312
13228
203431
9572
2789
11513
7641
61871
6843
12394
43788
21775
9353
8911
21421
27186
21130
85274
3763
6721
6767
9220
60629
48002
14208
14056
12817
37115
7583
14563
231
11847
3925
12033
23327
9815
40952
8520
20317
22244
6865
29213
223171
15614
22969
6424
11280
4587
14053
22994
15210
15382
48221
10402
22645
3838
171371
6546
171250
11228
174537
10562
17030
47940
6646
1497
21717
5903
3882
1028
5197
16431
25043
35904
151462
172397
2675
58276
5264
32218
17642
7234
7679
3137
10032
7693
19262
22904
149270
8079
33272
23103
10153
4475
16419
63337
7098
3885
1217
6666
8085
33902
190819
201214
8894
23525
9649
10620
18756
8767
20819
8121
5175
14761
4695
19843
14189
6263
15686
16602
4837
11795
9370
18175
13116
19649
19810
11579
25018
6276
15452
157481
196647
202761
5411
13969
6298
16427
8708
12373
10132
11483
8761
12312
40565
18050
31466
16371
27088
14573
16333
7198
190624
5218
18652
93947
7222
50867
14560
13319
439
16629
62144
171588
35150
44257
65418
18176
22076
24319
49936
11130
4890
4600
36457
18737
221948
6644
3285
12355
28562
6569
18140
12376
56229
3503
12715
35752
1632
4126
16214
19974
171871
175896
16928
20311
5577
17498
20308
3034
9936
73684
22958
16308
3031
29615
3678
198998
170881
12581
15078
26615
7797
16067
3700
16563
23414
5709
23331
174862
2162
19226
86395
4410
18036
28400
80490
8974
183426
20651
11177
14377
7808
32187
38737
29753
14026
11679
10288
12502
171226
7345
173045
6364
51279
1019
3057
13388
171221
172461
8265
25328
10731
5374
5103
5376
35420
37801
5692
41159
171945
6408
12541
742
1567
76902
22031
5114
6429
27915
5132
210712
8336
14590
4942
1338
19839
3355
172130
176994
8755
154060
16331
24030
42721
14234
23273
20120
12018
33781
8833
8548
10274
24238
50488
5627
12333
6109
14409
11995
18773
12881
1186
7120
70811
18075
26677
19020
10125
51946
38634
8979
6447
7905
7092
11038
3027
217158
6550
19466
172619
11121
7945
47535
175890
11683
2288
173550
46434
5333
25536
22892
55786
19875
5191
24161
2540
27812
56708
21630
24634
32443
4293
41849
2974
9247
189551
9128
5338
27460
21564
178704
22998
33305
18089
6972
13732
9050
34427
6375
24396
36630
9039
8925
9043
11127
5184
6833
17181
32875
37954
2897
4809
13972
3467
5681
12965
175274
13363
68944
14989
9731
26074
8377
21240
5566
2643
9440
12448
25231
17461
3747
17723
11496
22025
4541
2259
5216
23061
8484
8910
3970
51721
8570
177136
51118
163071
23029
6472
6235
4892
91107
22921
3118
2743
37010
177291
26846
84823
13458
9192
38531
24288
3459
7173
4850
8202
44010
1319
171917
170504
171286
5764
17568
9293
3632
2017
11147
15592
14114
18261
7470
15331
1059
35569
8189
3612
3321
58199
12277
3247
17955
10963
20759
7535
171174
22625
3380
80115
17851
24088
172120
5745
43298
35608
13001
6452
8902
10949
12933
11174
64707
23081
9358
14626
172290
11787
24119
12727
25864
41712
4380
203127
22545
22826
149791
5370
5827
2909
22044
10582
11106
24429
12948
149491
171575
181686
170492
2463
12196
5911
2768
63978
41864
18850
32675
18030
19739
6601
26093
16786
23964
8345
21622
13535
12158
38358
41549
3517
53103
83072
36010
65342
6253
2191
28279
42140
29118
5612
253
58927
17305
2135
225003
4025
12497
93355
4394
92085
15771
10522
19672
14453
34413
8568
149625
19337
8452
21595
38783
26226
904
175248
11327
9451
24101
8225
173809
217203
11000
13957
173250
8933
13968
18099
6829
15727
3796
28111
8148
18373
6392
14459
11675
22127
230
6937
13597
6797
11908
9596
10184
34343
18559
47341
35037
29166
173004
1714
18082
27318
17626
19896
9392
4118
14437
10255
18504
9369
14763
34678
19340
41701
27514
13043
3391
12037
17566
44657
43289
3159
22005
58317
10830
7278
15876
9461
11616
3067
8869
15339
9487
29394
1333
25670
14061
4396
3574
22882
16759
178512
14069
49531
3157
4069
23161
13505
28072
29681
29617
13891
5143
2626
170616
11741
89245
3486
9474
7859
12513
11249
8892
21597
33829
44521
10627
13558
5540
2969
12998
182301
200904
17854
16251
16586
10344
11641
10412
16805
21165
11450
2621
8145
13668
7634
15497
173247
23481
3836
28107
38135
40183
8357
30951
32951
7085
173024
19158
12588
10005
25070
5958
27745
28338
26097
22472
170260
172232
28589
8127
56504
9223
5976
25542
14336
1894
1854
17367
6133
171271
8389
11137
5736
3869
75651
17445
35698
64252
52771
172156
13441
17346
10524
796
86424
30533
12315
7251
7911
15047
31795
27169
29607
10842
11407
2924
10277
4083
14728
171148
8462
19260
26554
21684
14803
6046
8782
41936
17549
189584
6207
14362
4571
1162
35208
12287
13928
24553
1711
13612
48655
42118
2106
19196
7276
5506
29868
4458
11311
44936
17441
25216
12780
35169
174072
181694
230835
798
36435
6206
25759
7483
45831
9798
9502
23067
33825
5136
8454
16788
7787
19622
15240
7286
34063
173684
5318
10534
1687
32370
14813
48043
13933
182442
13657
13550
10000
23443
17093
2634
4679
6686
174224
13749
11091
20074
35735
9341
8153
1618
3736
41769
13715
19959
1221
12527
40784
174472
17720
26230
29840
40853
4289
5991
23913
32508
4267
3032
14133
171873
172842
186108
207032
36954
5607
174950
7076
9002
10466
4811
25716
46101
36247
5782
13791
8241
32512
37734
5258
6558
22924
8581
25786
4726
43716
17935
30466
23342
8029
8804
12083
6528
222701
172563
7033
15787
172747
11555
9546
11118
91179
185185
188637
197638
4343
6170
15103
11125
4088
17155
11376
8500
51206
32442
39737
2689
23041
18492
82380
24905
24328
5989
10346
6659
12363
9841
13798
2871
2918
14585
22419
209904
19146
3343
185607
10533
7617
5574
3205
32175
8559
28689
38712
5812
172046
170743
68810
4184
22513
16879
16902
10060
14471
32251
85497
64882
20457
7533
26098
23364
32114
41816
17653
177701
231495
13053
2089
9071
9472
6081
5996
173361
179443
13631
11036
6559
60619
25917
76559
1660
18310
11360
150915
11482
13777
45979
170200
5501
151155
171600
14271
66682
38971
24512
7549
10352
5354
53963
180086
185716
228991
42763
25591
40559
12506
32471
12941
17584
7724
74735
43467
14623
4285
22191
13276
14210
43625
13236
7576
17210
11720
19322
64366
7566
60843
60400
15898
19119
40874
74298
20629
12634
3280
20089
10106
15631
172878
175013
209706
76582
15238
5666
9600
15594
64504
69664
6065
23507
49210
6801
71370
28627
18710
32085
14967
26174
15675
11506
32776
35156
13809
1979
5179
13523
2377
10728
23316
65994
24747
7135
33275
192843
177819
199395
26309
10199
9853
1214
14706
67922
25949
17936
76186
12675
14599
17994
2248
2814
171802
5443
10476
34935
23495
30361
12850
15443
39286
16775
38381
12482
1470
151402
19403
185099
1513
13554
15162
12718
173664
174114
3535
2198
9722
8885
65100
13658
11944
10456
8843
2323
13984
16153
172106
11621
7972
12183
27489
8746
4982
20166
13699
30367
28330
7066
10322
18548
37811
8019
4302
31731
3761
171719
173268
175624
235201
50585
52197
69824
15670
6095
28109
16222
18271
4197
12953
28537
4740
5456
4180
10762
17891
16282
6277
29884
36306
14894
44784
13397
22381
19101
10229
25291
28936
246039
2459
88419
20781
18337
25276
14458
15738
6593
5686
38482
13511
20876
8464
17102
188243
33118
184380
7464
18295
54607
198380
8795
20863
79914
21786
25057
20921
8047
35807
19912
16610
16218
2307
54120
24188
6579
179259
29278
25224
5896
15123
12321
6006
58995
14202
35959
12917
7812
1128
25010
174686
172589
176938
18724
45735
27006
68744
14870
9806
18880
2501
5399
18920
3180
22371
5749
29546
26135
4430
14965
180034
182350
245538
14014
21102
15615
1125
7060
7297
48781
11933
15892
14280
7851
56276
7042
171842
20285
173182
37960
171175
29761
2345
37804
61448
6204
10272
9310
8593
14783
65714
14432
9279
3539
7438
34077
8112
8670
8253
7794
24193
20042
11339
12548
75971
2816
12711
20260
19446
23874
39184
43137
35311
35426
80861
22796
8642
24658
9431
5037
4511
5621
15609
25788
7843
66217
9167
20838
11531
3923
20067
72915
9229
8734
13988
25986
9158
20424
11587
51418
5618
13846
27832
11976
11214
33009
171577
7891
10994
19822
41270
8815
24813
3075
20974
28812
1837
1759
10098
34305
91463
11912
7029
16456
62684
29260
18076
27404
8754
10849
18007
4589
1849
15095
11369
9667
173158
14449
14880
19789
16351
47322
14233
10386
1762
22430
32394
189637
12017
566
37280
29564
13281
34250
14762
38024
11274
15049
7095
8106
14973
26893
3716
32751
20654
6662
2795
3062
12141
13301
1252
17882
15812
4028
9680
19643
12130
3581
63841
26998
3793
17639
11461
3310
4542
15783
10694
664
53779
17583
51451
20702
9446
20789
25219
50322
11095
13260
18964
10258
13520
5761
2384
15648
27160
61041
10480
72703
22715
7781
171509
9357
15202
3787
150547
194918
13081
181072
6589
11206
6336
160148
25544
5940
2875
15623
8716
13031
18406
19421
106
24812
16366
175050
11622
10156
4311
30859
49539
26988
30366
24580
246
31595
14750
22891
11119
82301
32837
12926
38739
12865
20267
196842
48540
6735
186790
6419
11304
2301
20956
31826
26218
6574
6983
20564
18098
37075
17353
21806
55296
45409
10164
48894
39685
15243
8098
3144
41091
34748
173842
175404
177110
178955
184473
14143
4217
17098
13579
18934
23199
21036
32656
22449
172481
30217
11253
2447
22746
10621
188955
86374
23736
20891
35638
82160
16888
16412
17070
20403
49926
2720
33723
13477
6729
6234
6464
50183
20063
23098
11422
8034
33826
172768
3522
30238
40548
8540
41939
42139
11153
3801
179091
214043
16144
6588
12338
50537
30834
5844
662
12402
33639
36492
18701
25241
10816
19874
5643
7067
37132
18020
9138
5668
13728
199877
20632
21490
4549
14241
4366
35599
15604
1840
24666
177159
170372
59560
11937
7295
92747
33026
23070
15983
29001
19604
171156
172901
174398
200300
6554
11346
13049
6916
9915
25343
10678
26647
7324
20865
5945
193288
3654
20846
6927
26644
32095
5130
24495
5152
14506
1648
26487
26310
171781
25280
9920
5189
7458
11658
68272
90372
6841
13698
23592
27402
28254
10195
60883
30347
133
175748
11286
15700
193368
83289
11316
5427
11051
9475
5702
241980
6880
43065
7763
6960
38249
2475
25487
33129
18981
17898
10861
34298
48570
172602
175763
186859
16113
11735
172136
18509
39213
32373
172593
28543
11416
10630
6605
10901
5168
15946
26790
14018
13834
25168
5517
18617
3653
175661
181736
26042
3476
33387
14629
1709
19852
25911
8850
19095
30623
29164
25852
30223
40037
8279
2112
9892
21354
2416
10839
31434
7393
12192
25311
9218
11800
88461
107
71641
171210
3365
718
10512
26967
7661
6929
5657
1303
2841
153241
18368
33883
12737
203708
5619
4166
7612
14772
11048
23716
5667
5673
23814
6556
42111
26880
15797
30962
1260
30812
34827
20549
30590
8419
2202
2372
13365
179927
1378
171159
177395
10790
5235
8395
10649
16757
4438
24002
14406
1545
11493
31679
11219
22613
37851
2852
25397
17106
4073
58558
11856
69243
24982
82105
55012
118
57715
27095
1672
5567
4712
3641
4617
9734
202872
14469
34067
12391
1904
84313
25681
1689
27742
16241
17206
35424
15156
16168
29715
4995
67921
16473
12027
5511
13926
4339
7478
84494
20901
22412
33072
9660
7338
12337
59348
89460
5227
15124
18364
29556
1533
53905
17991
23410
35593
7462
15750
29314
7384
149787
31093
56124
6185
1529
2752
37223
27334
6498
34896
13876
20815
84452
52342
26307
502
9662
35186
20265
73990
17592
4256
996
15782
29812
19123
14885
12096
9584
10679
22200
175582
11334
150010
33299
2471
177651
10484
183927
36516
8368
14671
15299
2511
12396
171055
13194
20171
10212
24572
18991
177478
8874
72495
2303
174136
33138
1268
33988
4192
14192
32453
24198
23288
17046
8750
173447
148649
174485
179591
51245
4537
34392
4795
9385
1565
1878
177828
7298
6176
29680
1681
13927
48119
23480
10281
17986
8451
16317
14567
3168
8276
5388
14135
20444
13867
6287
12429
2707
52433
3374
12294
1493
148882
8489
4765
22911
20905
205215
218362
20617
915
34973
26124
16169
10454
4773
40179
172234
212178
9698
12126
3361
16890
8499
45591
21690
7423
16009
6819
20675
3420
65618
18450
15011
12585
5210
7910
22486
5455
28674
49424
13415
12247
10388
19459
27707
88995
65800
20104
15097
18488
12313
7520
6603
6019
28163
12875
1853
21216
25946
150240
34982
31504
18639
10931
15312
755
4830
43188
31868
13402
23379
11229
33052
65801
26195
34195
13884
239004
24795
37492
22583
11490
23130
22661
17083
9408
6221
8589
31247
209032
24928
13870
17537
4133
11848
44505
20038
36406
7383
14040
35867
17182
49732
3407
2096
15622
26418
35237
63169
81297
51457
52410
179010
6415
49831
17310
7673
30149
6691
77519
15147
171423
24415
6420
25519
12977
30382
6799
60151
9785
27151
28026
4981
41141
24496
182378
32340
171978
13159
18922
12822
10713
4008
148991
170913
16384
3473
21762
23536
23699
15381
9884
12934
57061
58144
6734
41839
26507
171557
24646
25887
48298
26899
3406
35172
28551
21875
200037
14794
59670
17041
50094
7865
26137
6489
235941
177703
179383
181916
12269
43405
16422
36325
9124
27065
62635
26469
1808
66559
18195
16722
83813
21065
8980
35709
12748
43456
9037
23787
22741
15806
19278
5823
18255
10578
30446
38684
28571
14777
9802
3346
6705
12803
12828
14217
56987
2350
171920
177775
179287
206905
31097
746
13097
5041
51503
10799
8075
33929
25181
6354
26657
24046
14982
78904
7565
3212
11836
78025
37435
43688
21406
9180
10248
11073
5894
9336
2472
8340
70526
57032
26863
22152
5817
17192
6267
60654
47547
6825
2544
4756
4240
50190
37307
7760
43296
5674
33361
172379
177854
186739
210715
64071
4259
58567
193821
5206
19500
28764
24195
12573
5247
22398
16794
7145
22043
3056
184998
40610
49036
8074
10736
4524
180630
22372
6716
35908
17736
19503
22738
30912
11957
37088
12594
7601
45124
36614
23358
8897
35920
6231
77683
183188
189763
22682
9415
19417
8605
73540
21103
22283
17270
12863
63955
28687
17373
8588
175831
6399
5762
3731
5572
14859
25903
16086
12155
150586
171373
176438
26289
15432
15875
13868
30333
41218
77289
16679
16592
63576
3841
4386
9881
19406
4262
19448
175068
21209
17198
16065
7538
1570
43997
175644
176240
194126
37214
3197
24220
181788
33877
7032
24867
8705
171939
2079
18112
9375
34330
8644
5254
43460
2965
24606
41426
9085
21846
6232
56360
15426
46137
18300
30157
6961
11440
3304
9889
17761
16618
8155
870
53725
191427
12481
5292
21664
21832
16243
23027
30776
12291
65876
12919
22557
24963
2027
12368
33555
16924
83651
170947
172900
15528
18335
12587
30089
20542
9691
77006
9482
29577
10120
20722
27980
28352
22498
30676
25173
10440
6461
16913
48812
7546
21691
9110
59684
13485
10894
26635
10361
170680
27327
42281
5181
11698
13090
48969
174812
174874
39276
13684
10709
36565
32895
19352
6655
34809
3411
11645
14334
178535
12622
10161
17661
39411
14263
15866
12208
32146
15220
41882
5985
15463
15403
49837
30847
177330
177580
183072
191446
195386
25530
9430
33493
4096
7833
3523
19775
18008
24365
19217
12500
190822
171687
1937
35514
10829
7496
41984
14037
13995
17698
29826
2160
12792
24602
25453
10932
58021
14893
12577
26193
54572
67383
4941
80455
5174
7934
53254
24315
9560
45178
41156
23618
197593
151567
153316
197251
13224
21276
51420
26561
152821
179948
6519
42815
31944
6621
46633
20800
9704
51644
7793
46604
28450
22766
23009
24876
86466
17641
12635
22767
16362
4794
238883
15676
18494
20398
26280
12901
5125
30465
61361
13095
24241
11813
74551
6858
38089
18937
26584
175085
9418
20616
7493
171197
190846
17677
25543
31574
15003
37046
9767
5040
29003
176383
23753
2489
47970
33635
13235
32918
13108
14705
22496
17612
12985
24460
53531
25442
43417
18887
21930
38968
54292
9825
9558
24323
30431
5301
33274
15559
14083
75155
18550
20645
27716
6577
17776
24138
89168
33191
10223
12298
19887
180777
6080
13503
26392
19902
16454
11864
9190
8435
18440
69007
174587
1400
21038
23833
31118
18288
2765
33101
32476
13077
6093
8672
15164
28477
13452
12910
2346
15244
14193
71766
8072
13019
17072
36231
176695
189100
27727
11428
7795
26785
48093
16395
17742
8002
35545
27891
4929
22735
47665
8760
21486
35967
13587
12364
4106
11293
13312
40050
10516
7241
52945
25187
15228
22396
37013
8294
11747
22470
49956
46757
181865
189434
27079
5813
21109
40118
14715
19583
7926
33304
16929
11603
8643
46314
31416
172813
33848
25854
20010
35702
14145
66888
3086
4754
22792
10204
1424
179917
35849
4379
1014
30843
4823
15449
12772
15439
22654
16643
26845
8364
16772
171819
21262
52579
175697
8021
49563
16556
1917
23513
38753
4758
22980
44880
5541
6943
69716
2907
175603
8091
7267
21205
14065
50143
77016
1463
12024
27632
78148
26458
23082
26712
177757
191134
24564
8981
17918
10517
16594
25497
25503
40655
11435
45714
37379
47650
26949
69040
178814
17302
2925
25724
12951
13959
16665
33774
5672
16863
171178
190963
8381
17357
6396
10717
24689
27118
3978
24979
16706
83326
23615
12904
17190
33200
180701
10543
17666
59055
15175
13333
3951
24113
35210
7532
30123
16677
8958
10183
33171
4644
11553
9067
5476
19528
28495
10015
5680
20586
12877
173580
7825
12307
12260
26782
19022
9197
11519
3681
10341
58410
8889
11372
84286
36736
3514
158776
190384
21838
13539
15544
25736
5276
8474
40895
56837
91811
34761
8291
28282
53602
27287
8391
204796
21498
177485
2145
14384
21019
186733
36593
27406
36446
30451
12431
11477
6240
24770
80558
35873
85255
10131
8457
24093
9648
12964
44745
5808
12091
13248
19434
16465
25676
26209
186248
10047
9879
11320
179468
2104
59622
27190
18983
7516
12296
22093
26063
2963
8765
14720
10493
40025
7081
26260
11058
11285
12140
24096
15729
40278
170557
16970
193964
16197
6064
7913
19559
10561
24864
16778
26407
8700
9791
7897
176043
7556
22854
169822
2317
13352
22425
28447
30801
54884
68466
73298
1934
17002
8170
26944
37473
10315
22151
29922
26768
150536
179933
171284
172913
15856
14276
9249
8327
26679
171086
12533
11678
38200
38889
16350
47378
3347
13783
4461
12524
26344
4555
35674
62278
10324
13252
4024
90146
28975
28891
29168
56351
7901
2479
13754
6400
51891
14788
15030
6125
32893
7602
17161
52226
44424
32462
10304
979
6897
213023
223964
11321
34649
49852
17828
14760
27894
43506
12248
43666
9976
16589
15711
50524
35737
5013
188912
170985
173239
59849
15624
21761
8346
79971
40355
21238
13672
61538
9872
7616
11746
8561
13881
79151
2256
61861
174570
41339
160636
2661
4721
10570
26179
65290
12846
35145
172772
180973
195306
5516
21318
6289
30585
25977
4441
8088
29398
4723
85250
173930
38545
187746
16472
6949
43998
11088
23746
4001
39654
48075
21628
10545
16120
13398
16884
5852
15906
9518
149792
20374
43284
6421
14751
32482
175671
8649
36627
13802
4052
6523
876
11802
9816
5500
7245
7354
23355
38136
12477
150539
174205
213734
41954
23744
70997
18290
19182
21658
3998
14268
172866
37564
21537
28249
5309
62394
2320
26373
13545
32150
21484
23195
28935
67858
91750
15879
44862
8973
7744
22516
31058
10222
44013
39547
43126
37060
6153
32219
13945
39243
5831
30017
26365
12782
175116
11278
21300
24125
6996
25064
17055
8744
55064
152781
192090
2930
10163
10413
12787
13383
16507
43142
2328
11437
2868
17514
57069
183585
2452
57836
31752
16062
2167
9205
6810
6361
171140
7853
88986
16420
8266
15884
38802
5270
31217
95206
15402
19053
39585
8130
22857
174203
23261
52218
5659
163836
11367
8960
59713
9298
6913
35643
10835
173180
173701
22800
20003
11114
7259
65667
1920
12202
2799
6266
6698
11415
42095
44417
14410
65275
8598
46631
23835
57571
40135
48710
58605
19318
18731
8064
18212
19381
8808
1036
37570
13414
37167
32037
30394
18805
45309
15037
19695
74020
1862
9536
18661
27290
81836
20413
208938
5605
4026
16450
4288
3151
16954
21708
20731
41325
22217
67160
19510
27437
20254
14942
9934
3609
25961
1930
31997
171329
29815
42484
11729
21235
4951
8223
14341
22494
34108
2579
35884
6257
58297
18768
10505
22501
7183
4521
14293
12106
11112
15000
22484
40348
18394
10810
14235
18727
8007
1346
14389
8913
26586
23639
12314
7742
20025
46422
193503
28243
7037
44512
45259
8347
21278
61757
15177
12945
3291
49709
31647
34617
18063
11796
35296
13738
83138
21015
20641
25950
14311
29818
30799
47000
18795
22684
12653
61227
63608
37125
5677
94428
11808
42016
10246
1422
36091
174149
220683
3084
1426
1924
12234
31988
15977
31641
20129
78125
17786
23825
10064
7980
4454
14244
8168
18374
9266
52502
15190
58993
31936
14390
6896
200233
9239
33658
150243
8582
10213
31728
37263
24303
30714
12852
5628
10492
16467
10236
2175
34644
8658
11411
7188
11791
6177
9890
24459
34376
8322
25429
24484
52138
173471
173668
173728
213160
8717
67700
16025
9966
25988
32392
20609
42514
4585
1739
6530
24497
43372
150853
172598
25842
6101
7376
50450
22475
220823
2498
6549
65758
6733
34806
13942
64762
4669
28715
14239
45669
41069
71802
14836
12064
14688
29566
6751
10924
33783
17865
8350
24226
20784
12915
16297
37465
228521
25128
85597
15076
52318
55587
30784
13970
27366
1130
33114
11434
12745
21166
9603
47659
170902
177692
194747
229531
22977
13282
6989
48973
32958
35217
26895
26805
10187
14855
155708
24714
24413
10050
12535
8688
18356
17758
2629
178018
18047
10921
28678
92653
28732
10737
15612
8896
2040
23533
187616
49623
50469
87760
7788
12001
17515
6369
2115
172971
63713
40571
11730
19710
13898
28246
70345
15499
8443
19113
173985
175936
181329
190675
235462
236582
7375
13581
65645
43413
21692
11993
95613
31966
32170
37996
6330
10686
18085
15933
42234
49347
4547
7681
15924
17011
68124
200231
41361
14863
48554
1403
45978
17672
82440
27532
9077
3827
17062
22124
5424
14467
28699
23785
12354
7948
16779
3179
2249
204536
228060
21747
16298
27595
8495
26506
34960
19895
16137
10254
11577
171459
7386
4392
57484
21903
59041
11672
4690
151311
91359
8625
25936
26268
35203
37864
47059
52975
171261
19089
11784
1405
18259
10903
13054
4066
28053
14801
21409
10914
24127
13934
40852
5646
46508
176918
35216
5691
18979
34097
17458
7244
63164
17826
22468
23953
21118
94429
149630
173812
179406
23563
15560
44299
618
13057
41753
22284
1703
1610
33975
24826
22542
26616
7022
10307
14746
19516
3569
5308
10710
26622
10641
12663
28391
31888
19350
13426
171605
188439
10487
32727
89602
9973
8867
20352
8663
9265
59945
17638
23275
41366
53981
6134
8611
15740
9629
41345
12676
17031
29199
13620
11180
10500
23087
72004
13017
18264
11889
19152
40352
39426
8805
11102
27885
16673
56855
154849
57330
17799
24875
82305
15072
7625
3195
23625
7754
11538
172391
154472
155262
187448
188231
54561
29324
10349
10275
14872
8262
167063
52262
10702
16940
35583
19492
16410
9626
30641
84836
6345
29191
55913
6394
26646
2060
1450
24608
64383
9907
48542
78574
6724
149271
53656
60735
24863
15572
955
8103
7122
23136
13987
29074
14423
9819
4640
44246
78016
5590
36147
36459
48242
173334
2804
6495
52337
39799
27012
3723
13338
13522
9739
18332
58507
20624
22519
5042
42019
24965
6138
173230
27420
4818
187210
38261
14372
13482
10463
12089
4699
7675
33983
49792
25371
13739
18824
4064
34065
28229
1729
26992
53071
22047
13736
12811
3652
21585
42863
51158
6352
19582
17739
5925
49909
16231
11779
20795
6097
4303
19841
5360
16186
27778
10580
191654
24703
174409
15251
19344
176217
24815
11823
10259
66196
2714
234390
1537
47771
233633
3288
8864
32189
44474
84163
17384
24556
43066
44116
150882
18707
3598
15218
2030
39505
16666
13453
40132
8703
180798
34919
54963
64588
13183
13181
47307
6563
4444
14448
84837
16541
10415
193420
2366
209011
23329
16198
7010
51852
22782
29174
22327
2860
11399
16701
3418
76598
11982
4917
27423
36430
18581
6552
61542
58906
885
84027
174153
18318
95380
178676
25233
31838
16411
7213
9403
6213
6008
18484
176086
40551
75458
3531
16229
42606
5603
13254
55689
27760
11336
10898
24758
34268
65130
94505
5446
21592
24637
6339
173869
201006
10172
25618
31084
10642
2941
25274
27031
61970
20490
13341
30323
226928
20122
11564
51372
10910
24624
28961
7591
10207
14938
1457
176191
21197
29549
24640
4345
11837
23287
53241
14606
158782
23810
10553
12008
42152
173505
173721
6327
62064
66874
32835
8311
19580
35055
11204
9708
15080
2379
74348
15746
16568
174190
176275
31321
28820
168959
2589
34605
4707
22889
54843
12771
25119
1682
5791
3012
22385
34522
70933
22742
174096
55442
71301
36464
5485
9690
54365
24612
3477
8082
37721
1668
24694
19314
15170
63310
19256
18834
67699
19684
27976
12358
18503
15550
21322
16551
35453
20767
25279
48776
18709
19736
13666
52625
66732
180360
15666
9959
48659
60110
12683
5438
24797
7361
28227
19239
4272
11129
18687
26462
36022
14519
34279
6037
22606
174184
48593
9121
13863
16484
16516
19565
5999
14488
2358
27740
30457
192433
44947
6088
26716
1512
3178
11602
12163
70721
24010
17294
6475
50200
13548
34407
40107
51362
4561
37910
42940
15197
3330
4759
44362
26651
71223
12680
26336
175318
37085
14404
89580
197265
6852
40404
9550
8017
11495
49550
17099
5654
4662
150969
41018
7589
11716
156892
46199
23308
34540
16501
11857
7857
21858
73872
18507
68999
21306
9144
11271
16221
16077
18662
55603
2076
17674
21610
61533
6915
19682
23487
33704
8136
6768
3230
31156
57313
28468
174576
7692
2277
22966
12236
14536
29750
87496
192437
36723
8320
4805
4299
79478
17174
11301
41786
3037
8233
9563
2879
19013
8722
10930
1810
35690
38195
18535
9373
22136
9033
20732
34385
11413
10856
3752
24504
12643
15621
47733
41100
31781
1099
27266
74466
20612
90563
16682
5186
4435
18013
6382
31938
25922
32262
72411
18978
52481
17564
173510
173943
197029
229808
18369
20062
24037
29959
39811
1815
7317
17058
28943
14279
30477
30774
35375
8348
8825
16417
4582
36369
6182
21033
20394
4938
66771
33140
20738
33817
12701
37257
52108
8553
5671
9607
3782
156001
46059
38708
50566
32509
4194
40640
57244
22788
14356
1627
49300
18779
20908
9770
189617
17664
27449
17887
13123
31899
21136
22593
15375
9788
22591
4834
2864
26235
32868
25025
17506
41713
178809
242120
5716
17822
19773
19541
6779
3715
15136
31872
52452
48553
60759
20539
18155
1475
51242
11012
18945
8636
71296
13775
33407
18879
10435
10110
26072
7468
88934
3189
14693
29735
16201
22941
3266
9494
7227
29215
25839
9991
4714
33524
16170
3504
4796
36145
29189
6873
17415
7437
22922
7151
10840
2105
14997
12210
2103
193231
82384
40014
4334
29650
5238
13955
11568
15184
150916
18090
5267
15865
3489
4506
33308
171310
8779
40621
9540
18770
16014
19159
7895
10757
4199
11193
39623
21371
7713
8396
6347
50365
4172
19310
17228
48932
32450
37378
16289
42770
63587
17218
13362
5008
60010
86791
5299
50611
45922
32551
2727
90941
93677
23796
30248
13555
26946
7079
10633
171562
172616
175754
13200
62953
9996
7445
14789
21190
18046
14242
9020
24657
8475
34918
191301
11818
31348
27393
40370
11950
4408
23278
23092
56729
56733
5317
1194
149624
1456
19525
20385
20275
23299
14335
16988
33165
25089
39636
15574
28976
44039
19248
666
51392
34353
58974
50855
10431
25210
47346
24124
95636
23145
41902
35317
17603
38101
10604
149388
16522
152256
16839
6225
27117
29123
34415
63284
81172
21281
171965
180299
219972
2839
25951
29935
14486
7864
33993
26922
17957
18545
13496
7047
149626
8181
27464
27510
17466
44031
23864
6488
82898
29542
5562
3399
16628
12058
28412
20772
32455
13487
35174
14269
12864
81333
21809
13213
7460
4445
34854
10979
41043
18676
1861
7440
2990
30773
7782
9501
171595
173862
185650
231151
5549
23093
33994
10696
25353
19705
29754
9035
676
21685
173353
171865
87422
20965
22022
22368
5571
16143
39759
41542
5708
8078
22900
11851
31083
18177
15547
6684
173061
32671
13468
9331
26907
71264
22560
15330
17607
31993
8937
6909
31456
35102
13470
17172
19290
16893
7419
10682
42961
45215
27930
14419
28058
30778
22461
4700
37041
10182
179793
175228
52416
19106
8710
33142
28464
34816
16513
74563
149273
18193
7096
15735
11939
18556
12786
5534
3185
25215
25294
11544
14811
19267
16743
19441
33814
3215
23515
61315
9333
32382
21243
79709
148880
19614
150264
171321
171253
21232
8355
6848
25326
32920
2370
36685
20051
174062
6099
26000
6299
151542
172949
210984
22651
10739
88047
20209
2750
10327
29858
6661
8158
20960
68719
15207
150275
22439
9632
11694
10911
92615
26302
66675
4574
205868
7326
34513
43648
24028
14824
31480
36348
39594
11590
18153
52584
35058
14523
27676
40488
10159
33429
12238
37683
39853
4925
151605
152167
215014
49014
52957
23122
43263
31788
40007
3649
4143
37185
41392
14709
33810
15399
178051
6118
66769
10033
38422
18451
27765
65397
59890
16477
25427
31216
39597
16697
9481
27738
19594
11353
22768
25742
28585
25891
6202
51871
3931
22275
4412
45426
7401
71078
21740
150857
3860
8263
63403
11999
40609
7994
13106
29878
36879
7906
218011
10883
10271
172307
177191
191903
192599
54832
8428
34163
31904
20607
15057
57248
13512
22246
12521
8533
61574
6573
22561
26601
36703
59927
11018
17888
1594
14255
92788
94171
14443
29169
56695
6613
10812
11086
31734
32388
9971
9153
33702
36044
8919
21750
24563
33431
7946
64831
9588
25347
25585
24959
9758
179848
11657
35057
37885
64651
12160
33601
25264
17038
27788
60770
20182
25096
68072
171936
23202
172548
178074
184388
190747
26173
17689
13069
19464
27484
15007
9361
13316
6515
57558
12912
171942
20125
37746
31310
3047
41605
19568
15484
14340
18142
18248
32263
4583
17832
18597
71096
58676
54472
15815
21419
13679
12721
6629
172657
181989
10297
22655
51128
37198
4976
10053
8023
9744
6058
42903
36566
15041
65904
10752
20909
177248
183381
216869
75491
61696
28729
15707
43469
63973
36375
2169
18121
24590
46554
20984
78503
4468
27848
20913
17220
24501
15324
37619
17507
48995
12973
4308
4631
25838
16177
41173
19600
6248
10975
38976
174368
47673
14050
6969
27078
16000
5390
18871
29439
30272
149489
30564
81783
37323
27987
34007
37129
60104
71036
13286
85491
7363
17572
4573
35076
23235
34173
27560
19174
18411
8422
18407
182951
17247
172932
176434
178375
184282
194776
1522
33676
48073
16742
8107
38819
12849
11619
23975
15673
74767
35971
26355
28707
3687
73045
27736
2704
14892
23834
19923
6704
3674
21107
25645
19560
33289
28970
14802
11039
11778
12229
1175
10605
7080
22993
80969
38401
7730
4020
12526
6647
5472
24423
12558
2991
15257
17157
23991
10063
32149
17284
31886
43431
59669
28055
44697
51454
52441
20765
10083
14641
3270
180377
227608
26019
34812
12856
44736
84168
64084
15212
11078
15838
16894
14683
3769
11120
22629
8656
18574
24356
150924
191012
59183
6191
18541
9943
31691
14833
28239
12845
20372
48203
4852
17657
11393
43490
12432
21722
13946
18746
18305
10869
16798
36290
8194
14548
171746
20116
45858
23252
15199
26217
172636
63511
32916
43774
176820
148724
63499
37461
40189
4463
25250
35836
50648
15743
6110
23452
72773
22679
9460
15628
2788
10746
14081
43872
10525
175064
41246
173883
203146
17266
7048
20362
61823
40253
4701
35801
7207
30990
12060
15485
21890
20635
33481
9435
2120
45123
24358
19086
70594
33501
19087
14821
45099
77391
12452
51078
32459
36299
35162
5052
48970
9709
24137
26602
13186
30097
27008
18237
26631
10806
31369
3419
28532
13411
2239
8505
94971
12459
9970
57999
16480
19787
176679
4889
23110
24009
7902
20106
14374
39952
11267
12564
9813
33573
33002
177807
4832
47411
30211
5505
24894
18387
7164
53571
30393
34198
35994
12152
9764
150241
19605
22764
161849
179663
4381
24443
32346
38139
62755
21220
29591
8055
7573
10698
6872
22673
65575
23117
6867
16588
19973
10711
34560
54295
171486
42936
14375
63785
25428
40493
5380
16853
1471
15262
17089
40186
33324
150976
183476
65297
5824
14134
41478
11629
23842
70967
14687
172581
8281
13179
2935
58210
14218
22409
57584
14447
15296
157678
192818
212623
241774
2150
62805
45950
27129
13862
13033
233983
69834
12928
28956
35351
11398
17177
74562
13618
28938
37671
9405
56750
5502
19268
10238
18760
6534
13993
10489
33088
176423
10175
36637
6004
3463
40614
8900
16187
210529
38790
18456
45626
21845
173050
30553
53017
28594
173967
1792
24140
36252
37991
48285
70491
43092
16022
3457
178779
181351
184564
200927
31350
62557
12059
43720
15891
7367
39965
33820
9944
35139
10432
8655
69001
24458
5012
205012
11774
18235
40572
5166
16162
18798
20316
5939
5221
32550
44839
35625
61485
20510
18197
14385
6218
17800
20950
19612
15862
2156
30954
12147
41504
7534
13173
8232
35871
73341
152177
21527
10817
54386
86173
27221
23431
26166
13747
18682
45186
17933
17585
7179
14328
51331
10040
12340
58932
15248
177314
33235
16299
29333
31930
17610
33230
9339
25939
15896
1466
27371
7467
25972
17750
69028
51054
12924
23134
2641
6360
34677
55687
26731
76508
13256
41405
3393
14739
13893
3413
28711
156133
5271
46118
32680
150014
9817
29988
4297
18740
16732
48476
10267
18587
8063
32052
8455
47194
9521
37254
11670
46318
30616
8398
30298
11983
19334
14991
23790
23693
78028
4459
86014
37658
16880
23895
10502
172377
10691
26807
35510
36769
42353
27562
45627
13114
10888
49880
17967
18218
155136
46602
22394
7749
18280
62434
63285
35067
9878
13671
10851
6160
6796
57373
44149
58708
14980
9366
30870
71101
20959
8221
37485
10455
28439
30353
32090
32604
43373
54043
200552
33159
20674
3635
30684
11064
4354
13102
21117
81540
12557
18520
24091
19114
18698
58687
13425
12367
18772
52820
17368
2946
15706
4883
12612
8139
12274
42297
173652
185873
19846
12473
4012
75551
36358
42744
19747
23856
34332
19813
50202
57230
13634
12398
28910
18810
19470
17869
13218
15932
22214
86903
18453
24973
50030
61897
8488
33869
5263
11986
6651
9136
22091
2453
1699
3718
23732
13947
18404
13855
19308
21988
12563
27910
48908
39384
12756
26401
17617
36786
50876
14819
176612
64910
11414
9655
10082
33377
10632
9724
33068
206774
21314
24072
38785
55174
71146
85573
87304
5219
28133
41052
192938
12450
18180
171607
246054
15029
7937
27893
10049
14090
22415
18376
2032
20105
16405
6749
32451
11077
13323
3452
9862
25368
13380
13232
29000
52838
93895
10614
9847
31708
12132
174133
12797
18331
48606
9228
9457
8917
34686
9395
50118
26592
23409
11669
47351
51675
31275
4859
40040
150661
2001
12868
22990
14555
13324
6641
13340
10828
21500
14508
38483
53039
209619
2722
11426
12665
6227
22465
49927
25586
81683
151539
226285
4114
74581
63190
8084
1296
6457
24284
26068
1305
21624
13604
81083
13864
76433
35358
12507
16240
9114
41433
194966
29501
8968
29762
34373
25797
40152
3916
3120
25507
11302
1488
51234
5425
68588
25471
3155
29892
30053
22359
44028
43827
8392
12566
8501
1357
16866
37309
19712
83478
13364
38451
5202
29901
28574
48664
12070
27424
184443
192461
16031
37501
65930
12647
22405
36846
23614
43021
22024
193454
13645
38562
13199
59764
37586
9658
13569
15749
29808
4233
24839
18401
11322
14526
190899
43715
3937
35128
67396
5481
11975
20774
177053
171993
28742
53902
4715
38068
13781
11197
2760
7554
24285
92619
5682
187224
13386
172363
8235
8845
9216
7102
22685
13416
30425
8367
26324
22759
8195
7990
16133
54871
1604
11107
37467
17886
66621
14257
8163
30476
242125
7131
177225
58058
64917
6318
8848
39703
65031
47813
1774
19584
81875
13317
10017
12286
174264
13613
176219
9069
1826
18677
8296
60631
11166
32004
38264
4771
24456
15970
77981
16579
4258
36597
18936
19133
31451
78831
16442
21992
8282
9391
23177
25278
34632
5499
70157
18460
59891
11105
32988
29315
201462
16941
7211
28122
93509
19562
26705
3811
5615
26838
94025
31551
23641
7922
27036
12983
173953
177604
182177
193001
16185
17604
36803
38597
12741
7919
15205
23848
7637
22865
22585
24543
11881
14642
18816
34995
37229
44608
11964
12795
12547
172967
13372
61987
25685
40782
47292
16719
4413
16818
4271
20169
11627
19208
13024
49959
23822
48478
13322
22740
12128
16127
43585
69097
32879
10938
60932
11233
66059
15922
17399
21968
23610
13087
71187
30135
28692
15286
17292
3090
12642
1023
6373
27092
15464
77776
207274
230987
28334
49443
43887
39235
31521
22390
56812
17024
43209
23185
16092
22952
174916
15720
25392
10689
179314
178061
16230
5439
19783
6078
2565
15828
30557
36665
45860
7369
22459
36843
36915
56511
11223
5450
37663
8614
14741
15200
40284
20277
11691
28178
13936
18065
13150
8354
58979
46175
24911
15300
8352
8647
29881
36465
14793
5229
6030
12975
5588
10189
39231
35074
54124
3732
3958
8664
4212
182101
188771
190954
20567
37179
82628
65775
15474
18745
12488
185248
25730
44014
17397
18353
31663
20286
19730
2203
15868
20228
15422
14111
8229
176354
177468
36901
41896
43288
14274
45868
32663
7712
21426
20858
11551
9543
9946
31251
50463
11388
20282
15926
32275
39617
46411
59589
22959
1684
23570
12088
11895
26659
9832
18009
24455
71647
46988
35640
81555
36032
27044
25146
8496
26927
11965
50643
26123
42020
28115
16302
34940
2766
13795
174702
182160
196302
197615
216679
49418
15171
21814
20438
69665
22551
36820
59056
15430
45371
9586
13635
28639
20466
7187
172227
51785
28496
11913
41075
1419
25348
177820
80736
14166
21202
17684
35034
24051
33842
51667
87418
37589
8068
48503
20117
8250
27395
25333
20665
51571
36309
29202
25836
59217
35718
3440
3850
30000
8070
11532
27747
7130
10741
88387
18971
171124
178533
180722
185979
197642
15025
56411
8397
12816
43129
48428
79305
16687
20560
19396
26155
46724
2524
20932
28506
67309
33753
8264
11397
7389
40846
227292
24667
4568
28567
24980
6108
48808
206103
12410
21754
10348
18040
11227
20536
30261
24050
27683
6967
21006
8339
25874
24733
20057
18221
48360
15092
62685
3016
26901
37087
41727
55975
57755
57981
22503
23280
8811
52912
37232
7427
13462
33343
174108
175141
175969
176157
199741
200110
12559
11171
16935
14147
12115
2587
27686
4382
13204
75143
1769
30800
16899
14399
33697
53938
57637
15715
11962
11168
18357
194890
8823
89155
15694
24890
15632
21853
7824
16101
2517
1725
184357
22518
52303
44918
12514
13250
19743
175676
13141
20234
56742
29167
2140
15756
72799
152368
28883
22572
65885
38275
18782
34131
233182
28992
16809
52513
47105
38098
21483
11390
61222
2354
36352
49010
22162
17422
1964
21070
170062
174495
176496
176648
20604
11737
15586
32768
31218
6758
9028
40453
2177
29801
37266
29666
7915
80817
69030
10294
38666
20505
31282
11366
34242
93017
30814
29584
27120
34388
72519
184838
45039
70255
4079
37877
5334
19869
13789
8982
24332
23690
28432
47943
30124
58334
36636
46850
6033
16295
42749
74694
15023
55834
23681
30126
180125
6244
33612
20541
19048
174790
181184
64931
18034
35300
13509
18326
3290
50370
20032
1582
41900
19247
5066
175448
27477
19332
29170
75275
14909
40204
171542
175206
184238
197604
213709
8436
42714
15487
30357
13750
14886
3183
17196
38073
21044
54734
22052
12991
14352
21091
14920
42428
13233
12807
6508
12995
15732
14320
24992
25047
1980
18944
18006
33953
10079
53399
20730
80233
28331
59987
5937
3089
9593
220093
8069
27968
32238
65653
179506
29482
10103
26356
17171
42477
26083
3091
16023
17699
41862
175219
48124
6223
182767
185945
38647
2598
2158
23272
11152
16909
3705
20894
14943
22135
23159
36850
35519
19232
16980
10602
22522
25097
47202
14266
30785
5347
12774
66467
31754
8313
48856
181733
76479
171572
172635
239710
35435
7104
28189
25292
36600
10312
30592
11580
27243
4127
38016
54359
14931
17973
13366
21884
6442
2364
171427
69435
5714
28286
39078
10234
72259
19572
8554
23016
5352
7370
29553
12871
2254
64868
29161
50845
35045
8729
12960
23930
38408
15319
27222
1955
17848
4395
90315
43899
34271
37240
17117
24530
11893
24802
47979
18106
13806
44693
10727
12627
30825
4601
32432
62113
13985
17880
55740
28258
14226
175749
177183
183504
13378
8460
22819
37265
63786
65223
891
19623
65065
35016
14142
58122
50224
35664
13351
10878
32284
54955
28731
31470
52830
151440
180898
14167
42481
58860
21295
29978
412
35637
22188
21002
73172
79773
11329
39239
8837
24824
33479
44525
11828
28712
179421
39025
13544
7144
3015
17679
70150
34755
4291
69452
4704
63184
10190
33852
25434
14871
1555
5733
24731
17987
33791
10847
4329
15679
27419
7676
4141
4769
136
12157
10613
34663
56373
44249
53781
28898
13170
175514
176447
184517
184651
185353
198957
8891
5162
18718
10450
42473
12858
4111
17863
41127
13902
12194
25883
180522
24991
21962
19364
33051
5379
58460
48125
38775
56718
94453
72434
36684
17940
11268
66799
41700
14214
9466
36965
37116
12957
19186
5316
3235
32722
39105
210027
7537
35299
30720
9241
19342
177740
2833
14993
57079
36536
11680
38220
75124
14773
35934
16432
1721
30164
19992
11337
54994
18593
71053
8054
17439
48685
20935
21822
19357
173773
6011
86036
218119
29105
3876
22238
30441
6243
222329
29057
49346
8905
24509
15291
170127
80637
3527
31106
35442
24648
13162
78608
14515
17969
21412
56824
149824
172057
179975
13974
45262
12884
16734
9805
31484
18837
26286
80831
43305
40791
6581
73765
225347
39121
23673
15306
6820
16955
12597
147
14231
21444
32826
34382
13648
41986
26661
15921
7030
55549
25774
217252
31725
35577
174652
16118
18527
15417
4632
39336
44980
21902
181835
16050
51247
1986
4858
36513
20791
35044
51263
30899
26937
45023
58457
4492
21598
77098
9003
21744
10864
22636
6428
34282
12914
57724
4484
24382
65250
10747
30798
20199
16408
11447
43451
12335
62171
35913
171025
172128
192003
197708
198439
30953
4261
3740
33066
987
11901
76536
54248
52825
22696
51507
72288
152144
69400
8987
14664
26493
69466
25568
12198
20735
6437
33582
2635
49618
21505
86628
8169
64283
55383
17500
26510
23007
17077
87438
28183
16305
35284
4567
13188
16476
10538
23779
30415
45869
77225
25708
7862
3657
6665
24662
40933
46636
19231
5414
26372
16526
5650
9233
1589
49929
28816
24442
35621
27452
12153
2189
12943
33218
8371
6458
95218
20232
41650
13079
51633
32543
34110
61262
186130
154075
177525
209355
26170
40143
14682
23153
54399
14692
6158
8146
76950
21811
61788
88064
34920
7299
10558
27572
3909
59395
26984
3863
7097
11436
22212
8416
7057
3562
13954
52036
22970
56913
150252
21234
7670
12770
37404
21849
9204
4164
41655
43388
21643
21772
28713
38672
25822
73148
220571
47122
1166
38813
1360
6780
15915
10194
29145
15436
32080
4017
8990
15886
15556
63979
16455
44663
27969
31823
23154
23992
150936
172620
173411
179910
11567
17347
47780
3224
20253
10725
57278
12648
7624
17232
172445
34885
38789
29059
17710
25720
8438
16253
34018
64885
22824
861
24233
29160
43920
23679
11721
61500
12167
4015
5078
158903
22962
82708
22134
3257
16620
14540
25749
12668
30680
15493
20207
40414
31427
55006
15752
49711
10895
12609
43580
12389
9089
18307
12603
36817
15227
33597
47831
14204
35765
46483
36983
10701
40950
19591
23310
23276
175419
175935
234804
26581
16100
24596
25492
45158
7943
196200
12483
35759
50105
699
23665
9688
182508
9873
30198
14284
18792
31594
36729
66160
53258
77901
9716
10926
11419
16842
8776
18240
70120
25582
7872
4639
55763
36780
18716
38339
42727
24251
72239
95185
40425
54225
84187
5477
17983
66855
27203
11243
17636
28011
18800
2232
47477
33089
7729
28850
61644
84634
38439
46908
30687
20653
18187
13689
11514
25938
16088
34987
17554
79315
174287
18234
16520
17448
8497
20720
5044
21014
10655
22313
32327
23459
1430
21756
17775
52411
14963
13443
40653
12555
14322
29697
19370
228003
15183
169450
172973
174059
221950
22063
50921
12761
24862
14010
14228
24652
4419
14668
2591
17307
6759
8627
34558
34024
31709
3995
7640
7982
36910
42650
80325
19253
176006
8200
28241
178353
246051
32866
28901
21148
30982
30397
11406
16904
16932
66703
31151
12143
36814
8466
12197
44573
13336
57550
16784
7889
21892
173615
11358
48372
160493
61430
31694
40863
8918
31287
20449
27702
23046
22035
26989
77863
94530
47748
5765
27808
13136
12781
15881
12339
16534
10046
11190
41539
44843
4955
19772
13540
18390
4798
28013
27499
50136
8794
69724
33892
37121
26349
33778
78547
23245
41315
28762
1108
13382
23381
13854
8335
173746
175760
176611
13395
3830
4094
80390
7355
5508
43355
19501
49178
23689
15644
12282
25553
29851
10226
20822
29554
69468
12471
23718
17812
27538
174731
79394
35134
4304
31580
71422
34260
21226
55384
57352
2152
8852
38396
40173
78566
64643
18427
1556
14708
2883
171644
13155
44979
30942
13163
43393
13178
52180
34525
20796
15846
9710
28082
12827
22018
12984
14182
8781
29159
12929
17958
17509
69393
25165
35970
11370
13484
17605
22816
26747
29694
32059
48874
51080
32542
12491
78119
1753
25004
27217
14737
10092
77145
152150
172134
202362
8929
14162
47807
86193
21482
29845
25319
2666
14058
21511
12962
22226
31634
31768
67518
14138
2395
59769
171736
176779
68938
10342
95686
19041
2684
74352
3171
69101
16182
37017
77182
15809
42612
19921
7215
26641
34710
13669
201970
2802
22832
91349
27130
81537
16599
13701
17749
22707
42808
48666
11585
57158
15077
18905
12405
7499
87662
11242
11783
188822
68462
10167
49312
5087
7359
28210
30337
9694
15137
25217
11821
69081
19177
37912
49625
43424
39034
29611
28893
8748
21926
16006
9464
14979
22172
50332
70626
9428
171895
173391
176638
183646
215016
9273
22786
38100
53208
26334
10569
12443
9775
21268
35725
3659
862
18630
27596
18088
30621
65662
1988
48696
16245
24822
23157
52081
31920
17244
12758
10618
19162
19953
13157
15561
12976
32726
28073
31086
15132
46878
8847
8110
26482
5057
15571
29925
17561
55054
56036
7454
8411
27828
18244
196983
48569
39073
11873
28681
86381
53030
5670
61224
3499
9497
41039
25816
64772
2408
49813
61992
26331
171561
13012
20699
62727
34546
48876
54367
21270
31063
13376
19576
17188
22020
792
35530
66176
24931
33716
18055
6142
1256
56835
42470
174475
183673
192844
223620
21152
47639
57890
9129
26038
46291
14756
5970
794
15211
4018
26237
2712
5005
5291
20558
9822
11702
41258
23912
41925
11707
19346
33146
20460
76828
23483
1222
34076
2884
22838
14781
31692
51855
14552
59385
62134
173005
13895
15230
16621
53729
21072
43663
24425
55254
9671
42737
18638
33916
8117
38266
24845
28313
30788
35515
44096
7753
67369
12518
16852
16922
20792
30651
54778
9625
11212
37768
41474
20547
8813
15949
16846
35620
50779
39233
7953
9796
16821
22315
8800
36912
46032
17285
221274
17915
173860
175380
186616
187647
203250
23274
20728
70822
61598
9164
3848
20355
19120
16337
33439
16642
12395
17142
35141
12631
10331
198761
206917
23037
242128
36292
61645
87842
13818
40239
61218
14122
18405
17389
5636
1177
69080
25230
17791
10646
31942
27301
23475
26403
30231
16116
77989
175513
52141
77739
45391
15491
20779
45969
20947
26208
52561
16315
37849
27844
37062
23823
20527
20926
36078
40303
66767
78411
28573
27584
17590
50090
4068
59085
12633
13534
29222
6902
220492
34549
6014
2578
37066
4900
40175
67815
13594
1213
20060
95208
173243
177758
193212
10406
25849
31923
25929
30207
4328
7805
12062
50543
18100
19654
227145
34602
29869
200790
6233
47952
31153
3707
36833
32166
14910
17788
28329
65660
82147
150576
169834
177038
20186
52381
6358
83731
7444
13085
55483
11838
4746
70996
73261
12854
5696
18722
60258
41952
23424
10673
94946
19200
12492
42011
67144
15309
23551
73702
46418
5112
21966
11236
85401
13059
44327
33060
186976
10724
38397
36554
60671
11151
20739
4040
15775
26164
20569
17782
13857
5494
6009
16354
32961
52453
53174
38334
171931
188707
190150
227790
14981
71586
11938
26535
38276
5943
10420
58871
29850
20094
16761
20072
34061
57671
29678
24600
8269
35000
175190
26370
9201
20827
21817
21339
20380
46719
32560
36867
25663
47554
51664
24197
12516
61671
27754
665
28819
179433
26887
173574
22811
16577
17189
6239
3400
38368
26222
35590
38127
16883
36137
49647
16920
71503
7351
5815
8621
24109
16849
28025
10095
28203
18641
24021
25362
36437
32176
9250
72038
8218
44787
31107
27491
42563
80919
191737
9987
21143
14354
13353
18444
20050
203399
217495
31626
44674
28151
22983
78844
63744
47236
23697
13765
30604
20302
41658
6116
12537
24240
49296
216889
3507
1476
172726
53724
7579
24214
11897
33249
53550
28755
57996
60703
9409
94995
56205
20753
73516
32246
66433
8167
1539
16070
20832
36272
18959
53776
3468
25729
20098
10472
54968
39591
4321
17109
25598
59868
9024
36900
151065
180414
14213
5532
23678
3077
24123
11910
28474
14273
1584
25315
39428
54670
14177
16753
17573
7371
171859
171905
177223
203625
218954
222279
14691
19124
1065
15754
46862
15486
42215
1941
63296
13370
30423
38557
16249
60067
52883
25162
64001
5928
30527
14230
57369
15816
41238
45827
22339
25532
174611
15013
19713
5523
12195
11827
10400
50246
61637
62691
50654
18606
33362
58046
21539
19205
7928
12342
16569
26817
790
54048
84676
13562
21823
170349
176750
51193
14436
34573
19811
15827
25640
15056
15535
21443
26397
30404
48358
52602
79229
29360
68168
28451
7587
7153
28593
207715
9226
30078
21460
12887
15767
14542
1553
18752
19700
17431
51860
25249
63990
21066
9513
34664
14267
27097
16461
51180
65057
17115
31777
16864
7328
25030
23389
27003
29552
8875
13920
33185
1481
23022
24038
197580
44125
21059
11798
44382
16457
24001
7848
38981
57108
47480
53307
64487
26067
11831
173041
180505
198243
9685
31489
48622
12193
15503
12768
19670
44043
15121
40839
92535
39944
7618
195378
27657
2749
1355
16690
1090
61744
24821
14748
50609
12519
8431
19329
33725
93692
10284
34288
38729
7638
45086
21802
92442
28155
34172
55497
240169
22320
65154
18877
14047
24609
18775
19389
23747
1184
32947
4525
13878
63660
11984
16260
22630
12401
5503
16860
18156
14701
6544
20918
20895
27669
29620
34264
39984
43710
62706
76019
6501
30576
8192
28341
8160
32177
38479
164606
177467
193234
208428
226183
53523
53880
22991
51092
28161
57610
26590
9705
21608
40197
12523
37463
56946
198746
9042
8912
35091
11754
13989
17825
18794
9882
171517
18919
12872
8523
23540
16983
817
2806
3650
56433
6934
5004
24918
8920
10253
5931
22013
5923
2995
29294
26772
19586
37904
12043
35436
22584
21297
44602
3176
23580
31207
32822
179599
40838
20130
38920
18069
40788
34094
46945
150927
35930
27825
23792
19749
1477
9962
24974
23941
17084
160
169736
3548
12461
25218
33036
2979
404
17239
30805
149621
18866
188594
22235
30165
37310
66708
11154
60845
18801
10789
14332
10118
33027
10149
52954
15795
12010
12551
29509
76435
37305
27805
24855
26502
29903
5531
92986
9189
25581
28296
63667
1819
21095
7894
952
30144
10758
14330
27743
27336
39845
29259
42093
37918
38901
17068
42243
18578
18748
9856
5872
40336
10203
10124
33655
9352
9742
16771
24842
70979
35870
67248
81735
57331
30618
219203
14194
7720
178166
32769
41046
19518
12133
2697
23770
20752
82099
21639
25101
39675
14325
27156
17575
14460
51695
11385
66745
27172
33754
24854
21463
23652
41679
35998
150238
186342
221919
53753
15903
17078
43605
2949
46659
45883
41223
65087
25285
14190
26808
22953
229225
76118
38186
21827
180242
206019
11122
18253
7284
22171
16770
91364
62069
37994
9098
10893
30463
15725
6954
15985
5356
19848
65834
200255
23284
32983
175186
178835
12682
81779
17663
15209
24912
29176
33992
47356
51856
63409
65490
15027
25941
26605
6015
17708
56879
25595
29968
32205
54362
39909
3586
72657
26781
18591
39918
14753
68412
17127
31405
26341
22433
62452
51058
9520
10461
17315
45775
223805
11884
18626
54570
23008
3734
44532
6808
15128
36042
21100
95971
19235
31358
23107
31318
81192
14312
30433
169831
178490
187330
189839
73977
75759
28188
24006
9635
14452
50636
8171
9168
40093
15653
34482
33389
6911
13921
20377
29442
17243
9147
1051
23307
3600
29288
31356
57804
19936
48794
41443
15919
21566
21794
22440
3810
25763
39109
48551
49289
53650
13632
9772
25075
10866
13567
37727
39529
5288
9980
11394
23237
36098
62526
30996
30373
30245
22880
14611
3305
42116
16917
7543
28244
49422
62052
30204
69813
15158
5984
11613
25001
15214
47843
30360
23698
11750
16523
85454
51317
63883
7626
9255
26963
22223
59102
63634
94454
22905
71925
3229
11290
73331
20091
6063
47663
6189
34929
38075
20777
9183
43741
31319
52827
173489
184670
239075
19214
18506
53837
9079
29108
17457
212426
24040
52009
22663
85216
16474
13154
11217
22291
61587
2671
41807
12848
8178
4059
7605
13911
56048
32118
25419
4516
7684
23435
11959
11247
4552
18458
29967
32559
37300
57962
8383
10590
49476
34866
43592
13744
23521
237459
46734
8749
40110
34019
43853
54958
50724
6051
9684
149627
19194
16593
6224
31360
73300
16015
87825
44824
31233
1351
19911
15327
12536
64810
6164
14672
13118
40885
59127
24336
70700
71741
14670
35851
173008
30412
49134
21428
16440
11134
24274
39489
43081
43124
14444
5274
3479
173680
85413
46671
52511
72964
10358
50623
32339
7653
4675
177117
177297
179833
27714
25517
23804
70110
49147
11855
6766
31304
4048
4146
14939
25067
28005
40916
45346
55014
61063
77037
29844
30644
47731
14535
34320
1514
14020
73388
26250
18016
13563
1382
40276
26091
18673
5683
9592
32439
89097
33440
3927
38410
31724
19991
8692
7665
26003
4420
31164
27811
45333
38644
25739
55484
91976
46758
7725
22273
6098
8008
62819
24448
20005
73155
42098
58011
189365
23437
28493
5767
40504
2745
53330
23065
86279
25364
65789
55170
24691
27064
49988
168981
39194
69021
30864
33240
82713
92946
42683
20359
15346
24686
5104
18615
15441
96498
4861
7567
24276
12205
17971
30369
14860
44433
24629
6427
23394
27138
14121
55131
16284
14730
76365
47932
12723
24126
13390
168958
37710
19424
46186
36931
151388
3908
83883
172516
17616
53257
71448
42905
6309
155377
15250
28048
16321
26265
41336
4422
24522
11744
28556
27142
61170
16167
28754
19014
42930
25156
40134
5280
42185
89236
16318
15660
10139
14512
58373
26534
44475
7495
1913
26947
59467
53390
65041
3201
59124
66038
76960
19674
5912
10178
47828
14922
2800
10012
15696
18864
68505
84248
36808
37973
32378
55114
56535
4622
35022
68220
131
15314
77752
67941
12883
26548
55735
11987
30274
19889
22092
69298
10654
43759
12067
49465
60495
16399
2848
15575
31522
12079
35790
37011
28727
10292
17563
17413
86704
16171
12511
26654
28598
26715
62390
43224
12275
177385
210611
190777
29860
11047
17714
7666
21258
24434
33007
14663
1633
39059
9992
37431
23351
13394
19577
35047
5441
32248
6119
3264
15759
45091
10069
1215
21649
173117
54484
21068
15843
29209
30471
67983
42167
25762
8534
177008
10016
5822
51049
20489
10299
14547
17119
84134
21180
177258
21998
171526
21050
19408
150934
26031
42164
66022
25705
72710
7325
12505
41550
49564
9590
7162
200894
63536
19549
28940
51169
63525
83464
50416
34141
94757
15236
22698
35463
27153
16139
24865
58511
18828
16974
78913
48289
11459
33038
34776
60704
1915
35465
227156
18168
10967
10114
82193
45879
26131
12501
25655
12472
19949
80622
5398
8879
52242
42605
175336
220451
38733
71121
5408
12649
15814
16078
15853
49031
33158
45636
24919
34463
29593
7719
15001
4730
33518
30239
15397
30068
55304
21753
11179
15501
25637
20742
58615
22528
11234
13875
55294
21286
23214
29178
12331
63839
15626
18072
51691
80605
4703
5169
29618
59405
42475
13005
18842
13929
7380
22558
59699
24146
15395
25147
60504
202514
232392
18873
25827
28763
33921
6048
27533
41632
88678
172555
197721
36980
47280
10310
2847
19468
193838
62316
148979
13041
27986
34313
36891
28301
34709
23735
13624
30626
61316
48688
81301
6279
40026
54481
3858
5161
11010
11896
4278
33958
51882
15174
208431
49684
18921
66218
70591
25391
173312
178252
182070
42303
22825
11221
10028
33341
19471
13874
16040
94795
18119
27427
45147
176070
11124
21138
13588
2851
44723
48790
7230
6441
15861
94141
29510
49825
31949
14318
75750
35011
22000
12142
14921
78560
174867
20580
13168
15285
84071
57053
46591
64328
93813
36048
6714
9342
21042
73492
42157
7762
13063
40156
37980
24685
28896
40409
37643
41196
32157
25196
11561
20961
19157
33710
35817
39698
7777
19213
16252
30363
39937
51812
76358
61845
25710
4658
151467
69906
186604
197902
206303
207137
62677
62471
25989
20692
31003
93434
24660
23374
26346
1895
232393
28259
53616
4154
37992
3585
49604
17400
15070
3656
75336
56397
13675
75024
13826
23011
192275
68890
17296
18158
18358
21245
25042
27390
32026
32662
38041
42176
42853
53798
24544
74916
18757
43099
84297
50990
42057
59940
66957
60391
4863
39304
12095
20871
13212
36870
8251
14472
39946
21215
48117
18739
38283
23064
28170
13320
81616
6021
52450
17321
35886
65878
7783
14479
11688
17440
4157
14289
50074
38301
30398
34318
28427
25284
26303
26256
15873
6401
6178
33649
49097
30521
31659
154594
6485
26531
7689
19659
48601
23508
14120
24507
16463
30498
8940
20713
4903
15704
23759
9903
26578
35334
24983
71079
44409
15445
2547
17795
28336
16035
27436
16964
18021
57646
16376
24709
11931
7503
75503
172879
177806
226227
6084
4902
13015
179470
4651
15217
10685
24917
53673
38216
67152
21260
21208
30111
51600
54015
6918
40814
9591
49870
8498
216431
198122
15130
32850
17735
31087
14549
29331
11167
11656
10585
50538
9299
46208
18056
12583
21682
43437
7593
13596
1416
51444
39586
61229
75422
81705
31584
34595
25476
37366
199126
40816
3395
13529
20481
23168
26514
27298
34756
40317
40482
48423
52181
66139
84180
26834
4077
5609
10128
26177
25015
9095
11438
8388
25622
73795
43567
11142
64633
69937
79074
11157
31343
8487
35922
41735
9060
45640
178457
54287
43984
13822
8401
19438
54555
95641
40079
9790
22446
4689
17151
55316
13066
14654
154536
174189
172807
176298
177379
183655
185025
185572
191068
206426
58532
10957
19287
11423
38972
53356
28085
7268
20969
18777
27907
15589
15321
24334
27757
15773
60333
20054
40518
19592
17704
77773
14359
27787
26236
37122
24955
1586
72170
55814
35694
32375
193940
48667
34322
23936
23576
29768
61266
65773
66384
54716
21181
37222
35239
179193
198787
9116
46074
58310
16712
17784
35893
14314
21061
3726
32300
27590
61779
78417
210719
160646
25546
19283
69493
15105
14075
12829
27139
17273
16246
13808
58173
61798
44746
36793
16681
4337
14199
20736
31071
50820
11529
36450
37316
8571
26793
27043
6978
5413
18911
26676
30310
49436
67553
80979
18483
28835
35969
9075
26254
6802
156257
18149
12162
4803
22602
175770
24927
11481
73737
194183
179283
227117
85033
48854
24080
37633
62715
29046
7819
26296
43570
10329
17856
49982
13399
12456
32062
13345
36707
37298
34494
22266
84793
31042
36461
3947
39140
27228
25547
3964
228474
81542
15298
25341
38099
29456
201444
25962
12688
43492
23875
22569
24781
15988
159
21461
23132
15352
21288
27435
176733
22132
18684
38308
25661
9490
170073
9437
40985
42254
26454
38514
8865
53865
4782
40339
154697
197247
39827
17391
19916
12323
21472
41290
25193
10460
40297
11974
35680
57360
35482
15588
19274
33145
22536
30066
29041
12659
153887
51564
14829
12623
30470
57306
14481
22072
15043
5697
18379
9730
228343
19820
24084
27335
34542
56713
14109
42980
45400
77560
46649
19566
18549
7132
24710
1606
184914
49556
62919
69407
172868
182393
175096
184043
198211
215292
219374
233200
48630
87622
43881
41276
17040
16158
64216
11194
30328
19211
53007
23259
27520
177325
34249
12201
21144
17281
34503
9982
21169
29391
55566
26139
20379
20406
179718
34237
17407
5349
25130
34915
22637
21353
16278
10997
59314
26543
3334
30376
160176
226807
14084
65088
25148
42618
17020
20264
28695
66489
91861
159129
205655
14137
73176
41968
20573
2541
16546
18403
22089
80878
82435
12779
41703
25299
15805
19043
6814
52049
3942
21257
20631
35433
8152
36386
177955
222796
2810
45452
23928
44141
38718
58136
91332
53920
63711
15769
44127
26521
17454
66455
89408
19814
72608
25510
4984
7451
62948
58919
42547
72588
28320
15488
41201
30413
77214
17526
25835
35935
16672
5846
16723
55776
172982
178776
182195
225324
56996
20749
74988
20750
48292
12534
63188
8203
39072
5990
57689
23489
15739
11207
44272
10486
48855
48387
16782
27911
12346
41879
78489
9859
34897
8206
31376
173805
17241
31978
15104
20659
15271
24337
11065
30746
11829
43523
64671
41010
22956
29445
75773
33094
77717
6980
12216
35126
18547
28609
38700
42344
54897
37382
28001
28908
5043
17014
74052
64586
2090
24766
18126
32949
36489
46779
16987
38738
20121
23083
28144
71915
240011
18811
33093
46277
174064
36748
14301
9139
193467
87073
57247
13772
149391
20532
171295
27504
28394
31477
43041
160398
10936
3375
29032
26312
9570
13221
218985
18725
35155
15690
22671
45239
9573
32969
17474
54066
34609
2025
69618
8143
158159
54234
200869
5320
8154
8118
15480
159906
194252
216069
31544
51572
56081
27908
30570
50660
83022
15277
19312
42610
48865
51071
13944
49064
39812
18188
20576
47528
184435
34740
26013
43159
12717
14023
20803
86551
33586
47548
8595
11710
49186
45871
86819
42524
194108
202396
25728
39979
39688
9985
30941
13264
47891
36763
22295
2840
52026
42109
21360
21815
43256
40053
75881
16635
20113
18247
16996
12055
61390
7192
29806
49243
35023
27624
53206
23542
17366
28629
174776
13038
81389
32335
40856
8661
37963
29316
10978
12838
22649
16397
24004
43153
34656
40602
22343
35467
48595
23496
4005
48219
25183
238357
52685
27352
173966
11600
16146
24414
45534
46039
50111
62641
7791
16319
29687
38079
1869
79341
35152
12264
8870
20046
51854
57513
44312
32534
15108
40527
78465
19254
12104
20134
35943
39745
64701
69502
3991
199372
20138
22595
22294
59529
25933
31172
3831
91334
171799
175691
180761
189441
228127
5451
22219
8403
78189
3287
26763
33421
44178
21231
35706
41831
46460
51350
54534
54788
25624
72638
32658
43797
4656
34430
5045
23862
48420
76667
215813
26525
32907
29997
11954
95401
27293
29451
3930
5025
33986
175684
9231
13216
175806
64702
37410
50371
8994
9399
61693
20554
52176
15065
24277
50900
14647
22324
15115
39277
13595
92038
21487
5094
35809
35462
14197
11389
15716
8769
65590
42629
34926
28603
46061
19506
25286
24157
30948
66729
26925
48417
21345
38686
17005
33847
15466
26327
5140
33263
36547
48258
26600
43193
50377
81878
166937
53824
8723
8468
2170
15478
41089
242676
38679
27502
14333
10479
72456
32328
1157
47358
52459
38773
13007
63953
26306
60012
174882
181288
201083
18182
16499
16515
8013
13172
19347
20652
22193
33595
39704
44669
57291
60689
12207
56260
27931
6970
3556
8736
21142
21655
13089
23428
25900
191677
221480
26660
18239
7654
15770
8299
20740
84859
7748
29384
22196
9930
16104
47193
24828
86738
33945
28676
168315
13625
35277
9613
27350
54164
8890
28772
38114
954
12098
20331
74950
4210
7214
67559
23877
12958
5033
35366
43094
12362
8922
4183
61831
7932
51113
40485
15540
26750
17352
10732
39215
16735
6947
7655
14917
70855
20245
52401
19685
52437
22267
40441
36192
44243
76556
5466
19195
3316
13557
18184
29306
36030
20864
24141
18479
17614
26151
34470
52546
42902
26290
53897
90210
30917
21074
193364
218160
231061
236217
21635
58875
23146
7523
34429
16638
50317
27312
27626
24639
47914
81726
12954
2656
45311
10309
11726
3684
69181
13525
28924
19639
1540
38895
8295
43697
22676
13964
87124
5712
86711
175952
17191
10634
27102
8888
35173
45055
37359
14287
4447
22793
26990
28733
31317
47091
49102
54321
56342
82948
27059
1434
22071
21321
66979
189948
46873
6356
19215
84384
64955
1417
42149
3424
6738
24785
44667
35647
24579
27358
39927
83046
7651
33893
19920
88326
4002
63985
23791
11257
11617
8400
49823
11034
36638
4095
26710
6112
11472
29966
55943
26516
180548
14625
17659
56238
78229
62088
13354
9006
14707
6591
95676
10863
43555
15275
18116
20269
9576
28919
40233
24151
16402
24203
48759
24793
12802
68520
41664
30939
45585
8714
35464
3971
38821
17855
32162
36471
68282
29273
13559
16891
175489
177920
181183
183524
184727
223702
20637
9803
20422
9909
22195
6493
60097
37699
8429
7394
2681
10887
38239
54275
32332
28007
47070
37103
17426
13207
11009
20670
25791
36540
40144
45705
173037
42828
42454
200022
243973
22973
32678
18468
21261
50726
17132
9713
19484
20036
203460
7479
28218
26299
56552
25016
33436
22773
86786
23860
39987
16754
29238
20685
39098
24485
10135
172001
199166
10054
43339
15122
22149
30596
19150
63851
45924
14441
7610
57815
84404
17748
17836
19664
24391
27521
28719
37177
37733
42189
46328
3450
21133
20002
13704
43421
12086
31049
83817
48470
49427
171848
80039
53199
222865
22925
176035
27175
44628
23181
48572
33564
44635
155418
21324
25309
19803
36588
5807
32058
26065
58370
30957
6203
46747
11790
30976
6313
17512
16388
54463
6314
13788
230596
42171
39161
23304
31850
5550
39326
59400
63294
42589
65375
172259
176409
181369
204087
209511
213346
17831
51580
6074
2731
10025
8733
19088
17864
34638
4553
26783
21357
35165
4849
41974
25080
28276
61446
47544
19153
24868
28564
43062
153147
182403
68607
74045
14822
13423
23059
27087
43947
65405
31579
33358
8066
40424
71065
25697
13105
70096
26775
10146
229166
10024
53207
18941
11181
39758
12325
25082
59584
49496
19258
45465
58288
14172
15039
19222
8838
32107
6609
65269
12942
28530
6976
15669
13861
41916
21974
186301
63736
21188
29938
14071
3265
18627
41169
33108
201902
20771
60364
22317
45697
19478
16845
60678
150242
19094
174024
184872
21746
66695
11565
17625
5509
71300
86035
9814
27762
64500
58983
46035
7332
601
8471
12993
12407
27871
45981
83170
59116
9064
48999
172750
176127
238135
12793
20087
747
7950
38090
46693
77916
43140
174953
43601
9940
19849
89314
151460
35968
28494
32745
42381
42887
5690
49160
58470
82046
47677
173208
22236
49498
26656
12361
22527
40745
22672
20271
87425
38512
67746
9259
18758
17921
57670
17101
23233
21132
27421
11185
11676
12421
14041
51194
15460
36496
10192
28829
37886
49314
4372
22213
28346
85663
36016
23530
30537
16356
28232
6746
19135
39803
37319
52782
11566
17765
15555
55717
37441
31600
32449
14607
27132
48524
85901
193266
13056
54205
16916
57194
25689
9390
31296
34951
15882
6821
11351
27454
11231
15513
25600
9327
84387
18435
24207
19117
29985
45275
11725
44966
14959
7327
143
35242
69216
2664
208110
217119
8359
56724
20450
8164
17185
31959
28288
18042
37072
40749
73579
48763
11420
49948
1770
7288
21332
15010
35386
9090
14181
15774
6525
243668
39399
20101
24234
32703
33168
43541
46706
48925
60379
71064
71908
93926
94638
10162
58194
29682
20283
9937
13367
66553
92773
33924
11840
47913
72719
14637
13571
3198
26308
12952
23950
75848
30335
46403
44200
7133
1827
11655
16058
27706
12525
144
85442
22833
11706
222641
50973
171349
9380
11799
7765
28008
9165
72790
28092
9686
13773
17695
18563
13091
28626
21022
10761
14288
171367
7142
12968
76428
13999
11557
77785
63881
25625
31256
38525
53337
32099
33991
1620
50936
34075
47791
8092
16519
37481
47824
33039
47752
191839
41396
75467
15431
223006
21721
9727
19505
28973
8201
41239
7169
31209
25087
18041
217741
19569
33471
25045
21114
7034
43060
57811
8628
18330
173875
175725
211450
224464
54709
74482
12427
24348
7171
45747
26832
21435
78400
7553
42342
69909
57551
202032
29980
186162
13637
39674
31588
15802
34071
13410
19233
77665
68298
28079
25617
18808
231418
14767
13733
14996
29918
50831
34844
15825
29464
7903
197819
17770
17165
39087
230797
15433
43236
61105
67734
32692
929
10639
79016
35157
48768
6359
21112
19138
20611
21449
24934
26814
36942
51745
54558
55666
55704
60417
61434
79275
80122
90225
40174
59728
35140
12188
21620
39028
49287
3518
30756
20766
25644
39247
20834
1109
9568
32524
54227
26183
39833
66289
86624
16733
172208
38663
56883
57105
45658
11924
30610
21893
15472
22026
28507
10384
18997
21311
9533
33683
34565
82976
21553
8908
14838
5862
21768
14414
20487
16720
10827
13076
25895
35629
65463
56259
34508
26178
24903
15714
45635
61458
172423
178085
187313
2758
3881
13683
52887
49374
53769
15260
21079
22763
30579
60163
72323
22106
25229
73267
89279
17450
10256
28767
52290
56082
8393
31972
7134
3887
10958
28852
38636
29031
11255
17690
51674
9757
48905
77227
17676
175592
30901
21299
86726
14830
81696
149972
13980
209501
10209
32832
40312
12025
21861
13960
9850
73301
10705
28278
65222
71835
21924
27325
22057
4076
26143
29477
43111
19480
11182
29254
25320
23325
23847
50354
62432
18299
58881
35199
48690
14905
9743
4505
62189
173582
31822
25626
6748
17107
28091
4320
15959
31529
9975
8287
19919
27548
55877
5969
35623
54439
4785
10584
14703
15766
25068
14635
25508
29420
14498
48945
9922
26957
11958
34925
4810
61901
15920
27109
32112
36239
37584
43915
48331
48555
54717
59478
60041
25455
3111
186691
5110
8494
18830
37216
31816
3597
13780
13332
21024
13723
43660
30116
39891
206307
26108
62965
156823
173731
197287
218260
228958
24775
33067
58668
19349
13000
22717
36646
48328
13428
32674
24778
13756
13215
13885
65785
13016
19858
50977
8415
11541
15699
11673
70457
20110
177334
66084
31128
173521
186317
89051
46435
62132
77596
128
17425
30512
34265
35007
34736
5083
14294
11033
5321
54723
35241
50574
49799
191911
206347
43138
2780
25780
15264
16751
19425
24181
6660
25177
28595
77397
36261
29586
40682
19598
39644
37304
236108
22222
34339
21730
40084
49874
33722
2005
13707
20939
43733
35164
42264
71346
91090
25407
177884
204182
38622
14072
8228
20942
41412
173296
13151
71118
73716
6770
2362
63005
33613
39633
42128
11331
12232
53150
52746
5049
14064
62392
22282
200826
83557
22451
24024
40805
8149
6884
196457
183752
23573
9264
52493
150972
171543
180051
196773
216172
36320
46261
22469
17685
25930
25721
15627
60520
25525
27000
28140
33770
41364
41596
42813
48910
54933
57908
75867
92261
43655
8236
16632
19720
24360
55479
24837
39967
20971
27965
29683
37715
15167
239858
23014
49077
34139
30637
38553
17254
8793
58934
61923
40305
79054
19835
15634
19457
39048
14490
15364
14395
8256
19601
28941
43008
54754
58225
52519
11918
49798
31478
28098
47642
236117
28390
23312
12939
10268
39693
9413
13193
18552
69636
34601
22399
35750
18346
51215
17754
14434
55857
9011
38420
221369
27733
55078
8043
78890
14603
4312
19881
44026
7775
16175
23586
67277
213261
216734
23438
10301
29014
23397
18963
69275
69516
49877
16296
31985
26010
50658
17558
45670
74017
65201
11894
13455
7821
57148
37361
180023
46761
82588
151101
173459
173959
190466
213801
240948
84815
15961
216946
9779
27542
37360
40823
15817
9874
40748
40677
13230
15629
30262
5818
40193
54988
11279
21758
12110
48585
19556
31540
61593
80091
31941
37113
211627
27864
34780
244311
18990
78289
16709
47700
9252
49386
64240
8204
9326
29853
21478
25793
27902
29651
42941
46547
63030
67402
82690
20623
38536
50597
149047
30220
23094
29926
39464
149392
13082
29496
186805
14950
12655
21398
7923
33718
16688
38728
10076
41124
86406
55833
57229
61300
15733
2209
17047
28238
56936
44344
16157
9319
18791
51342
18426
36171
55673
12509
58715
21576
15384
22677
15992
46170
48912
31325
17150
32886
35974
68640
40089
174327
13580
33606
14911
16134
9459
20514
19115
45037
13998
30399
14191
27703
9149
13240
7590
17090
28849
11220
44570
62924
12013
29122
7727
21149
22634
12220
22254
1078
19977
23899
11861
15617
25513
58873
81491
174863
184101
223703
225595
13848
12084
13058
51220
16178
74098
40848
42405
90934
31299
65363
6268
57848
18109
23748
33001
54215
13975
612
27698
31381
36004
211089
62200
51930
26961
2351
11797
8300
39859
44589
82778
27767
37104
43337
44629
62900
23183
29245
45368
48321
62808
48204
50985
38385
40718
2087
10355
4654
76286
33955
21101
53228
14696
44122
20336
180105
37042
172806
19052
24242
58510
33102
41676
7709
132
20139
20884
45047
13184
36497
55965
4363
32610
35619
59800
79778
88417
14786
12464
19261
23677
18985
45156
6192
11948
69460
20474
10143
30914
65770
3857
14749
13023
16542
27048
39096
64243
179797
190679
36426
66303
5088
69979
155021
14518
174201
4787
29751
73195
55341
14363
60162
7005
14537
46379
20684
14024
31602
27723
14864
28465
17158
49790
26383
7265
46985
67154
24559
33179
77318
40503
24740
10751
39681
26150
92299
28384
3780
17328
178145
95393
184028
23853
3281
161914
178284
186432
187883
217116
81383
12343
14978
15099
15532
12131
24677
11361
24173
17476
18820
9419
58722
29643
12804
24025
28028
38710
170399
66213
23239
150261
76418
53405
15232
7978
2900
46245
35244
9818
29103
24013
24059
27060
37101
48183
38808
44732
55312
60610
16525
20066
12460
27952
41501
9115
18576
11762
40516
149112
40701
41535
18150
2241
90538
12145
14260
73088
25145
16939
18702
26970
26884
75873
12149
24519
42209
14178
26612
67745
10619
43611
48248
88421
45850
41445
64069
30152
26804
24179
30730
16382
11794
28466
22450
25446
46610
55464
3021
58883
17358
81691
22827
23873
39354
56489
49724
16183
35282
10116
11967
27289
39926
76561
5203
37539
19942
8668
37812
82302
42637
57624
29355
77573
11084
22847
23669
2934
32897
42775
3677
18539
17602
14131
41307
19650
10552
181255
4390
5185
15191
17200
22053
22293
29893
32800
33285
36460
37945
47327
51209
51570
59260
65340
87310
20826
175572
182553
230573
233053
66063
24386
36485
29991
17543
28461
9579
25896
64309
70078
14891
44030
55261
63845
6879
52917
64219
11990
12932
31291
6039
15141
15728
40292
86301
32061
10007
7917
4359
3587
11932
11030
22790
40632
9515
173981
18713
17599
10374
80058
9061
13331
12674
95376
89635
15687
24180
56698
75768
4371
51888
18671
52270
242545
45863
24584
36584
35758
20585
27313
14400
11480
53336
13022
18895
42301
27355
95102
33692
16234
21700
18569
19693
11914
30520
1563
51356
43640
160857
36167
41446
71351
31440
21078
235704
7716
13973
42365
34459
93948
38621
14673
31637
85983
22121
42251
198883
14022
12413
42103
38289
9949
9137
56978
4996
69695
55551
60607
19140
36956
17885
42824
25376
59250
65019
21186
8128
40473
42836
4427
14272
25824
193064
62560
4580
34572
18378
21891
14265
48567
12148
23795
18679
18525
16985
14849
52112
51274
13506
19794
232078
19792
15947
24103
34062
14465
8315
160523
172717
175784
202620
202756
209132
212173
227144
237299
15649
13149
55939
23344
24989
12538
41669
31104
60466
39714
16236
53347
8694
56660
24690
9535
5093
19220
43429
12722
6301
13977
3576
62360
6072
244544
28547
53300
26044
2003
29730
19167
25103
33539
24209
49219
63558
2174
60647
12705
18115
38329
23531
22815
15554
23339
25120
25374
49696
68284
70421
80691
86833
92394
236966
80224
64596
31860
82485
7336
19878
71266
8669
39653
32436
79844
68808
12799
19727
26473
178344
21579
17375
18214
25701
55357
21177
29045
84466
203939
3853
6275
45028
34765
5585
7613
25524
83985
19066
220154
76116
36969
28066
23255
94613
15582
15494
33286
20219
50233
25944
20725
31449
58709
43181
14628
55140
236033
27254
56761
8539
56940
90308
159155
34930
56358
59012
21349
23294
32372
50610
75537
226325
21192
7065
23588
15944
39111
20172
20568
81003
21779
59917
60940
23018
32759
6069
19769
45726
27780
10417
12026
34647
45248
79230
92356
19126
7726
14697
79983
83800
1868
12112
36436
6720
21729
44647
9311
78185
8297
40506
175121
210080
237002
6670
60908
7209
19511
22116
88554
66027
89700
24830
50382
64057
64431
22336
216136
52964
22328
31092
46930
37676
29404
12967
66939
8449
25858
24167
16947
60613
10913
93745
22652
39943
12707
18817
28222
31582
88281
17156
82938
9857
14032
36800
2443
41019
36271
10467
22861
21934
16154
32878
12584
18857
20417
37770
28348
3408
18522
43204
65689
181234
24866
29904
28371
27412
30753
24820
172173
176196
185346
27869
23543
34624
6293
46389
18391
21121
34101
9958
24655
15265
25206
26471
34807
42511
49933
53233
58662
71891
86003
15859
47104
15943
28185
21123
67337
16091
3085
41551
24349
6259
17504
34319
58206
13459
10264
9178
30057
190030
14445
17257
3427
54699
21935
71033
17907
18650
12217
63341
4633
37205
29268
55876
13460
42263
51479
69669
42431
9537
90765
26079
16001
20986
7082
34440
69292
179688
25666
15325
6527
10453
151339
73259
176176
178638
182891
189624
210663
18807
84157
92417
35226
20279
38618
18377
21562
24528
64911
185952
21252
32924
12365
49504
88385
43389
68771
14413
23268
9227
3153
29859
86558
21767
41192
33767
32871
11760
44515
10446
149966
150257
229898
15293
13890
44876
9512
51035
67373
7248
88983
24116
39410
16075
27469
16867
39122
50988
31987
16615
60362
95349
65588
11150
18844
19632
69271
35185
44970
26996
14522
11985
6692
28263
47493
34669
5196
3509
1661
18352
31498
46009
13677
8743
28669
20368
245354
8792
15793
33666
33499
194323
92500
39635
91264
6512
27900
45742
23243
23164
30591
11294
63387
28704
39563
74875
8541
7525
15533
19132
69152
14343
74493
39395
18730
18306
14383
61236
179004
64412
9895
39282
40203
56352
17877
20990
2421
4993
31623
79293
16708
20563
22478
51917
71193
76540
77273
87312
44340
10165
17193
3775
16739
35558
45195
52417
32555
7609
46714
197112
180035
193681
211962
238126
18726
46715
79820
49699
10916
65993
51662
70586
74569
15548
25792
94709
12151
54304
40357
42070
238473
55079
27232
35642
20135
31262
72837
6719
22570
7274
20483
37732
41125
9047
21582
65966
41856
29203
16802
210977
26882
35771
41589
41671
55868
150542
176277
221874
25659
37030
15304
83355
13359
32121
67665
33625
14087
38875
30832
32934
81904
4389
9707
52214
18017
9146
15090
69892
38001
13816
19716
29236
5909
21936
6066
49708
81168
7690
50414
19868
28958
13633
43102
59827
176002
6308
24490
48322
230078
7194
22870
180872
15002
73097
45665
79243
37008
42812
40575
20473
29413
9516
11209
41022
171908
14933
10380
10491
45022
21016
6982
8697
42966
58100
18995
30966
45375
73698
23535
11569
17009
35104
243166
20804
41058
18408
240425
7136
29463
27649
56141
57013
30661
8510
29414
55697
74385
76263
86717
17582
56144
46785
15088
43687
13251
58645
23402
16799
22141
11952
32076
68406
26952
16066
19922
18571
74319
30096
11996
3675
14648
5678
6292
10795
44216
58925
27830
37345
1884
11879
18521
19823
19564
59328
16575
5403
172019
206920
224608
239775
11196
17796
25795
20201
11803
19927
49325
30370
22807
44500
15525
12484
36624
40672
63066
83476
66761
28184
73713
19844
46505
33989
19561
39268
32159
46627
30506
38714
24344
6610
18692
19034
20587
26544
40808
42358
59892
79023
12399
49612
43335
30007
178433
91919
30197
47437
150943
59090
52563
65813
33015
24102
18207
24723
47774
58216
21693
14598
21556
45701
2898
17173
19183
63020
50729
33382
48895
41716
235441
54938
21176
51034
45474
18656
76303
10825
18624
32404
68941
30015
27467
27925
40443
11644
12736
21706
31015
29106
43922
9371
41854
11806
84635
23776
46408
4517
76533
9990
27010
36113
70337
29221
26620
52761
29133
6984
25576
62172
49617
36040
23915
21784
8081
20356
58024
38943
27317
23474
28756
41913
70437
87618
90377
16724
23945
23836
47848
29440
32798
53782
17180
73472
24092
844
10006
46221
19181
27763
13660
30150
17207
40478
52611
1571
155059
163730
15471
15618
60186
20619
69107
43743
150008
187132
74707
179394
181619
198582
210346
231167
20970
9092
9877
47769
24880
21475
76631
37730
25725
16549
8617
61758
25155
30593
64629
48352
46903
40386
15168
41160
26492
15354
6214
20340
5998
29395
194613
47904
64023
21191
19083
54307
4875
19355
20707
84564
27672
38558
43891
72090
24199
53457
12048
40868
44408
36526
34460
2563
27953
29302
94320
150026
15435
16744
19301
20165
30868
37474
38409
38866
40599
42004
51533
56557
59818
62408
67695
71917
69191
32104
213802
50017
26760
49187
93341
93785
53712
30667
13011
10677
57415
5707
31315
24317
33671
156
62318
94162
28180
21513
12966
11031
16328
31651
51001
10372
66465
21254
25714
16468
92016
63737
16609
20572
6804
19703
34105
160843
14757
179401
88073
197062
23589
29559
33559
50536
54125
57861
8775
11170
9086
8569
30883
44587
17494
37722
19154
18788
18375
18546
15872
54556
8941
9740
29310
22695
28043
13243
8732
8861
17759
4375
39379
52815
7962
172972
173430
176505
203200
3589
31079
44333
57357
40909
24118
59051
65539
71960
27858
63460
42445
73561
89776
39308
25804
83247
40452
24725
14089
34058
37024
16738
18524
46776
85587
5071
4665
13046
21250
14949
11101
11297
36353
8863
160058
27895
5160
2826
25559
15708
47130
24953
36616
35865
61621
63447
15489
19296
12137
40840
77633
74768
62462
38581
30919
15893
568
45808
41836
14130
37317
24674
17951
81591
10703
86780
155953
48654
57857
40593
35662
17076
179349
180797
39007
49360
28049
54312
76664
32624
84441
29269
65542
1800
52784
14034
20516
28546
13663
37490
20064
92031
19691
20600
15044
17541
20434
10841
17122
22373
34603
13646
12077
13561
17981
17824
48305
22445
25423
11807
17456
17821
18432
23757
24347
57927
69034
9769
5311
15952
15636
17369
38187
11846
78824
10085
10529
34261
55656
57655
29274
2567
82788
25153
62813
6013
21106
60172
59855
71320
50372
24681
32971
50147
82473
17017
21912
13519
6703
2701
38606
165071
174820
175078
176668
189680
195899
197222
219131
14752
48184
20392
4403
6407
43661
12857
20583
44466
52038
78207
47239
8783
51203
88584
60224
15114
48140
15788
25869
13813
7068
33599
66049
68251
8076
62974
35261
26891
48311
14759
200592
25798
28476
57419
57553
25091
72770
30761
51577
25053
85639
28565
58814
17019
8077
21904
173461
8791
25548
9240
29507
26500
44297
57341
39238
14561
38769
39988
61835
23353
41706
3466
46838
21751
60129
25006
10179
33667
26566
42306
23764
9754
25712
41926
185879
41454
76101
3002
59610
4235
80347
27443
68914
188256
10676
21204
20290
95017
24958
56578
68343
15523
58865
47103
24112
4338
8142
38086
49704
25844
29085
13055
151493
2520
4046
66900
18002
13543
195809
25054
25113
13050
3617
3402
43315
26611
55428
59493
14373
176862
35588
1922
36140
61698
56343
57749
26917
23010
36804
49063
33337
29622
21804
21183
57491
18704
15836
65887
20382
18393
17881
1772
27135
67268
4913
6341
179262
20078
37292
173287
176704
188538
196065
26642
42986
16343
81183
7501
35221
53864
28587
4655
18609
25400
29529
34641
35689
38058
43995
48867
50096
53088
55893
58614
74512
81850
9799
57659
46773
43532
65495
92527
20476
22632
22247
6491
39476
27553
94691
229724
5801
29234
27936
36629
21901
36836
14139
19658
194821
30474
36363
9858
33805
25005
212259
33467
28217
19252
14457
20220
9377
86607
3048
7960
33041
40226
38664
16300
10508
95952
17403
6806
18133
27128
29726
29877
81743
94623
45392
23644
18459
4983
74681
16683
16114
27710
40960
55266
90763
238298
40232
202010
49016
49916
63626
30569
39438
48081
46535
84893
79446
9318
18763
93965
11858
19708
16612
21255
21431
72043
24019
19178
5544
44716
23190
36696
14987
10269
5826
46708
15506
24270
9425
48396
231763
81574
53423
60640
21825
18868
23221
45936
46228
67076
25902
7381
35985
62910
64915
20843
87057
17977
85146
75888
62807
16293
21402
24575
18761
15424
33579
52665
3660
32483
44089
10483
9751
14660
58456
59311
25483
43441
16406
11312
50089
35983
9733
2525
61476
38540
10896
24853
25209
20857
19427
4123
22840
74240
40435
43542
92400
17785
10337
23044
27387
46680
43534
22437
27573
171957
177549
181858
194622
233960
40937
19383
60800
9755
77855
24083
29725
18601
62550
24967
11028
31524
83974
14243
36702
37381
26007
68144
23032
49125
45292
10371
22387
51563
9213
11117
18543
46385
32490
151357
29048
36590
67580
193335
16858
180665
14588
216207
32045
60300
38766
22230
32913
54159
43039
43982
17779
14951
48343
25432
52747
29699
70349
15515
29962
35796
38952
46964
49226
54037
56425
59923
79730
94692
41587
19163
15565
17944
39578
49390
48212
9097
11049
1229
11044
15455
22761
36397
17051
155806
17299
21420
20369
48130
18781
10059
5961
26190
8362
9038
162016
86174
35844
32830
25826
46212
35937
36751
45811
29329
9542
14025
22463
30315
33689
7581
180835
42669
13051
55779
80849
73262
25186
72472
19988
87795
62833
31566
2338
19227
22021
59576
35704
36297
39044
16149
23088
55813
21780
28033
60747
82785
49170
87366
13533
64123
64554
13128
14308
53969
53670
13590
41262
27949
28776
39752
40667
20327
14124
242093
58239
35481
21987
12778
54541
4554
5810
28457
76647
41295
61432
26018
10985
196055
30958
28261
7608
373
57899
20073
67525
24721
14818
19570
38132
16202
26931
15929
17164
27363
42246
83497
25682
25605
65531
37986
12679
20682
16874
26564
45832
27259
22564
67244
17764
42757
7301
872
35476
46653
49653
47971
66993
10018
29131
83445
34146
76532
16207
129
59949
48907
22019
13578
10257
4761
26432
45203
33269
54515
85348
6393
32931
85103
5193
7671
34890
70743
11940
13537
33662
46587
18329
156963
194434
40214
44656
51733
37540
11684
3216
17462
29033
27226
30915
11766
45855
27455
13706
11188
38776
217796
152596
184584
12719
15289
12222
179636
8768
91744
34207
41966
71171
223263
40070
32975
9559
12113
35938
36949
65316
28100
8549
84199
15016
991
11659
20029
21931
23632
31269
32498
35408
43415
49640
62230
83334
89204
89244
33572
32602
23793
18470
21485
3306
57004
74455
19172
22120
53882
62940
62741
61393
18436
18644
81870
21792
17263
700
44286
23003
31619
43929
25105
34600
26536
52866
72525
90163
19481
15967
46095
83442
31005
37448
8010
17410
50846
14108
52379
36328
7907
31854
44353
85456
16262
52778
20052
50033
9181
10398
61382
43015
22374
18023
15889
32631
225278
32261
172698
174001
176532
180097
181080
182933
184711
192226
193304
193354
204568
217425
218023
41248
25237
45265
10037
14714
8624
2596
21531
22802
12709
43705
57455
46478
2657
45547
57151
3794
25711
33633
40181
15999
69043
26321
22333
55562
32160
40501
57376
25393
8289
26148
10330
42204
15392
82670
10410
155334
9619
33584
28557
11460
22871
70450
5803
9611
2636
14421
73352
80062
32477
14906
20972
44480
5290
27841
47179
53499
2850
14116
12475
18743
52920
67689
5994
62798
64390
77781
10912
20980
32994
62138
32354
18900
51389
14418
15336
23320
24502
24228
56703
22728
16943
10433
23111
27480
70360
12556
14262
38937
19641
84632
27903
20477
62024
43117
15204
8631
65371
198180
17539
20788
40376
40917
91006
55015
71309
58593
19952
5932
27372
35218
49472
87055
25718
19139
33330
35109
41512
49875
21362
16957
26994
56279
8591
78140
56292
10519
11498
8045
22112
16968
20802
35116
49407
151461
75674
12203
130
32480
22668
34338
44317
72743
18913
1427
29397
27601
17133
20099
27183
54045
57260
8309
65824
12639
42826
48438
42746
4137
23890
35742
36733
18324
23743
24518
25881
26410
35383
44574
48015
62311
66414
4949
17756
23557
56207
7205
45035
174805
176947
179083
190472
190883
196021
206195
214476
26973
40491
18970
18005
19619
38323
63336
76016
27396
48327
22580
32225
14799
11362
24439
25152
87701
70221
43046
47067
14161
41178
56526
26571
22370
25664
15282
2726
19387
21054
27662
20634
45859
44199
40513
23958
3190
24621
30614
31805
35130
64973
72889
4733
18912
7548
20648
177155
19537
23668
11344
30887
51783
24475
78782
23024
33291
26872
28367
9308
45852
14035
42861
53147
8907
9745
10980
28566
27016
33297
49120
17443
2310
13690
186057
41928
27775
9406
44771
58244
75760
81787
1651
20397
50732
27921
20852
13360
45366
19077
25918
51435
18291
46008
33931
24546
12051
38716
39138
41232
13990
7660
61737
65619
9123
35427
27086
18233
16126
12156
14152
18984
9639
44154
29272
23900
24231
43285
27179
4971
18409
69595
59816
39692
20663
10219
53797
84986
32171
11085
31032
15803
14916
51491
22142
9274
25539
14832
42417
25825
180819
223390
7073
49343
12744
39356
49359
49915
15335
32282
246721
21833
19185
13508
29480
35198
42126
21185
29631
29839
26539
27546
22678
21970
17530
29646
23571
18053
70069
22175
31185
7956
243220
39257
47332
59761
78989
54810
54789
15918
175518
199906
227884
242799
65986
52233
18340
32289
14215
26520
11674
28312
24235
148386
15790
46710
15468
23729
65220
41016
48621
55960
21518
9280
200941
228630
17820
46289
5778
2558
13479
41183
77136
36014
17667
26671
10202
42392
9736
38083
37182
7310
32740
7707
21265
30932
33213
35402
36391
38970
41608
44383
46018
46787
47434
49949
53295
59197
62093
71945
80112
92636
233275
49146
209315
32258
47048
33876
2619
9643
24136
47387
50341
9517
3724
241686
39386
22287
6987
51218
18674
3409
8926
21773
46916
32717
44301
12011
20531
72146
34386
56766
51850
22181
19317
29053
45376
151426
179510
184631
34725
68145
24353
139
30119
19719
36620
93506
6096
19754
54665
17469
19173
81481
42146
21571
45956
37070
41257
2698
33113
16881
23635
42767
6794
24555
26047
230638
7750
33853
32783
17290
13786
80740
24756
189796
27104
22716
11947
7983
15570
69641
85570
184883
18648
19288
22881
36715
24742
38394
15785
54342
90572
17691
75952
56182
8270
77732
56534
8997
16529
47352
12228
81310
154257
39835
25649
43215
76176
17043
10191
18554
30318
45692
58312
91259
13784
26878
12322
27224
39289
18865
21848
19865
26388
33208
13751
44974
42534
27750
30072
172451
174103
200219
200682
25271
55235
68626
11728
36863
61862
5652
27652
35414
13521
5468
25141
25564
34916
16900
53850
50714
36964
28917
21994
60447
36890
7206
44090
11825
28665
17203
31668
10468
19345
16937
34037
32773
12281
33190
57590
9185
29450
22211
41020
15958
24352
18608
173661
9529
58987
40737
48066
15911
24148
63180
59911
67587
24537
34945
91554
11872
14435
6423
78923
27731
25171
167381
27360
21207
7392
18381
9789
59514
3126
1972
11764
24679
13627
58309
5127
20782
63219
18014
13021
19242
153794
19255
18818
23371
23470
4453
22643
28442
24403
37879
79900
225549
14455
22108
23751
25027
29104
30716
30946
33654
39229
41205
43434
49108
57874
64855
80141
73696
49570
20319
60939
83412
3550
60369
3837
29551
16030
28444
49994
29144
31519
1131
51047
38447
200285
8659
35525
15229
34038
46479
77026
35990
48237
236952
86417
3396
13655
40087
81982
35876
23030
17634
49042
10891
5201
19462
53069
47286
58444
198698
26015
25344
76372
43495
8052
9152
64041
42898
13767
41738
60279
23450
52019
12034
76458
204014
15087
28403
43752
183715
22147
162862
178265
183225
208520
236581
64341
175862
23619
18486
16386
29153
12191
35683
41690
46802
13981
49416
77987
24562
40598
11505
73555
31460
63972
87920
93058
32108
27823
17152
35533
13142
39797
53682
35214
61520
34495
19156
11554
51381
4709
61325
10385
14381
208706
11625
24481
60823
79042
10240
25197
45221
59676
68675
74330
4720
94231
30851
67935
18967
22325
23702
31075
24236
25464
25561
25252
26714
10971
17845
19871
31066
55173
64410
20495
13153
14778
11909
73260
61307
19304
858
8519
95874
66590
72441
189444
20235
41964
24463
29264
231918
46654
12913
83694
220706
29246
29933
57177
78322
36207
54518
34717
5419
214340
25599
25819
182705
25050
72807
11916
51487
16192
14489
51224
14853
43778
33914
15907
40896
242283
38449
23341
3630
32683
19987
44048
60935
77876
62196
11475
79214
10023
40894
92072
33271
55523
48575
57739
75561
8131
21760
22262
27744
31347
31607
34729
34875
35443
36434
38284
47561
52980
63309
74251
79039
82413
85869
86347
5483
18160
10917
2644
63227
49079
50460
31984
10918
212687
19367
34471
18284
23343
28606
43729
41475
53159
84271
29412
34501
85151
91521
35225
222543
24577
15823
31052
40580
44870
58550
2411
85866
26734
61782
22862
21743
12085
29311
21365
33295
10735
15338
65656
78723
91904
22772
27857
33887
52851
20195
50104
85567
31410
19931
3426
14936
14656
36289
19962
41171
45129
51175
77411
45430
76548
26623
87922
16971
41547
175264
10498
32565
173790
174134
21116
26667
10560
20250
31303
13667
10953
35538
14784
9354
12678
39478
17238
29721
19057
37328
32537
49855
64654
16804
149175
34534
88526
33188
26843
33673
43707
64714
68121
70808
234103
29752
46052
11238
48652
27447
52515
18516
28853
26865
29120
25055
24469
34431
15040
81425
4914
59271
23661
39774
54633
64460
8915
22729
33229
6975
33513
64090
3128
51068
42403
5959
9928
15222
19699
55853
62083
52391
26243
19032
34781
182548
14430
50451
17145
18443
14476
6315
75497
91539
10336
88665
29094
10169
45247
42073
48112
24800
38907
11776
43017
43583
61850
37237
29890
20837
29670
42673
44025
26479
5877
8284
55238
57138
61400
19781
27463
2622
51977
39292
9760
84370
48277
67854
25806
28621
17840
9539
27403
187661
182072
172278
177049
198667
200319
222238
58252
65144
192200
60106
9304
60923
7229
5804
5116
27948
20630
23870
65141
30655
34153
199085
30345
33105
20529
38265
4376
6597
17208
23538
26075
31406
36332
38857
40470
40733
42276
42691
43299
43857
54034
56620
67473
86067
15444
59996
168889
42050
35701
19170
14258
26453
23769
45416
12381
21600
45481
14326
68544
72033
5027
31741
52773
5913
39160
92278
30022
21194
45715
54458
29594
153145
203484
5874
15414
11016
85251
20123
45982
61781
75737
78486
22777
82060
25516
42615
46003
70238
3691
4387
24163
3295
29334
45573
2180
212718
5409
16190
28641
24792
24791
27028
31986
39652
63234
26773
28793
40388
42312
62458
71048
18553
84643
14531
19669
8899
30935
91889
22184
14006
22578
207205
224782
24806
10430
29006
82254
4086
23709
23197
52933
12463
31000
17234
35344
32547
27379
18599
67194
9673
25074
9188
45543
41760
31947
22040
51057
174177
9059
21010
48281
37958
153221
35477
61276
37805
597
8199
36981
22985
13115
53937
5124
214452
1164
20503
21503
45252
37218
13442
10511
155809
173244
21097
82584
6162
23737
23738
11605
227938
32364
35229
46537
18165
10867
75201
11203
54177
30029
18536
10088
19628
40477
79369
27622
40481
48475
64901
34790
46006
80021
50407
2655
37225
25044
10818
154096
198740
210557
218024
219567
239358
27868
30439
34199
66131
66562
183830
18605
11245
79207
26699
88491
94979
72046
33514
40032
43895
48632
17763
34519
45412
62496
23038
12293
22329
78354
52053
7880
18048
17900
1738
227740
49382
1768
74602
23562
175828
31130
50180
9824
30742
28701
172076
244451
22533
11834
89030
17245
165628
13086
141
12224
22424
48538
73989
236822
47927
81586
70123
94252
46316
4518
41718
12971
52968
81530
87286
30456
47470
10969
41977
23129
7746
25719
14652
22875
23611
30717
46560
47641
48484
73845
74438
75346
79274
82277
85142
36712
5059
27786
64682
169286
14972
65461
55948
52118
17129
26630
47503
50318
12601
5328
34051
71479
26026
36823
52966
40715
22133
45253
12752
48300
86225
37595
19499
27979
7847
60644
31324
73920
85522
91635
32689
27025
40759
15902
21941
35543
37368
19667
12415
28538
3465
10715
26778
1935
43674
12068
4151
53153
21800
69692
45695
62399
67384
171300
28685
17311
25744
29902
35387
60314
73465
25807
16492
20754
34956
15018
23680
50522
31717
54896
90602
15674
84014
7846
29139
34354
45779
52974
5727
49873
7448
25098
1198
19435
24342
27593
1115
10376
90090
54250
20314
13951
31419
36253
55402
80508
39583
47275
9583
27194
53945
13242
192129
33086
43558
48056
32487
41538
53749
40716
175094
177762
178797
183452
207764
43971
55700
90712
11925
15297
52894
71664
23977
24625
20500
37787
15028
51666
22885
18598
30668
201269
80253
11467
29972
17807
21219
39647
70298
32595
14079
14908
31279
63658
4481
7904
238945
31965
8713
46914
68943
75972
21908
180712
19038
69884
67196
69453
70850
8665
16640
38470
21805
14380
26129
12259
43870
2398
51008
52268
18564
19361
23987
46036
73439
7541
4498
27647
24047
41641
22730
25969
37985
15060
13843
45614
21873
11572
16707
60327
1263
16981
33357
25462
32129
41318
80571
26253
45983
43381
65533
16034
32956
15936
40693
15563
43594
17112
21777
70864
43831
34946
47165
17576
76412
31244
80105
40751
56892
46148
26023
88110
183938
27837
11949
15020
25518
31257
85414
29113
87783
52551
34451
75303
79450
83782
15721
1291
20482
73093
37145
95069
11195
51889
35644
555
26214
9574
53141
6246
37667
20543
29793
19100
25456
44722
29237
18642
11368
18889
21466
23301
23717
24066
27481
28187
28761
33828
34371
34787
35259
36274
36657
49100
78274
12574
178440
26340
19338
23282
22447
3308
28504
18982
22703
25354
62970
25123
22747
25620
48400
27458
70270
50802
24340
26246
30003
81332
3324
18653
39493
50192
4912
17481
79848
93896
16746
27945
42041
50617
23378
54707
10870
20357
89934
2606
52786
73398
16115
11639
34126
59358
71613
24200
13026
81838
6718
173393
16436
12038
160976
183555
191800
204979
218328
42699
50357
33899
9732
16509
43313
2437
57518
8876
43719
26532
6409
78825
54634
64926
88233
10074
17633
53924
32393
84686
14862
21343
61079
15373
42927
45992
194598
80900
17272
48596
21577
36592
32391
188887
188923
21661
150538
85957
20075
75383
81420
21831
32504
149984
16475
41846
36027
31656
16345
19557
68882
32754
22608
38157
14680
19651
11500
32125
49363
50736
53106
53786
54860
57678
4163
95396
15239
9283
48164
75914
52524
9906
39311
33317
53072
16189
12406
60442
90211
5837
85408
28253
14988
26126
25770
31384
8612
28579
3634
230042
41592
42105
17345
14029
41626
69830
75374
206647
9891
218691
180652
35564
215440
56442
42685
23838
8812
165037
34337
25092
34023
28569
20400
17453
31184
35153
50029
18243
58640
62108
67236
15178
20174
92785
89298
91748
66146
16675
53441
33254
32389
22355
39167
20461
58716
13741
20991
181700
186587
49284
9021
33508
16870
34229
42835
45535
73622
31581
56385
34183
53012
68646
21395
14695
54315
41490
7158
95079
14238
61568
21218
82494
92584
48330
44576
38685
15842
72948
88634
7388
59499
61282
25062
17571
51900
30828
16352
28962
7974
31428
4347
74089
59582
88117
51190
62061
39407
94080
172671
27619
173581
179358
206985
243505
18417
15245
20230
22999
33619
34446
37930
41820
42975
47154
47406
50148
52826
58022
68634
70387
75883
215680
36784
3093
25293
20513
49291
14713
23526
51862
65131
34489
20428
19613
3897
29609
60285
86148
21716
29457
29317
14616
12292
46174
55482
235877
15662
17227
31511
34613
37508
6583
35224
21378
30869
180494
6003
52684
180539
243566
56905
60780
9244
83862
49059
8967
17437
53591
27389
93878
25914
21538
19997
142
41851
71007
79798
41143
78781
45897
76142
15254
36500
92493
23479
11441
6264
57104
19809
17545
42485
12874
47584
47718
84433
46565
12579
27199
53296
63776
52213
47148
14149
6783
54409
29780
49902
34962
84811
46676
1205
29201
26640
71319
80819
15462
84049
60485
28097
18211
69764
191988
15960
25034
36025
68467
159856
16383
45316
46571
11869
85579
32665
9703
13109
12616
19742
59803
60263
62160
68496
71403
41720
39435
78876
31363
16873
16747
38036
19275
19019
11485
7243
13617
49835
50823
22054
55945
196957
61932
15832
205821
209935
39741
33283
22834
39136
225505
29458
30021
10665
18079
69882
83220
31824
4247
4317
46407
59387
59535
69543
70198
42099
7161
13967
23812
18301
47961
41522
19668
40538
32770
35175
12836
63192
25149
165138
20816
23728
61525
24647
26156
8662
48707
172206
175999
176766
179073
180193
182091
186089
208584
213120
214495
17652
14299
73965
18274
35255
44976
82554
37967
52243
60975
10838
38067
17016
19321
24990
56268
399
77793
234313
20671
14180
56547
15074
1598
37617
28905
27197
26273
18567
35339
17490
51955
69442
28191
37078
65071
33489
35779
20897
25329
27749
151534
42228
9088
93290
40821
243151
27888
4467
58648
8450
17952
4355
57062
87737
17032
20059
23901
24416
24489
35887
36076
38316
42619
48745
52402
53511
53605
77342
21534
18327
47427
90123
199283
36438
51741
243518
28481
9113
37112
24171
80946
14646
6792
14398
27247
16099
15512
47977
22045
17560
14986
19074
80885
71088
57683
1695
11045
55112
13099
11211
27017
16543
188020
3279
46391
47617
34822
42845
7439
41418
45005
53140
18570
64267
40309
25563
65584
23174
54003
46053
4512
23049
39010
28248
217887
6005
8758
8453
20318
244299
6446
27966
53064
23413
90664
46181
64371
44989
3890
2028
13407
13027
23606
32590
26384
13439
30495
14369
42480
20179
27230
7856
46925
13662
56541
57390
90734
238504
242406
27999
81065
31548
44773
91077
33276
25865
86773
31732
151348
31721
9046
10338
22338
16828
6910
18131
14420
2051
163326
177337
182398
183021
194684
198540
200686
201931
214708
222727
234306
42236
73887
11025
26104
60120
49172
22460
76471
59376
2910
756
10798
72207
43875
29304
49221
69016
214744
43946
20321
54757
74460
34679
52582
57939
17745
7596
18932
26900
81354
87014
42027
53433
51422
17640
10514
49650
52125
63381
68430
26855
31693
34766
42326
195666
17362
9053
24393
21614
179076
229706
49718
45279
76173
42665
84019
23426
23036
39352
22975
24755
17134
20581
8135
44049
4063
89321
30219
52014
11994
32856
63970
48155
1952
41005
65729
57904
47096
23471
33733
10854
54310
6126
38442
192398
33780
54217
73115
76850
69574
19060
39851
26655
210192
32283
10768
46295
23384
32064
17893
19507
27507
29257
29385
30332
35874
37818
39126
46084
55954
68995
76311
76586
78104
86807
89175
25696
6478
82823
4474
47601
30437
8234
140
18733
27524
39002
39975
50653
78389
11763
29029
36249
33690
23952
28469
18068
165303
31338
43746
182640
19461
27127
43095
18209
31925
72634
7348
18430
35327
41459
24073
92958
19800
28792
18103
68421
46701
22605
57144
32834
2238
148490
26816
168977
60453
198175
24901
5021
44993
59683
32890
42946
18465
23956
63768
79850
244147
35232
14770
17211
69164
38025
22929
180129
191655
198469
215920
218478
222760
16748
24384
23672
3458
9780
20584
2505
20762
8473
6809
92243
28304
43485
69859
20831
149469
25790
69169
25258
12769
21551
73094
994
27909
47265
31803
82578
18241
22402
29659
36790
51637
34224
6869
41774
54024
32362
55073
39795
160573
32345
13084
25466
16908
56593
150660
55119
8430
199960
16079
15031
50258
12179
68352
23156
49477
71739
82036
229570
39520
8701
54520
10730
34366
50242
27693
32635
10929
55729
43822
2642
33732
11246
33238
36283
36928
42923
54671
14785
38803
150551
19574
55478
174927
35312
12377
33120
21957
79716
24271
42328
33872
28760
27833
18313
48361
70204
27119
27730
16294
19008
11885
86498
240205
75502
22060
20928
42143
45511
56301
13572
15259
16036
10647
14840
68043
23658
71006
20412
37208
14867
35137
2786
45328
78456
49848
32427
9723
33148
15096
23605
59557
78297
85920
22038
23676
47007
7178
48154
56980
64676
38855
41480
16164
82161
66009
14902
26831
30185
5209
23662
25029
32313
37666
42182
43626
44067
47340
50976
53315
65535
66491
77296
84673
229770
80289
23439
64046
23609
185895
42985
29625
29713
15448
43169
184299
26940
55354
1239
61368
8503
21327
95552
23978
9855
155191
148883
40199
30351
172487
176216
182404
186635
191920
198692
217598
11432
14205
56999
72705
36480
13289
68718
13585
70964
29058
29512
14774
33122
72407
6194
15663
31314
71690
18966
25133
10532
6284
35251
47784
75115
30308
88455
86743
26703
25316
4527
17538
62792
77003
15553
1507
20662
217506
16624
28675
72031
52322
30171
34234
36599
25337
45731
224841
24779
37475
228354
25830
30177
75419
12023
49205
15437
54006
41359
43406
10822
56788
70378
1641
38063
13279
16548
59449
27822
30260
36571
50021
58713
63547
83100
162785
23650
18706
87541
33580
60698
23544
58124
7850
28554
42988
21504
31603
32863
37033
57287
51337
15270
32195
33241
13311
34396
68542
71122
198987
230461
20467
22623
45548
18738
15133
24279
32174
6551
22274
12624
83952
31136
60298
21263
56743
90197
26297
25589
46713
50154
63683
74994
82877
24304
24308
42360
11356
84459
27136
66938
50098
34125
28149
38631
52062
18839
37612
25084
13271
3006
36205
65157
72303
88469
22701
79588
39186
44183
29249
95385
37611
55289
85749
89370
187937
11542
54861
33857
24056
39052
6860
63656
10177
38350
56960
54551
12388
42911
58760
45270
74812
32698
40391
34970
67894
30654
19913
12225
81771
46871
7815
20184
59388
91881
12664
19629
2926
8096
21650
2464
20068
15144
24265
29411
26512
43527
21307
47409
17649
33900
28340
21172
67864
86966
12735
41145
60670
57772
25459
32591
52191
7870
22088
25325
18618
53269
16956
175045
192338
193416
214383
54013
2917
9027
35138
17146
45330
37820
31887
25521
53482
33521
34670
49171
79460
93805
20446
24939
29575
24142
71378
19722
45994
70248
25769
164975
187278
34021
22316
31374
14738
18139
5695
63740
82596
37174
9604
22502
12273
18843
19046
29913
18931
24998
27294
35454
36932
42804
50819
54348
57374
57900
59347
64852
69482
73582
73959
91031
37456
13310
31190
51271
83580
52984
6143
11871
19786
37794
79285
184912
10034
32418
35635
152777
173130
180005
20639
36133
43075
29879
53177
27795
27324
34870
14393
5314
40563
21629
60335
71365
65982
61733
10506
2188
13742
40486
45233
46739
61396
14493
83868
91679
376
66606
22907
53795
62406
15116
21236
5685
155355
72939
38207
27586
28014
53751
19307
67203
179460
60159
32848
49693
27392
29039
36556
10073
35803
47066
56568
59035
229575
27638
45959
62405
16490
9951
41755
51624
14795
62305
3020
34186
192325
28782
48566
72836
77893
5560
47805
14349
50491
13652
29830
38327
62538
25303
42162
50188
91937
2744
54756
13293
37515
47599
86513
56339
15470
44644
12176
93304
35551
31249
41675
47173
70276
12408
16613
13266
52275
31103
71285
45702
75108
28206
170598
64376
34584
33444
31802
8877
21153
51157
42384
47626
73608
65035
31793
57186
177381
25041
28527
22546
57992
90140
44564
47326
26223
22967
92607
24090
37795
7539
14351
6217
6215
58745
29707
85769
28662
10181
67654
32115
10439
51155
77278
35473
13377
52468
32236
16347
48981
69486
26653
16630
53773
44375
34303
59355
84294
208142
76037
42745
47191
241936
6148
10588
31766
15269
49934
50981
16069
60301
29446
222367
60240
20381
19530
94660
172725
172933
179043
179207
180041
181272
184885
207271
212520
2828
1664
43906
48297
18988
59212
18863
26498
26847
56084
18236
58880
21603
23442
4423
89842
22626
17430
71926
69413
45401
56574
75772
12221
16658
28789
37998
89586
17896
25776
49545
56262
24383
88247
51556
18132
10501
56320
36038
47980
23560
207815
37947
45154
40343
23527
16695
65159
219621
28343
28831
74011
47692
13068
31862
54965
61974
5783
164990
35024
49828
75144
11349
10308
31265
35604
16725
19802
32337
23360
10999
39405
37416
8985
150516
27050
33345
27724
17562
76699
55918
57160
80893
16156
39303
18186
49889
37916
25907
22846
39655
13421
29008
38182
39429
39223
52013
34733
36118
33742
205057
22963
14093
17125
17960
22855
24086
26263
27332
28057
29842
29912
29961
30820
31643
33681
41247
41391
42434
46162
60065
63995
68812
73476
76899
79905
83075
91863
160830
40966
40489
206215
45498
14300
22828
55856
54737
27245
40532
70540
22307
6261
9828
47144
9070
71029
161281
20040
9580
25565
209985
46493
6439
32009
39754
24949
22718
234570
55465
63605
51343
14427
22565
42978
69725
58220
38013
67167
71756
41271
54014
9918
203427
58133
29541
19543
8616
83146
7417
27219
40378
44489
49080
75262
171014
19145
22868
21301
95324
69159
27735
22928
32237
58940
241551
27195
73399
22102
19458
18898
49801
48127
92225
57990
26759
25104
211199
59763
38147
11494
38480
50137
21766
20049
26943
71127
60467
29865
24557
30143
4827
11341
33967
41508
73557
74078
28141
4838
20724
91292
47973
25227
191235
16539
11973
13392
45937
185263
218374
223632
45943
56004
15201
14889
43161
39264
82874
28037
39622
6188
48841
72539
32368
15094
28741
21703
23400
37326
39042
7597
189240
73533
27486
29895
41935
54753
60726
68679
71442
80791
83721
21408
31515
41502
49252
75861
85611
53540
29582
5563
10784
57901
73117
26688
30385
18935
82816
83117
18134
5293
33340
229976
56028
12528
65867
50139
4871
16966
32655
68529
81690
24765
243366
42983
30132
32719
20941
7667
25737
60623
208985
89077
23047
23951
14854
160020
64584
19333
20181
11703
61399
5453
43736
29296
26025
14144
47501
75892
47898
26770
35841
30783
79657
25143
61658
67173
75667
87325
29182
12777
70374
21090
20342
44298
43671
83101
42071
162905
12435
46213
5363
48669
25265
15118
36296
22948
13258
212555
39656
19635
37827
3828
38944
161774
16590
13615
82621
16572
2340
34220
19264
16583
35293
56330
68558
36100
77991
38243
6623
95370
17696
55501
81861
14765
23857
24720
26628
29749
52476
36546
18206
13793
71455
75416
95493
67940
39255
49869
78533
44022
179508
13961
82064
67026
38029
17502
20096
16313
53466
2217
13908
3182
25447
20958
171666
17385
15584
50310
36301
4039
17113
18087
22823
30658
31113
32829
34227
35521
36919
39006
40123
42122
44164
52449
55205
55394
57182
66509
67875
78317
86422
177198
228264
245151
39817
66361
20874
42261
68245
236200
34015
10136
154705
36851
18267
5266
32317
60055
52953
57378
198075
18926
66776
17154
19588
36156
51984
76740
83184
49445
95682
8515
30530
56711
77562
63307
19766
12515
22308
20979
176198
176760
178268
191393
201409
208518
218168
229335
42331
21397
23356
43619
20621
41728
27416
16271
31612
43871
10231
19976
42762
51610
55227
69506
77603
33763
5558
11545
33059
62979
18473
45199
15601
81637
44115
10381
153065
48260
38610
89832
31759
18881
69373
77309
75122
12891
83943
31467
54656
23497
28428
164309
176089
176641
16598
47988
177652
22960
20533
34886
23219
10021
24098
16159
184536
7398
54998
15633
26696
39214
42464
79987
28112
53895
61712
166272
18974
65761
44847
54009
28099
60131
84145
32998
40492
70531
41975
18475
12304
23603
10473
23566
192560
51103
80670
87885
47029
85383
53058
58653
47473
202847
90346
31616
11785
24816
11263
61636
201501
24204
49973
25037
34966
38149
61141
56751
18309
64203
21479
32396
86443
79894
68701
19688
42497
3344
25674
40683
10243
59806
56564
43004
25115
56067
38460
32329
68858
72847
31591
73775
69503
92371
59106
22082
39341
62236
39938
14926
18933
12271
12262
19860
23871
49859
192152
61963
80843
44080
30299
12671
17319
10624
43948
6680
27610
17166
17168
26756
47654
78869
36560
64073
19989
31432
54239
27073
18094
9044
41165
33252
17351
10160
55972
57586
80598
12695
28854
12199
27091
8380
36244
72499
72107
93982
59276
21160
25722
177588
22109
46780
15196
65156
153242
155698
174630
180818
195265
195314
200688
231893
8461
57572
48539
39566
26526
44758
83641
94565
44007
26317
45972
3538
33970
64350
221991
79045
18018
32253
201380
44899
9582
68218
70629
85025
18083
18557
21818
24717
25383
25879
28773
31152
34107
34256
35197
40149
40354
45373
55958
59826
60414
63171
71420
72103
76455
86369
86676
90150
94261
8140
13839
9577
31745
92414
23182
45347
23841
31871
28686
236454
28472
9099
52824
85822
60797
17904
23502
88090
79391
10892
31969
65098
64962
58800
150226
1195
13285
72181
22903
31109
75579
44896
63352
48410
38097
59543
152416
22107
23267
35421
36791
83210
7985
9950
4854
85884
18610
11511
3298
13280
35688
40612
20097
42800
53723
35288
20967
56421
38930
6209
6788
60742
66483
68423
202187
208691
15518
57501
54731
36607
45495
59515
28265
19660
85514
52907
22814
15333
17378
19097
32500
51516
74464
64511
80549
31750
59340
50389
14658
34145
14775
53107
14907
2146
24201
24290
9441
64055
64396
51763
56277
89115
25114
28628
59998
49471
13649
42693
94906
223358
64268
78404
2676
20678
22731
21285
81897
21356
20934
19655
6032
30362
61720
66418
32570
19223
22117
30043
31284
68642
20309
16017
17675
22879
13963
36384
43765
36170
39465
75302
76072
9912
10197
73379
91690
13865
15290
16752
45351
30634
49259
22482
20878
20031
9477
28121
71151
75352
8420
50012
14011
19490
25367
10260
56749
70097
52487
1255
64290
64744
216931
5120
19578
77013
5296
20680
31224
33956
38298
55799
17645
11915
26574
32939
28067
17298
87903
21000
41208
11079
11890
10013
13165
22693
48814
79711
170795
61264
17943
35789
43489
68458
40891
47185
30924
40657
49054
24026
24578
60130
31038
49559
56174
71117
81998
57289
51099
10150
12843
40904
21158
13101
17596
30519
37824
151390
162491
174138
183978
190088
190458
191251
197208
198366
205293
227157
241078
31995
215261
44436
47633
64319
35888
41609
70049
21237
15344
12352
48120
37107
31547
5949
62096
86801
23695
13565
31605
214605
84911
17818
39905
14245
16049
72490
39210
56970
41132
19166
73471
86973
151600
7016
39641
41101
94178
35322
55983
17513
11489
77305
3770
20454
41647
17510
245580
87801
94492
47793
52498
37807
3386
2108
22081
15308
21887
83080
51076
13536
30118
19686
24784
67523
71470
4373
89684
28864
34315
85608
4155
30203
43595
47321
24186
9849
31704
8165
17342
18859
54537
40926
14461
59222
12442
8442
15453
74877
26056
15374
26014
23446
23109
29567
217132
16011
16710
18467
25014
26396
29494
30334
30501
31178
39374
42486
46947
58143
58328
60361
68002
68211
2546
29854
29784
9612
51864
148654
5772
18251
8577
37471
50528
25579
79318
9638
38085
22598
18796
7115
11650
23926
37289
59255
66552
73722
14480
33694
37051
41530
68465
69417
79659
20022
28291
153061
10283
33686
17927
35594
55737
62647
84244
72485
20545
26739
10138
44702
34521
2405
39065
85728
39446
6727
179896
27709
14365
45482
82632
22321
39781
53198
12171
10844
10927
11732
38076
44228
46541
64157
40889
37348
32102
93635
47163
21096
22940
95497
8012
84257
50885
39099
18144
28076
44279
49532
58638
61667
66980
87912
88114
198153
20156
51221
20851
19861
70325
31462
64044
72387
46239
20479
41224
51761
199342
15390
213138
15206
151395
12591
149177
56222
13692
69265
9182
25221
64673
81284
82200
9488
26439
68476
42377
32997
48023
60819
79880
13687
49237
17919
72346
29062
33458
27345
94793
24560
30607
35531
65134
17325
91166
22965
27536
11451
86299
36598
66313
4377
30839
35925
47252
58193
63183
52805
74793
47214
64195
23246
12414
13900
21455
177666
201103
218585
220094
38214
70513
21464
8378
33245
42003
63414
24587
49310
12412
47506
14556
16705
41304
85163
17910
86250
30603
28147
9278
5085
193385
47266
49159
49376
28485
26425
3664
152489
47859
32785
91444
90609
3805
74485
95611
24693
34659
53539
33301
49527
42249
20952
172960
23057
14685
23649
178978
194319
206641
43077
44229
67412
87170
52942
42950
18670
44942
10174
22628
84957
7969
28225
14702
21008
24638
75129
68207
37236
23206
25841
35013
207865
24794
8834
11402
79312
12116
29365
67317
37907
63561
16418
62027
67628
31926
63106
75621
77828
25134
5941
59643
88351
25557
61879
73326
49351
63773
31242
42666
45421
34932
213903
51623
21241
21433
25964
42991
202247
232370
9286
20773
42166
47410
51162
9597
36732
45842
9277
4718
3209
16367
66663
67755
70897
14617
16360
168979
12466
34684
17235
19969
18362
37250
17938
89774
205330
37281
30279
31744
49512
41513
83583
203580
50525
6773
90379
22094
24479
27418
31924
33300
34233
34990
36971
37632
40670
41233
42422
50466
66107
67673
69762
77428
80828
81907
89429
232539
85929
21793
26841
14484
32657
49627
76123
10313
215089
75311
36275
158740
51834
93503
31994
39843
31621
49886
27682
18819
19832
15972
7861
56193
73141
11968
31423
36667
32338
67485
233581
72009
91974
52339
33005
88456
6342
11365
66631
43892
22384
9194
63258
70252
51387
39962
32735
85721
8898
51958
26873
54331
33546
25953
68028
87161
10610
57081
24367
16051
36783
24261
54360
28931
50340
62329
3864
208320
48455
192294
33153
23380
39442
44857
59942
64699
80305
91765
17503
64561
6567
13695
51275
18646
37365
182696
192344
202985
214137
222233
225865
231596
232500
20470
17320
213640
24617
76696
89434
61376
148505
15860
11509
37813
63492
83509
29492
24670
26711
13249
21009
67444
92260
23002
39724
64503
11809
18778
21549
70156
30250
149756
30064
45525
60545
175941
68113
51586
37043
27905
57039
24400
45306
20343
148703
82227
23907
48739
167395
74939
56317
1111
30516
8956
14316
28299
36317
19984
21588
30004
34129
48286
52606
73359
18167
51993
22670
78305
178107
7699
8426
29426
33837
91636
179669
198486
14313
15152
41525
77684
216184
30284
40900
15792
28226
10787
15900
32989
34621
51307
73021
74702
82739
26980
39219
21310
14649
91711
39066
16573
64444
212223
48353
8932
16119
20348
60283
19815
22126
24783
197799
10631
83687
57529
34895
76199
32491
27846
48409
184079
13371
19808
35852
25019
40949
22690
51714
77178
51123
32545
20592
36482
40216
60696
90499
92987
63854
22156
3666
22168
37538
36933
18526
42465
6633
22856
58560
62039
65175
32445
12022
26284
35456
58755
9838
9407
208822
44239
17275
38088
39366
20465
12139
34833
50026
25188
5273
11382
26547
69112
16327
46120
24687
20769
65790
208739
30434
44388
54375
13547
57643
20293
183170
12922
23004
80584
19892
83267
31051
35039
26211
69184
216387
49264
42667
27667
28430
1649
27218
59860
63118
17128
33373
41929
32287
13246
61086
19456
21089
28219
29083
35707
45242
63473
81781
89696
40392
47313
49654
20028
55400
31105
39570
9402
34742
34793
39361
43958
32147
35475
44578
54771
32039
8065
47540
17686
24745
15507
55293
64791
16991
42653
10722
15683
17395
17669
19494
19715
21671
22300
33699
35343
36064
38032
40219
40373
43777
46112
48274
59401
61516
62168
65938
66158
68591
72159
77431
89699
91271
41040
14589
17312
22476
29824
59263
53844
14251
24930
196495
152126
175719
179382
186598
186663
189570
193996
201930
208903
214612
22597
57796
54476
30458
64562
67970
29093
10740
23949
42461
10237
57036
58574
87819
27107
70264
20555
22382
37141
93669
49245
31264
51036
22435
48427
23944
32725
57467
6571
22157
31639
19631
24244
12066
26109
30691
24064
20982
17402
26820
6965
38982
27121
24735
33293
14852
42173
182067
196423
237167
21057
29142
36129
39301
39457
39590
43773
82052
90255
40798
31945
12123
75790
31192
24366
72669
24254
45289
20636
43043
23884
26722
64455
17354
17668
31253
166945
82612
27167
51290
9594
71832
16684
22036
52549
28125
56933
44410
52446
13385
26463
7492
90459
20204
31627
18962
41275
88936
71063
30108
50438
12214
28156
95278
73874
22255
18334
49569
13132
74286
30036
28285
3352
30971
179173
24389
68322
39107
94576
36615
51988
30054
27381
23837
20323
41380
23213
46924
28245
52832
63144
93806
17027
20437
31516
233187
29883
26701
39708
8630
16601
30699
76321
47524
9556
14620
38959
18555
31011
39342
21640
20575
56887
54874
8931
27916
15389
242331
30018
24946
28751
30838
19401
66580
18961
21269
54903
26555
229569
53847
21735
64188
72925
21147
29527
8113
184137
31762
19579
27904
44307
65289
40758
34393
18455
17624
35002
24293
37220
11632
25408
17591
43761
148767
13904
61913
79949
81718
88449
48377
43449
14848
5538
34746
25905
79476
49513
32417
42325
60693
72777
79174
53226
6509
1492
10793
38494
46570
53708
36383
204112
3786
10055
214644
82258
33259
16172
16233
27137
18452
79617
1613
82067
74837
22770
16953
26203
43050
65606
34938
59709
29436
149602
7723
149797
170954
177064
178869
188224
190926
199152
201810
231631
235950
29379
27712
76310
87444
45245
34909
40505
51826
62193
64532
22910
49002
65971
30184
22748
26141
69254
16565
17830
90406
31241
37806
43852
85688
88520
94935
20875
26617
58747
24833
52590
69542
6304
31403
23908
43016
61536
57859
93034
21080
39792
35626
42120
68329
70988
35568
61226
25172
54254
41098
22155
25208
31660
88166
16145
178574
242200
9939
16505
24593
25132
27878
28588
28765
29050
30008
31779
35163
36913
37569
40237
46886
47541
49370
58641
61790
61842
63761
66144
70550
82830
90054
90699
93287
19489
54288
94160
64263
42488
15941
22397
8196
1464
22935
77791
22028
18623
62297
187637
75682
26540
37130
70535
21701
27405
39232
58629
236881
169189
48218
23994
7466
74043
35509
36520
38496
72105
25342
85095
231979
68017
6944
11533
2869
30630
44738
45517
64574
78164
28080
20307
60529
8126
23143
27068
46142
12731
175879
15567
28945
181058
183427
197914
6950
56270
23704
13034
35178
14470
18498
10303
23684
43529
45394
53118
60227
84533
17162
15349
20716
16963
27021
94365
45555
12056
27384
42967
56513
7236
35184
16731
55020
58684
4251
39755
16097
23215
199231
32614
74046
193591
40786
20183
36855
25277
21359
9800
18439
82293
9994
51346
63247
89306
14587
88086
184739
46363
15193
2221
89945
78349
47305
16975
35729
198722
47132
15315
49110
20509
75299
23601
31481
26295
26936
45051
88447
15305
65864
77612
92520
20757
33040
14609
62495
48217
17768
24932
36142
32767
68290
18344
33344
50078
30683
44274
12813
41618
2938
13966
30510
21916
50398
28921
64886
25872
40020
36195
155051
178622
181696
197453
204161
213058
217661
224325
226845
233578
8904
75587
13404
35274
72896
6026
48326
16868
44721
56178
60547
64307
59897
39064
68037
13478
70703
65085
80350
8485
32650
33380
40289
16037
14918
74208
32224
18238
13450
72330
48718
12753
36951
14224
28252
55380
52105
32119
40544
173398
226669
59854
7822
23534
12825
17491
54503
28610
27082
16524
26894
1508
62549
75357
17079
39113
73583
206891
82525
54867
17323
26248
26956
13879
13746
12785
66443
72966
36926
62795
22418
26343
20077
27588
10797
33687
13576
16224
27067
55933
62355
76737
19142
50839
27150
76534
50952
28783
12895
52495
19957
16279
62454
2845
63471
22233
77399
200730
42741
12706
218515
29042
7093
29889
40999
43643
212429
38991
28000
13901
40138
64684
45617
21851
68554
13606
32696
90313
178387
184311
26837
46141
25540
19965
27002
21850
71763
152927
23263
61336
9960
10323
38566
22736
27643
27827
31076
36018
38885
39727
39980
40646
42478
42992
43694
45258
46961
51481
57971
67648
67855
68721
70892
73430
79386
80430
82666
86234
85174
49133
11288
28885
23295
49485
32092
91864
52707
20519
42300
17894
154913
16429
38012
85751
24851
39046
19209
63865
31471
20818
13883
35542
33408
57409
42962
24385
53236
15880
27265
61017
83823
197827
174902
186150
6035
148932
21922
61774
39129
15887
12697
39421
149376
41633
12071
9374
26939
34022
68131
3900
40760
27055
90813
238255
20152
32290
7001
30214
76269
42862
20384
19099
12053
25817
33416
35432
35896
45053
46548
54908
58463
67726
68306
19941
11027
69672
22491
57239
40359
51448
70295
17282
31800
84255
19575
62238
36354
32990
32666
31901
19888
32950
56830
23251
18022
207155
239005
40387
14292
93188
3283
41231
10899
48138
50539
48080
25118
63704
160290
181950
185509
186617
188018
195071
206022
215171
235477
32412
38844
50989
54676
83343
24734
34374
39095
12032
71855
44250
50215
11980
37374
78865
79577
81601
11748
26624
93713
38185
10777
34492
45513
74898
15169
18204
19353
28632
61563
38461
21200
13014
58744
34825
35419
2668
12233
27187
51773
59517
26921
21358
83575
39482
30755
91503
23879
26708
39139
56216
30236
6708
2227
45151
61956
8923
12775
26569
18637
29900
73747
68424
25066
24245
66887
43318
19777
27917
50101
81887
181546
8319
77882
14528
35308
57475
63346
82939
29422
23587
27934
30628
30723
38300
92213
22863
161657
32659
40125
24788
70180
44780
82745
4352
169404
43327
16631
53350
54714
59338
11805
39834
25449
16160
34591
14721
34132
90737
8817
44452
52985
84035
20141
22547
25443
38823
8780
25100
58117
73390
55559
32194
36284
42753
35792
34764
45009
16304
28964
180906
26585
7255
18183
23025
12994
18205
26288
48526
205172
29097
21279
4985
15786
168998
169054
23222
68277
29647
11593
5401
51083
60375
53577
32007
37631
42972
185919
34109
233416
33532
77742
24435
24170
8062
6496
76399
50717
39663
11666
68250
89081
11100
27670
72082
12242
32182
57438
88716
92911
232596
41287
49547
56738
73467
29078
30863
21835
36819
6726
48147
65267
71028
77996
42295
79383
94894
25312
21259
19108
37739
67548
16042
13665
23209
28443
39514
40870
41375
45018
48345
48836
49747
55807
58555
61133
63254
64100
67056
75430
77638
85825
91541
82397
37779
43148
27675
21213
23645
30854
35862
59697
60018
66781
67319
75641
77526
47987
19970
214431
28454
62772
65711
68964
37527
20598
168953
11092
55260
95705
76387
20946
188257
193600
194018
194473
207601
210047
236285
78299
5345
17548
31604
17923
46093
49311
66985
82696
83601
12002
22732
23279
33222
32805
28909
47141
22392
25691
79221
27462
245302
39782
57807
6094
8521
36802
160810
39565
7986
51070
24057
52635
18064
40698
24521
11371
59121
21739
26552
34849
20747
63749
40546
29592
19784
21084
38231
42933
60880
80714
151522
18783
57949
32917
23398
62010
188180
16020
28679
24848
190307
217264
68184
65121
59756
15904
81021
11819
40034
55882
29100
26366
21442
82583
5610
43563
70417
43254
5543
64125
25244
10726
17630
35430
47420
53343
29629
28471
78492
38251
49105
86767
94827
16856
33484
44983
30294
34170
74737
38361
8633
56441
32257
8786
7238
68066
3007
15606
55125
20288
35357
41779
51502
72674
82734
160529
27399
148300
9566
38587
56481
43374
30515
34474
34493
35452
72606
13202
183556
75506
39185
184284
180354
31884
66420
24016
18425
21481
38799
43130
58655
44877
33054
164753
180653
204560
223693
21946
2110
82184
22411
39118
24787
29040
41095
10193
15173
23116
25976
30358
6595
36766
41243
44221
51619
62269
17857
20615
74839
56404
35555
62268
11972
30251
44020
48993
64389
77476
182287
28177
34403
90460
38754
158926
16341
49748
46522
10351
47161
24598
59474
83128
171663
39209
5664
60320
79720
81059
161153
23683
24738
41898
51353
64425
5310
52833
55447
79170
34539
11071
20045
62089
18270
45472
75136
31671
56439
16664
17497
22876
43007
86372
26472
44530
19554
51959
12540
22906
32626
153150
54917
168956
9424
41314
33840
27764
49970
92118
32002
78450
27840
21137
32465
42067
29921
13422
20666
27433
37647
63464
9634
19898
68338
222458
175967
55267
32499
34171
46048
51018
177556
43775
40723
43949
71571
93187
22041
87640
58126
20361
51700
8527
21492
59157
162889
24879
49432
55610
45161
29435
9007
36935
22259
19272
16219
152145
43902
191034
199058
201652
210983
226231
244301
17961
22524
18715
22344
41227
10766
59540
11928
44364
56897
190867
41268
80872
215332
59630
93516
60756
62985
72378
21446
43362
92253
61899
202405
39032
15998
44106
40207
31948
43911
18489
22434
25302
26496
27276
30191
32053
32167
44195
45302
50162
50173
54211
56091
74910
75053
79812
86722
89517
91979
93519
211632
158752
18232
55419
25971
6731
66255
72057
89683
12470
63018
93827
40396
50697
54751
72432
162482
11266
61964
47573
50265
46832
71954
41814
12187
37550
18717
14631
46302
94480
5295
59167
150965
69111
35778
41197
28509
11264
23597
69289
148282
158743
10205
57534
27615
48152
28726
67234
40250
56092
56443
59552
53276
47906
8518
14594
17405
60294
9105
21697
25386
19210
43520
51211
29441
21560
7918
18705
12739
19036
25909
32569
65084
69237
90437
94340
180130
22216
35982
46054
49107
23962
30304
82381
35911
16377
26965
25549
30913
185440
198745
20854
36185
95573
231832
11604
47532
88262
30758
69567
78596
59433
51893
32793
45432
34557
26815
82777
71247
27995
83394
61924
29642
20088
27155
65120
31474
53452
23559
2633
37680
43222
54976
58773
67814
94403
193108
17970
45930
159491
28295
25654
18224
29299
48851
66005
32909
14850
20588
28387
30740
49132
53851
77823
37737
64948
89225
149176
73052
67504
207972
25402
6173
29723
23152
46536
53760
59754
65640
67232
69100
70609
73630
75405
79313
178104
52457
52811
50808
216932
20710
33912
38022
197737
240376
5933
17860
50157
25773
39187
17577
13158
3596
19855
41662
57844
26704
55333
87667
58319
40687
23326
6456
18029
38795
28810
24933
29043
37252
55274
62500
73038
84302
32180
67041
16663
57963
11355
30652
30287
14800
15971
16394
93945
17492
5507
14815
23843
38632
74557
51390
41666
21898
37943
64595
88418
4607
95251
55558
74509
16306
10742
9281
213590
4455
224429
13384
27494
179059
180090
181142
199248
213449
216316
217069
237371
16093
12853
61468
41424
61074
34724
44971
63913
76406
29804
38702
34937
29005
78018
29964
166019
96212
80296
4978
29927
63908
30232
22386
81842
54042
42855
45191
78428
80822
163457
49500
67206
37681
33364
154858
158808
158815
168964
169042
65424
26219
50683
186984
14754
28651
80971
46065
34469
34694
29875
50702
18477
68968
28768
23113
24804
32472
56959
49924
11758
95408
1949
14955
204209
18908
37876
38215
76459
18528
18500
79485
11862
23595
26380
42336
53277
26955
31695
93494
33290
21517
95451
51439
62206
94741
2137
31534
78728
81980
64258
26858
60073
17743
48419
231153
64346
57800
30462
24253
30921
39182
15145
20170
245457
14092
49458
13002
24427
61442
14171
18632
20717
22413
29248
30500
33494
48381
53702
65594
70762
85827
86239
91092
21596
26986
29779
35804
38534
46513
52846
57862
68888
69811
81869
148278
148374
148888
149374
10699
42060
16727
32606
33063
8916
50169
13602
23896
177263
17360
11015
50568
184205
229343
25692
27354
53170
47781
22301
1624
29270
34329
61284
28657
3329
9235
20320
47216
76697
78039
79658
169091
70126
18694
45544
15646
40480
26022
25799
49012
21417
33640
34276
13072
24355
31240
57903
63064
75029
43278
15745
22866
58490
8988
34775
7477
29430
11448
47371
67976
10123
83077
71018
80037
18093
71138
245798
58278
49597
78528
26300
10009
27090
33866
36219
42033
47212
55600
69138
75126
76351
76868
83761
195484
38005
64343
26678
18178
150537
179717
84906
5755
81082
17999
16800
30154
47929
78640
48810
22453
48088
57734
71395
72725
57106
75528
43314
57048
47283
18422
68879
24402
53145
5838
77646
37186
17878
5622
41657
76531
6594
21816
62112
65020
28370
52575
22845
36940
49583
27563
55769
21578
37875
16871
69375
73573
51456
63585
82375
89311
214607
241568
17964
53931
55426
30606
54116
29116
216504
21405
39711
12449
23600
29371
50329
32323
26477
35677
80259
37291
39784
40408
42191
42787
64974
66726
3461
15451
178152
13129
11296
14684
6962
18836
15363
189911
27047
30090
54504
150058
187486
187901
198229
200783
208165
210429
213803
214578
217964
236409
71196
92610
22034
6540
11161
72808
193798
26012
51601
28262
72357
39601
204330
63044
25351
26350
30705
18125
64312
76017
203195
69224
49144
86716
10482
23830
64608
40730
76890
17692
39881
52483
27212
79655
46091
75864
33940
45738
45569
55842
94190
16379
25436
90100
38863
22330
31210
63562
67170
67990
192243
6425
25704
67208
158069
11660
89681
12498
60352
182498
20610
15813
55135
20488
8230
65884
22984
13760
34928
55602
43367
36089
36655
6615
87117
4953
18476
53757
62369
43873
37498
25693
59149
78195
84832
68754
7778
14036
2890
166666
27597
77450
19328
32948
38033
39157
40287
56613
61373
14155
9926
37652
150
34872
21135
20850
71977
43194
72734
63359
16760
50079
26637
29478
10681
54966
79922
49941
19236
19571
28308
29444
30739
34947
39735
40211
46244
48083
53900
67502
72512
80409
83364
92175
148302
148315
148316
148320
148322
148576
148765
148848
149486
149779
150000
150224
169001
169086
169100
169133
169134
169183
169347
169749
17204
91988
29479
62354
8219
21436
180312
199890
27793
70976
45382
31096
56430
75953
17283
18120
46303
26266
76247
29505
20809
65546
34475
242052
7879
19652
54533
8344
6404
12590
46922
10429
36009
45559
90979
19504
61405
85318
4608
20829
57661
63425
84854
5528
88633
12134
198688
24583
237476
33894
20729
18293
70368
51425
60794
32376
31300
22356
59190
230399
26579
38211
20797
8384
24149
24212
24924
26216
26513
30265
31174
32018
34917
36065
36690
39338
41068
43457
43950
48022
48477
48703
50417
52154
53001
58292
61602
63353
64776
65285
69883
71227
75377
77094
77859
78381
78961
80375
85902
89284
239526
72913
32710
226843
40015
22166
40890
38425
35036
29802
27648
69821
21569
56822
5256
29689
39846
12789
49810
161253
74813
43082
83709
47063
78320
95467
36269
62030
158805
31702
196005
14247
231799
33611
31735
28750
3014
9000
89596
36939
23254
53251
35812
49715
67229
76052
185918
188498
179337
26271
43630
24850
3332
26649
56094
81809
85176
229116
57465
62020
51240
14282
81167
34439
68327
19610
57250
27041
91135
90679
37709
81892
81581
38549
47792
27400
32640
2881
178226
186422
190309
192419
193705
223056
223697
4663
24566
40799
15117
24380
43334
61069
72111
87221
45941
31196
30155
28561
27770
62292
2834
63291
65442
35678
85959
84352
28886
81196
52340
23466
54557
36012
31100
55290
163166
196646
69833
12759
44984
35869
43676
11464
68388
13144
34334
42674
7498
70902
23205
4495
58379
148305
169684
36619
25688
4239
90627
42704
31961
4224
17394
1279
16280
172298
5007
73237
31733
174962
20337
84023
191221
22464
34380
56114
67752
7119
29910
13758
23123
22981
31846
22194
40779
54865
56133
3469
31954
38347
62991
22594
35657
38256
44394
27800
49815
60090
80983
90151
90744
58739
48163
18395
87281
40161
5921
37413
21496
3239
85280
8634
30677
72547
47933
61161
19934
29433
39511
45712
75480
180183
4933
88423
57975
35234
15322
52821
76068
11875
3528
40941
68641
68844
18586
22869
22725
30862
31389
24453
26964
170172
43724
195263
80815
32699
54163
62388
67831
90290
90673
10091
9449
193946
26764
50903
58768
61752
62004
54446
62671
40568
44175
60856
71553
29216
17899
48210
66234
12065
48733
15198
34468
14726
74483
64897
71458
12570
63241
70133
70813
72252
78732
159553
219752
55588
70186
46257
17730
16487
17932
24586
22530
4266
76702
36416
21023
32819
13030
45135
61135
74049
42750
39003
77073
19662
18000
154770
34628
38892
40344
46608
14825
11391
31012
19661
39686
11556
17404
57021
156505
36479
42748
182977
62592
46958
153084
21748
23919
35811
10965
41242
76323
88785
94157
86522
59591
237001
25709
30027
40004
89653
57035
21909
73187
9749
14264
23354
18513
63595
13119
60876
72275
57223
61653
4934
15423
50397
4735
215159
32365
23631
49154
66434
73853
78729
88285
223997
17092
88649
20715
12550
6201
40860
175161
13727
44044
29517
61571
23564
13792
50273
48245
76758
182541
58621
32582
34563
150279
32530
679
150529
157648
178505
181875
185465
191430
213708
225560
227709
243029
16814
36982
13542
3883
51253
51923
9258
20821
29007
33423
37755
39855
42267
46643
50975
51059
61137
67574
72724
76981
79124
80492
81789
83877
84215
84489
85930
86792
86932
91427
94045
36594
18668
2755
16179
12796
19717
40591
95465
20291
20814
55941
37363
10252
8686
50067
74299
94706
41054
56031
12894
59924
33470
59195
44934
78037
31266
5220
79477
32597
94497
26357
24223
16559
46499
11671
25000
10873
17144
56497
71394
18930
21337
19453
68143
89897
148549
24115
150554
46909
54214
58516
83358
58802
21613
26305
33453
45881
52315
39450
39130
174549
187194
232725
34559
51878
93538
94934
7685
17954
56577
72073
79826
80225
21657
45600
24054
69374
838
9659
20407
33790
43399
45141
50783
58635
82146
96302
213531
11333
43250
38436
28738
6986
69853
70705
31542
5800
21159
9768
16965
62762
24699
37832
85057
30988
57000
35819
38645
33485
69930
92041
59907
5724
20701
23317
23359
11055
17594
40512
47588
205756
43164
34934
22858
27099
2151
52116
55971
29449
94699
26101
240186
78367
26084
23920
30295
53302
199859
70455
170757
65702
57517
70433
61717
84207
237244
30885
59511
24217
24938
28932
25504
3819
63918
18869
21870
23568
25545
37274
59732
93115
29649
40263
60979
27625
46349
31273
84262
9156
33622
66109
76276
79226
84734
90729
95352
84926
24937
31964
60343
96865
66029
60546
68371
13982
197569
15263
23806
62414
41866
66560
44059
26450
8227
36400
57283
74845
84206
23240
63556
23163
22787
69162
36688
44814
19482
20162
38568
174324
181603
7622
40906
31778
6305
52562
45329
46596
5633
40428
59224
75353
78512
72322
15661
12390
17741
57520
27701
39802
58482
30762
49529
48963
43176
61288
19407
20238
30067
47851
24956
18037
24120
11492
35201
17085
24122
22456
3547
18415
6494
55259
48134
56107
60963
75782
85265
27997
71940
67865
65841
12146
29786
33855
200637
91434
16027
26110
39858
51939
95083
47592
26052
197289
213768
13899
36165
39720
33926
173081
182447
184807
190485
190617
207370
216001
38345
13694
33578
23626
28124
44796
78515
23423
33552
55706
73502
79277
81093
16756
23971
82324
68935
33789
76280
24517
36742
46966
55090
81291
33147
25398
32713
34794
27385
49795
6798
79750
29044
31187
88302
5662
86839
33604
4432
42715
68346
13444
66337
71939
35842
18480
62167
82488
39360
47585
235560
18721
3815
2690
31665
20919
23980
46150
37603
79712
38538
56538
5011
28446
14184
22367
24945
70278
37306
13438
45723
80606
84488
15566
37356
11260
48577
17061
18303
27388
27809
29121
33127
35098
36313
39011
39536
44368
55724
56839
58445
58772
59379
63410
64126
64244
72947
79159
81997
82197
84097
93938
164829
51797
39604
37741
40368
32977
40082
16211
7323
30300
30926
44863
47099
51579
26606
52086
63007
73495
199387
25884
69777
29908
48950
59060
15348
22700
33990
25675
72280
28746
23954
39746
1312
46518
18223
28766
12117
156265
45739
52182
55320
18790
238881
32049
54026
67743
72086
85399
79077
19189
18385
13812
30692
35100
4201
10464
46826
3933
42989
15361
30994
39451
85008
17459
24701
82643
20158
3373
21221
17277
19834
28928
2067
22497
38902
46768
46981
49544
53653
73708
74659
91747
49153
20485
57050
73257
236004
72776
46806
54508
19070
35845
48020
23849
47857
53535
20218
33607
32419
31341
37917
217837
9420
32668
43792
17248
34449
12543
81283
82033
214118
235779
80065
68948
39248
37641
21593
44511
175876
84988
91721
43718
7771
33706
45345
32467
12930
29332
43882
31147
45991
29606
62178
65343
76293
87156
92018
25580
77635
27450
19320
64621
56281
10693
190265
13847
14164
28315
62424
20993
67821
6774
4755
10438
38426
93751
55616
19548
26910
29936
31958
40361
64085
47953
58160
33320
51403
26542
6073
10030
34210
47033
21040
21591
28158
48109
49435
53860
59001
66103
86644
20471
92962
88481
12657
36393
39237
72838
89830
238584
76506
12430
25058
17322
18084
44465
31101
21939
22444
24960
29067
76182
62289
173709
178731
189632
190674
197476
200004
212037
228900
231981
238759
45492
33303
27534
45592
25757
44102
9674
35901
31326
65826
40954
65573
51673
6754
30841
88747
19276
35306
30215
26406
11097
24313
28120
29579
30840
31839
32141
38344
42573
46202
50665
57932
44047
5579
17773
91400
74027
49023
21506
53057
10241
22890
24948
69717
83830
88514
16270
26127
150541
21013
23406
11083
83501
68347
34795
9142
67832
175578
33210
18049
21452
47241
24836
31433
52850
86316
227254
23377
33119
42371
26115
29092
32718
71268
20378
72256
42169
26881
65165
37488
16478
970
23021
12496
46595
18052
24343
37311
53158
180473
9748
62197
79022
44920
55739
41453
48934
52645
41086
52623
15595
55543
51062
62744
26351
34030
24782
24065
9809
8623
25723
44147
63478
21883
3888
76131
44932
63419
84871
68610
9350
48825
12090
56548
13433
22265
32845
35209
81539
26119
93711
52754
21976
14331
73174
31215
41166
21563
60523
11708
43063
49515
47737
8821
33720
4586
71144
2740
24988
36427
7226
21826
41777
21473
30499
18616
85393
22140
157997
45175
32306
20589
50358
27815
58070
59636
62531
67139
26902
39153
69017
180022
30368
22326
27674
55116
28515
28728
30560
31155
32067
32131
33657
35177
38072
40075
40353
42316
43744
44894
49645
50663
51549
54678
58495
58788
59196
62117
62782
62918
63224
65497
67178
71205
77493
79364
81179
81702
86863
91096
92988
95094
25253
20414
26658
38129
41545
18714
84762
82928
65611
56606
40722
40922
63165
28592
55810
18537
21698
60004
62183
8101
65560
24940
39430
41600
40218
17015
24368
43386
36050
64570
66711
58356
45024
28459
42822
52919
39619
36235
41261
38698
56040
76803
40574
35734
39070
65921
56881
5977
31276
7360
46586
23819
59614
44575
13726
23250
19856
51098
63174
66962
77600
91633
15824
62770
70112
83609
29601
16393
14514
60462
162237
177251
227697
15129
28934
37005
25144
63037
6537
47553
11868
35361
58407
10198
24716
33711
88324
16921
55677
70853
10527
33740
21618
53642
21995
57821
17658
20180
23982
26257
34606
41230
50326
62937
63348
63836
63842
92421
18323
49339
92011
25500
76046
13062
26740
78891
51030
28101
44923
11239
42934
12129
47338
2035
69961
25388
53697
56450
63376
73186
182612
19130
43727
75582
23832
26875
57746
182255
184667
205072
208752
217605
218534
15710
23719
11547
54397
15155
80450
32416
49039
90918
9051
28631
93128
42412
27550
92447
51969
28857
73146
39134
55081
174018
11191
38591
24461
53380
43953
45516
22380
59666
78143
51693
38084
38965
83437
27051
55160
63016
78641
11314
46957
15268
50106
81213
44754
54431
3415
32485
36366
47609
55733
57515
74576
79291
79952
86879
89089
4835
11155
32637
32161
6167
15593
171409
10280
10071
33765
91324
228523
5944
18066
16585
30269
38787
76716
72582
85550
36453
68586
21574
40589
51011
56030
33095
52877
18907
92844
33350
12416
21081
25467
15153
13556
2461
54713
20810
45586
15638
71937
15496
52295
22549
244765
65319
31931
67008
67235
16141
77105
52287
20937
49678
13943
43756
17217
32915
68434
63574
90185
92741
41131
32641
52311
12239
10581
62643
43647
11295
18747
42597
44749
36182
27227
8351
19018
15146
26682
83700
230083
26362
38443
39319
52837
84160
41439
48114
45398
24752
44373
72101
19055
83828
23196
34634
18163
26684
70507
95392
5720
30782
42374
43205
47075
51495
70744
72620
161910
31238
79546
2412
58581
43329
84976
49771
66339
69295
5920
26172
36123
56650
44329
63109
82503
22145
25220
39467
18279
31013
54114
14657
61694
29128
3767
13825
18968
38605
49276
74361
42429
27213
58430
14615
41496
42773
54697
57267
32117
34826
22867
24970
7177
36698
37924
41463
58946
190538
21634
61801
45691
221966
42586
40450
29887
71545
16443
34889
68518
21645
70174
26415
206115
40536
74984
3326
47589
25245
43320
16810
79344
16016
44856
18946
15058
1285
31062
38236
69383
89724
45759
15014
37217
47375
67172
67487
72469
82271
91428
168445
11061
14462
80054
74039
91760
86479
30417
52812
63974
52967
22916
26466
28759
24191
55157
15345
11992
29954
49600
57235
33214
89320
51599
175005
1823
47147
49523
15393
34281
15758
63930
33413
44491
12743
10719
15024
16106
26896
27982
28555
29640
30860
32841
35298
37126
37756
46022
46399
48176
48807
50755
53534
54206
57010
59024
59295
63355
65512
77253
78319
83494
83990
85999
87028
88662
91036
156022
81286
181404
206385
50292
57417
27746
17287
38217
13028
22926
52852
18568
60919
67114
23369
39315
45301
46830
64533
83874
86275
236059
52557
92843
48864
29999
42880
209650
29783
15927
152469
156642
180847
182873
189910
199479
203196
203804
208562
211340
211687
228227
231718
245306
34287
17324
4296
84617
23383
61237
82314
224667
46491
13939
36088
27591
71786
21453
19788
50669
53274
4112
9776
41876
72242
91839
237178
7735
4910
49733
48611
44559
8231
45933
20284
74294
85257
31538
41462
35571
52973
11178
16047
27697
28600
33536
35671
40410
45180
65574
79480
11455
28105
39200
40027
24869
30453
23296
77632
67505
5729
11175
62366
55609
20026
49371
57184
40678
16095
85311
167647
59744
31610
26037
3613
59447
29693
11614
67038
48528
18216
28074
45008
94060
162209
37972
31801
76952
22289
37487
196844
36693
60175
17793
65040
33284
68737
16715
49906
78433
85686
48142
33155
8719
8671
37357
40038
40561
73290
74911
87457
185836
7767
71291
13269
44336
62244
149997
231513
6818
60282
25167
88295
10262
36154
24477
45105
182828
5848
25567
29223
29459
31073
32274
39508
19689
74396
36976
35179
34180
12959
46598
32766
42850
29775
45374
14597
37315
47509
50425
53778
59616
82771
153398
178434
28518
34942
32676
33996
18622
214157
48839
9172
43919
16960
30195
43459
29337
31442
39970
60052
35106
38778
14958
52525
34123
29924
48978
53400
72763
227953
63975
65212
44289
28221
81966
7722
77229
61567
19745
26811
49752
87120
27944
42756
57802
89033
73313
61245
39393
10674
28482
65473
32942
11014
45639
1704
5809
89183
18809
22323
166351
181245
26132
26991
47149
57149
84356
232353
61391
64743
25033
29303
36162
195406
28068
23170
27054
14397
48395
73762
89609
16836
57542
40684
44152
73209
14583
45677
17414
30732
235192
47366
71274
5358
70232
15781
9652
37276
25375
17071
86855
45462
3080
50937
37577
44888
29827
58825
19735
30069
15973
15294
15591
26182
43939
52567
73518
42668
73206
18258
13346
64510
46343
58087
61275
86060
167479
95221
174699
197529
83957
39668
33960
14428
27206
46539
47514
50099
58078
21387
47782
95067
159446
176417
177830
183897
186152
188416
190246
194871
197081
204752
224008
9332
32270
34325
12101
10416
12660
14844
39972
46042
20933
73606
6229
64206
35325
82157
15085
36039
25051
48403
26128
17334
37334
9397
25395
73846
66480
45479
5056
57448
55901
216374
25124
67290
71005
50572
42108
153182
161157
2161
26390
59286
66202
27692
71369
57647
48232
4825
61984
53354
32686
67561
157958
37428
177280
230622
34359
89257
24079
5962
12542
14841
18654
21110
22423
22888
24832
25707
28607
31330
34212
34888
36439
36673
41561
45169
57946
58279
61049
61942
62363
63931
67542
74077
75442
82597
87634
88211
95397
201673
209608
218894
240258
30181
20966
16389
12814
64755
30695
33204
21516
51499
63506
21683
15176
37327
52604
44284
45637
44005
61846
43823
44084
80493
21561
47204
21705
26762
35374
9055
41332
40545
26490
22627
55993
31255
50093
56919
40274
74406
86399
202082
45457
51604
178583
89402
51739
10425
22618
17184
19270
53817
62062
63802
68387
42078
21251
26197
41403
44469
63661
18282
49204
35313
215539
34033
31902
177333
198774
49808
26930
16769
51300
14796
22375
29941
72510
74117
77758
79490
89660
20657
42994
55615
224470
14782
37147
21907
52790
41606
30575
35495
47756
23922
25678
12562
20334
64958
15288
6756
24649
38706
70106
32374
42844
52409
54344
60213
61530
69627
78438
82240
88908
208890
28486
53345
8041
26812
46043
27281
33167
73118
43668
54350
38891
40240
59319
12684
56383
27604
39258
12645
20778
43967
40101
51981
84668
53230
28137
5850
17252
34327
42634
30016
50982
41915
44529
57439
27011
48906
46205
16403
53066
19282
33554
81393
47942
17680
9534
24987
46837
56062
23554
20518
62413
12593
3859
30876
48547
57458
62260
67430
75385
189804
70567
40252
243012
32652
83125
23739
26982
43709
29346
2322
9927
23425
69462
10908
16166
21727
29621
38125
40967
87453
24704
86514
56679
45861
16892
21790
17338
11254
44637
9548
40988
16303
36795
41683
45342
61333
72700
84680
56376
76693
94286
49914
55802
7790
4452
92128
45686
28193
21253
10027
60109
92590
60086
13642
10215
40705
43112
41140
41479
54165
62381
17701
59187
7442
20351
48098
12107
21973
91284
8312
63328
62638
43722
88490
95057
41186
7586
30662
24671
59193
52065
16272
9729
3358
30600
3821
37852
54466
72617
74575
92586
32941
151737
177344
22270
155083
192835
195610
197816
198501
200715
212399
226770
240847
241852
12767
46517
9454
20683
32241
43499
25338
35398
47773
80316
50128
19373
42877
44791
60924
91720
10593
77874
93160
58603
33313
30875
33030
35751
51067
26189
30040
50715
87413
94774
19851
20043
34993
54309
60461
60805
86228
91189
92511
92538
92736
172065
61946
41962
81234
182141
232364
45263
22995
79310
90908
25997
2462
81770
30237
26932
17022
83851
19964
48374
58988
54052
20095
15956
20861
8337
8835
23352
59545
62453
31935
65209
21317
46083
35891
93660
43197
18592
60305
17737
88450
18575
58233
29180
161137
188340
27820
92015
27530
74393
29905
76539
33031
32223
35739
48336
30146
24535
42760
16312
27085
35948
38583
34580
52903
51790
35949
29487
69800
82272
94308
19141
10773
37296
11262
40380
6139
4672
18518
50206
37847
61580
59714
24582
14816
29051
82347
23382
31054
47334
49900
53019
58398
78285
81111
90110
198280
32321
38281
41829
34537
43551
63687
15272
30650
88627
206344
59618
24438
5957
43914
60456
22481
45875
37183
33749
43723
68266
224611
14744
14085
63826
6921
47852
20978
74598
50991
17702
26928
29295
29452
30965
32054
32441
33538
35798
36229
37221
42072
43603
44982
46064
46717
49209
57638
59505
61248
64940
75887
77421
78005
78592
78814
82266
84971
87489
87527
165076
174282
196638
229595
241234
192581
159156
58118
17866
41115
36797
29975
25458
57298
85492
92853
19697
4140
55198
163364
52390
33685
19718
39893
15401
21399
17140
42370
24165
29728
30956
1530
32415
68613
71688
16817
55150
68367
185953
61195
16933
30422
25460
26475
56911
51028
10952
9823
45553
43407
22225
43783
27633
45365
79697
81598
25372
57717
6624
214405
62411
9445
35806
32314
77854
44123
38523
30686
7979
46949
58743
62889
66177
71037
179126
53959
195711
68720
2815
65968
38116
35724
94847
52789
84995
90808
11686
32572
4789
33777
22937
61384
15287
62194
10515
54527
8696
58923
24968
32437
42138
51164
58243
64932
72127
75798
84116
89202
186167
19012
10126
31420
48030
12629
63730
17998
82900
72140
74921
45602
52231
31520
18464
7121
45760
18315
63479
44303
56763
64646
79619
214852
51934
33075
19080
7433
46731
23805
19763
40746
81414
70152
95648
28661
69108
223302
29293
5779
219342
41591
45888
33323
32074
85601
81645
28995
50688
48017
62518
64770
66953
92120
51272
40509
44823
55938
64202
165830
195798
180180
191050
16112
27545
92076
42404
57938
196604
200429
206430
212179
221795
223130
45790
30355
42270
44598
66298
28535
5207
17485
26298
28406
29774
31402
37065
39978
62708
64437
1490
42029
48753
69142
61570
17086
43268
37831
34196
31683
6620
49558
54624
52958
24029
49399
64026
66785
69745
72538
91733
245619
64550
25924
64985
53286
12672
19429
57118
56024
35890
45993
61021
28983
59476
22128
54133
14999
26111
18421
70207
8695
48113
38734
52061
26903
34507
1072
9148
17291
35331
23648
27753
19447
17930
45246
46699
82355
90907
8849
16307
35883
83166
85061
28889
36445
57831
45975
19428
29855
73415
81153
10557
23323
90575
94203
36331
20328
181941
47064
62780
42621
28396
185362
53211
39934
61863
66463
91064
225763
31212
29026
43712
75152
7886
48603
50309
14747
53638
54008
36552
52520
67032
209480
47640
72650
71436
21616
10972
29833
40624
7924
54590
33537
68537
74601
11269
24678
39515
23271
32383
13897
19420
23045
91310
21156
9058
15864
19423
29746
44687
60488
63550
69787
77890
167412
24033
61441
8828
75408
12801
14030
46902
93616
67109
45127
28211
21964
71737
14342
55747
79902
68361
2775
33761
21267
13722
29843
35523
3783
64839
41353
59087
92916
39474
13307
174458
74384
26527
25267
9773
22432
53915
13560
59103
7279
13923
35027
30750
36372
18906
84697
192788
33862
39580
34541
25198
21161
66129
48270
50695
52369
15848
37789
63976
77770
88807
88961
94106
8040
43612
236464
30827
39144
44350
57700
59040
80996
36333
85545
1084
53301
25256
48957
41883
42413
77144
47288
28774
52394
23218
24661
83144
46201
88631
41491
34652
35963
18577
29823
55628
66714
68291
72527
58333
44831
48102
62274
65186
77388
79807
81712
82792
85310
227363
242537
50992
19752
67433
60680
74192
13593
2975
18874
30539
55438
43698
65077
73674
29283
9555
45070
63487
195395
25225
28327
26005
51412
78205
82469
55338
235022
19760
34944
31445
37073
14809
40061
50289
36472
152738
49282
27700
38816
63330
36377
23918
24133
27394
30711
33121
35999
36141
39544
41692
44954
46786
48302
51968
52637
54499
58509
60591
60757
60958
61746
68431
71235
79680
80611
89714
90226
90482
95510
191615
15192
19386
15897
35715
30140
82382
22600
91543
22927
10302
38201
41614
78407
44504
34566
28475
2265
50767
36990
44208
58980
58916
49606
33056
49488
49267
18853
38228
47758
20708
61794
36515
8945
14874
20268
48148
38668
56280
14574
36015
75999
3207
34727
3552
34968
42097
44332
47581
55066
70876
76761
78423
81249
200647
48576
9267
89513
223653
169880
22389
87476
172577
185395
186257
199825
212171
217023
219756
223283
26915
25399
82875
45101
36876
22957
26591
35899
53980
64690
12093
30147
37657
28395
18886
28434
12859
19062
39176
92632
20704
43644
50288
84892
86926
4323
27339
20142
44462
23581
46870
50763
73723
62317
33712
52731
17067
12047
16657
23750
31533
36324
41586
42502
49058
50095
53020
53820
54546
55253
62409
67401
69319
71706
75898
76924
78357
79827
219345
21368
42849
12457
38356
212846
70307
26488
40893
14080
6786
26530
39293
53573
66862
70341
71842
74996
92613
47124
27695
32630
44708
54129
63110
84705
94773
162197
45816
9015
45294
49534
27272
79126
84554
38832
20464
11820
9618
17829
25300
14768
36164
49667
26379
53462
47755
86695
69905
67638
53858
70975
41569
151358
186024
85015
16330
15062
11651
189769
5155
39796
74806
90193
90829
184201
214805
40124
44219
49649
30125
33385
9689
37036
28771
74931
75191
27158
42314
36602
30296
15407
22050
5641
34622
56452
161593
212097
19529
23482
28148
30743
31268
33314
34487
36017
52359
199090
44788
11133
27166
36948
2916
48683
176028
62198
35784
60217
36720
9072
72921
69186
27451
39942
48293
48411
60993
70486
77883
85631
87395
92206
6254
34032
69075
15495
39721
58720
35617
14678
44240
38303
65635
52864
19593
20807
25823
37895
81717
52876
14497
70390
89489
19816
63032
18445
36319
82201
59144
69917
17393
15267
25307
56150
72781
27603
30744
41012
21665
8111
31448
40764
57426
63724
85583
241001
26723
20596
25473
52682
70500
39982
48743
65184
50713
28174
54954
67566
87012
88728
40275
43261
16466
41265
22624
16714
67884
10061
34939
37844
14277
23937
87986
17619
85723
12120
20522
33739
1950
21572
14464
27607
36055
43304
47795
49964
56536
60031
64094
79896
91499
23187
9263
41754
160770
62957
46283
34465
32015
11090
70261
73936
59811
14128
36013
24944
56801
65793
25138
181685
18689
76753
94307
75086
40115
24036
33488
21340
27565
36973
56518
35885
21046
16626
65163
24993
19059
188471
195564
18011
8944
50960
45711
71598
16944
74241
208710
17467
63821
23935
25158
49567
75752
86410
207940
5704
10340
33472
42628
61877
22609
22642
23701
47186
59349
86300
16686
31891
35455
58400
16447
40148
16196
39295
22686
61952
69230
8141
20126
22964
38126
46383
53925
54031
55340
86830
51145
56527
28372
35748
52033
53109
32653
24776
48671
16777
40964
30709
41358
45743
54081
56890
61506
61902
64922
65138
83195
91982
93227
220311
14600
24975
60697
27938
43208
63187
89503
153903
174159
175077
183098
185441
185827
188078
205956
211776
220935
228908
237588
239472
65886
51199
41843
18776
19544
2292
16122
58725
70821
78589
39805
29469
70299
12569
53361
14102
28164
40051
34124
2637
39535
21867
19495
162641
15937
22562
30833
34017
19280
7127
66349
26404
65489
32853
11017
20205
21184
22351
22817
23172
24654
25768
29819
30673
32243
32347
33049
35020
35154
37106
37321
37491
37983
42053
43051
43637
46938
47224
54814
58064
60559
65724
67140
67453
67786
68188
68676
75098
77649
79466
81760
82478
85241
86888
87183
92328
226713
244729
64959
27019
52991
55046
41212
209442
87569
51060
207031
62095
68769
36217
69788
49664
75918
37920
57947
77501
92509
57171
24665
26267
216315
30049
25715
50901
14196
18683
65177
37336
26424
76989
35956
66153
25289
33565
6675
56095
55619
76645
46160
36856
48487
51895
52663
61138
64956
65487
67770
83145
31491
42042
19644
29712
84699
19104
15557
40028
21557
39945
65666
24419
81867
18765
40314
14405
194175
95535
46824
33356
17205
24316
34648
26806
16989
15974
25794
44603
56241
57521
66961
82204
89793
90120
92735
19285
33256
4301
43695
35472
19597
55240
70548
79998
57242
13449
59770
49940
34512
11630
35679
56243
28895
20021
22241
28969
33731
18735
16085
30848
4657
31479
20344
58135
68916
77090
191233
34100
20703
65663
236419
3519
15672
17801
24282
21670
34203
64859
57152
78583
60598
45608
22016
21146
17978
29810
52555
62365
95072
238913
47300
50054
53187
14643
18287
83479
200982
243444
91834
87990
55311
21876
7372
44174
22257
29797
90246
21131
23620
26784
35143
35697
36721
45707
47680
57030
57994
60577
84021
28966
28926
4624
25257
46793
47018
49830
56681
72123
11833
59037
72585
37874
50368
38335
76729
73544
20287
28463
20007
41659
81617
63898
24318
29037
69976
8304
17929
26029
27539
28660
31146
39327
52677
54679
58900
61919
73310
81906
85226
47849
25412
40727
87551
212066
65530
83970
93035
172524
189944
204156
23708
17802
70641
74661
27583
33776
10976
15429
10925
46594
15055
9551
35878
41297
64453
68011
88432
89690
80197
13226
89359
29597
11380
39094
33984
52288
93098
27926
83712
64351
20164
41924
47717
49555
62814
68727
78878
79502
86138
92050
1278
18849
38688
89024
25478
17623
30035
36558
60832
20001
46210
186897
51924
44212
51189
12866
34577
60509
62154
64833
76041
87696
68550
26008
30280
64557
42151
35517
62969
74740
22408
45016
50966
27124
46848
48645
32749
16019
52426
45026
13896
22335
24724
77107
45823
16662
31182
62534
63117
67503
9932
24388
39056
39787
59831
89969
234039
4476
75603
70787
23617
20013
41244
55742
30056
54935
55645
14895
3252
21076
37054
49238
58458
71449
73396
245128
63244
67475
66407
12040
38176
171801
179325
180785
191637
200065
204943
210403
223046
86167
62158
38363
35838
38188
19305
38570
59716
32982
47559
61905
88410
14297
35399
75140
30961
69251
28039
54878
64992
23546
20537
45847
18594
40358
7356
83454
2928
84905
29328
49434
53108
9404
51360
40429
12837
18950
11409
8560
90181
44921
6140
47106
59768
78780
30745
157972
18171
15605
88965
31176
56994
49992
24275
13628
27650
16024
164365
6993
17221
53876
83330
237696
58552
36654
52467
216422
53678
29129
218264
63276
15799
7558
25555
50348
54588
12252
20494
46346
52854
62949
80362
93922
196499
223672
27964
75264
78242
35121
27034
20559
16110
19638
23269
35909
49415
53353
57909
18821
50584
73804
16310
59141
242027
53977
24676
58837
45320
58341
194080
242116
32709
3709
11606
42802
10794
13100
14396
17447
18723
22596
24729
26421
27863
28911
31867
31890
37796
41909
42056
42345
43986
44645
46082
48844
49968
50305
50590
54694
54813
54887
56088
57067
57948
58025
58666
60161
66956
67300
67481
68326
71269
76866
77726
80322
83079
85312
86157
87255
89082
91175
93150
153175
168709
39923
20163
23518
53849
66536
69039
2527
65944
152582
13681
46001
40350
28328
27558
20770
11026
34779
78303
94895
10626
39950
35991
36475
77495
17559
28873
19842
20469
55743
38563
220828
24121
177048
14645
38876
21660
24373
23432
22505
54738
37758
22664
66474
66713
18434
15380
37194
33746
44720
54985
93275
12404
33109
20090
185958
48749
23938
28953
7522
95443
25613
46423
24309
13457
29081
40829
50749
70655
91616
94016
187860
19323
23141
31770
64891
43191
76879
26329
78599
192406
2837
24591
66667
72361
75193
85437
12844
11507
29530
33645
34958
37119
37135
41907
47026
49067
49379
49616
53672
55676
59033
61683
83424
83988
90750
210673
212122
225246
73791
19680
63734
52895
11611
150608
216712
70218
229346
16562
77244
24746
47675
35166
10659
18833
49098
60187
51560
226369
33490
38880
85892
220799
7409
29856
69130
22292
79298
41560
60174
82236
20764
25927
50578
9886
18412
74131
25164
2769
8542
40802
56121
74995
82164
28807
93992
9995
15329
33194
35336
30852
246781
2403
8324
14755
24534
8238
27181
34103
41520
56201
65922
71154
46531
76520
26358
9453
54109
81221
94345
35600
53582
35808
73165
18894
1933
19027
50275
37608
37890
11936
22812
39448
63098
22848
53100
32952
187090
230242
10086
17517
30386
53736
61866
12211
26436
2593
42274
177274
11548
192745
19611
186204
66671
46255
12999
13696
27544
29367
48943
64506
64937
68174
69328
79991
81590
82797
30700
9379
27410
37436
19395
192834
196135
26517
67499
46481
153259
182357
187049
188119
188998
199055
199935
204520
217732
219233
225182
56795
66412
17293
36097
32308
36442
55531
7373
27751
18283
53327
11637
9091
47874
50639
67052
81679
222957
36250
180225
198980
75959
72412
18382
54600
49040
30014
42127
69546
41868
182383
91020
91210
21293
4931
7314
24656
7027
13501
17781
40781
187186
41643
18700
20256
90371
20593
26538
27783
80330
19281
26395
76447
20389
44398
26909
32639
81016
47093
67443
11852
27007
152182
6117
10078
67292
39369
22749
79411
84340
18769
181528
34361
69018
13907
36023
40634
80117
18929
33406
27758
185757
28041
23429
58345
8731
13387
75452
19524
189563
198966
202165
211684
235515
10857
25411
25812
45447
20644
49041
53889
62009
63847
76056
79263
174818
69052
45912
41177
90675
156926
214142
15851
88106
11067
21330
10066
11208
53415
68268
73991
10988
14798
21714
27062
52616
15722
27959
77731
13820
49403
17304
48145
10011
34341
152415
53574
37707
21599
20044
20147
52640
67479
70807
83841
22619
31043
209190
3570
55010
27280
52284
48482
13337
4150
21886
54859
66351
161090
6604
28484
57677
94547
26599
48573
55879
56595
21813
29243
13729
24027
33478
49967
53954
63725
84586
236084
88029
197076
16018
38406
16400
41553
50731
28032
60457
74646
12604
23244
41489
50908
55919
60255
63008
63954
72716
73840
80557
19002
93528
45685
48724
52018
60450
63481
72059
76528
164711
177724
188391
194478
212117
21895
19933
42123
25465
21999
44712
25629
35161
63852
63694
230635
16655
27620
13166
49165
55076
55122
91149
9614
41278
20496
14569
53648
19330
52943
67642
55305
56779
59970
20189
79757
14956
25889
32923
48658
54457
29550
12231
17601
21877
25588
26825
28736
29344
30129
30444
34270
36251
36534
36686
36813
38018
38299
38620
39488
39627
40201
40747
41702
44806
45720
47293
48077
48525
49800
49963
51219
51328
56403
56419
57885
60394
63834
69414
74288
75368
76309
76727
77328
77931
78802
79455
79474
79678
87254
91991
93171
94027
94815
242223
29424
34789
26112
54660
219229
20655
14379
31911
21535
68160
27887
246148
20214
27989
78881
35672
15689
66406
28988
20421
31439
49918
42964
18431
12936
57308
52265
53526
208665
48485
35337
54791
40987
31320
49763
14060
29588
72249
25602
77258
41784
90446
49262
14984
16623
73367
83059
32209
27374
54327
214222
5131
73946
12582
26389
50038
59118
64154
79120
221590
38175
245596
12833
37836
36093
41139
17833
3073
9595
37095
58671
60318
75407
4919
44412
78795
14451
23657
63423
30379
207404
89730
17853
7747
26801
36268
17968
39607
17948
18428
42000
21308
37093
15310
15530
23069
61259
61791
73697
75633
77724
78156
81799
84598
90854
92482
180857
193537
10523
17934
16205
35052
149
82016
92303
183881
190548
191606
199697
202529
205913
208904
219468
223342
224320
233539
236029
236185
238823
245540
23640
68194
6547
23767
39996
83853
25741
31328
24407
18024
36000
51380
29208
65651
191259
205428
62980
12689
43943
52711
37451
51202
70818
8293
20484
54759
65582
27391
61616
25535
18044
40136
68154
18413
22739
7672
64747
29069
47380
29778
8970
2901
28740
42900
219717
30873
51755
58981
65979
78933
83788
93097
52006
62610
31672
43938
46227
80993
27790
52560
85232
31874
31169
51989
34499
94371
26897
28790
31457
33073
44737
55100
55730
58928
20512
10959
19298
31849
241923
64013
32760
44688
45299
211830
42065
38637
175382
84891
65581
52278
42536
64228
67278
72284
82707
86952
89852
82363
56764
173456
79512
44752
77637
17344
81293
40707
56944
67304
16349
53772
138
31526
12334
8037
24505
65983
71499
75315
83628
36626
29573
60190
33170
34547
65734
89143
90782
91154
168575
16378
87150
9383
18544
35318
34538
38372
58723
20714
29572
74587
37791
50405
55722
20903
49331
81756
91409
208826
81007
29485
30192
85923
81930
42349
21888
43714
10565
43889
49863
72604
72729
77403
78187
11704
45079
43088
10210
31847
10945
32249
51936
86884
226009
34099
38732
244146
58624
35466
39552
64970
38172
17080
223773
4878
46262
65794
25628
87750
43322
72860
20208
14731
35493
36734
19102
41955
80838
32584
88381
206714
17495
29470
52514
57028
71238
75014
48761
46041
19151
8467
28377
24985
45623
45914
51038
52714
53192
53280
65142
82569
87848
23957
30882
21943
12549
82000
54667
32198
56604
23361
39559
48704
30327
39867
35945
37516
22309
30034
16813
73930
84596
45826
71228
82886
85621
170286
62259
46124
35767
15581
58594
85932
41959
28215
38203
11804
27367
35822
33946
21548
25140
4731
183276
47869
35728
28118
54390
33107
28667
44676
54961
77788
82881
83646
54379
35589
16494
153201
185329
187254
13575
21872
46280
183681
14206
20924
25161
25457
29409
65162
93851
36211
21174
29109
56202
86006
39018
20420
60082
32954
37429
43400
18804
41457
27559
75553
183398
54097
48924
69128
10982
9347
45753
34706
15736
2465
35189
36409
62358
64942
78753
90629
96395
149800
39423
40767
58256
36531
95180
5900
86560
40878
23191
7519
22699
69772
25571
28360
15702
63897
72959
9344
23674
60943
81496
72032
12425
77064
3643
14038
22277
24452
25948
27570
27798
30701
32094
33541
35774
36150
36644
36767
37253
38103
39806
40266
41087
43073
43856
43888
44109
45788
46507
49060
51016
53136
53267
55521
58179
59678
59808
60389
60390
62156
62574
62669
63360
66094
68601
69223
71666
72014
75990
76196
76512
77697
77815
78265
82051
85342
91852
94032
28240
72833
4457
44086
24147
85379
226748
6652
7220
152620
172257
176303
184683
189482
193552
193799
194212
204384
207444
215911
219810
56525
32526
42820
71046
53010
14261
36449
45174
70431
73083
77689
199562
53364
64594
90642
241475
43782
46438
92060
43036
78128
165438
70294
35755
51357
45935
47417
20263
29353
15701
23043
41510
17519
49217
29393
12125
47279
38330
55425
156216
16622
43217
29403
57832
30816
22897
69932
15107
12681
40956
45256
46968
61031
69794
91536
41997
62379
38643
227797
14927
28104
76808
35406
21575
66641
46663
22090
11123
34272
57563
82298
32815
58766
6294
189032
41354
19136
33744
92284
6271
193265
215266
234533
70825
25424
55169
78246
30235
13516
16604
23386
23553
25008
25753
26997
28268
34712
37694
38827
44198
45523
48536
58734
67953
70235
82446
85326
95161
198742
32153
28392
45964
20492
22996
36139
14946
76073
238958
40581
79950
43303
72553
37459
30122
69575
72221
73197
84619
83113
35716
65263
31016
40469
69377
12380
17656
11941
7487
28868
66906
78076
220421
18927
65042
164475
171161
20017
187652
32974
17359
65684
12379
76314
52046
87996
7342
40976
56579
74009
74805
78077
82422
92721
35880
21459
65914
58004
60595
85654
235671
7387
59487
74599
74734
12100
6468
27237
84746
21451
79571
10474
17738
40043
33152
35015
71548
33802
54338
40072
24897
27704
33972
13748
32407
40675
50922
77086
79249
79625
81991
87856
203408
43274
19833
25633
7874
55331
14370
31650
14937
204239
30697
84339
24541
72048
1997
5159
75272
85181
24239
44596
44949
55132
59392
75094
76135
28034
89295
19460
45229
38245
19443
41427
29940
30587
35488
48325
49410
50756
60494
69022
72391
86922
92268
27106
88548
33110
207995
93531
3952
40071
95365
30492
5919
16518
41034
34887
53961
34608
72755
75092
83270
207433
2293
43927
39776
216638
31404
32003
37437
59082
29612
27432
38314
72396
75132
30653
40717
47272
65771
39284
30733
15427
64310
84354
28297
64495
85612
154059
186074
14992
27415
39244
59479
33360
23638
20820
58597
59607
76947
92089
198096
214351
20227
35585
73504
23494
40476
14861
19452
55581
46360
6402
13858
16717
30359
79957
5966
41142
18797
34912
20011
30276
241199
52638
26188
20312
21555
14076
8290
33322
55671
17683
29350
18137
65435
80218
39928
31271
9504
26146
19533
38573
41129
49433
54614
55088
58858
59023
68499
76784
78084
84792
94641
190187
241474
16275
50342
48024
22515
18231
95546
60789
19948
44111
40858
47876
27608
93044
47763
14823
30319
51041
27924
65051
80645
208472
222868
63161
52211
45787
32579
51728
50061
179969
40200
46439
14501
21666
77333
48205
24160
47872
20019
92135
72343
6899
35205
15639
64173
22139
204793
1750
52136
94597
179794
180226
190491
193293
193774
195092
197143
197986
198074
201361
219615
229524
232215
233058
237632
238033
244300
244535
42402
57451
6800
33076
22245
64133
80986
89892
24565
70547
7224
44133
41933
61838
209062
218373
9211
107668
107669
238180
21637
50668
38279
12614
41823
19536
33419
33602
34378
39351
47815
49430
30571
87871
71625
52486
52775
23449
58384
34093
36327
32296
3271
216938
58093
66013
57530
17390
33182
30794
21674
33701
34543
64416
12175
24859
58273
64730
80237
7416
13502
47870
51746
56932
62275
62378
81050
82679
91044
92017
175152
214531
30001
36506
32303
42427
55579
79760
19486
34053
34491
64781
68457
79527
50882
80487
59429
63871
69898
59549
37343
34294
42912
7341
53188
15640
30724
25966
16424
61386
74414
91565
94039
227236
42425
31226
17265
21652
25282
46817
65945
88278
38564
47362
34879
10317
33909
12121
170562
187463
44232
89187
3368
4869
10986
11517
16215
16689
20395
22337
25012
26809
28069
30581
31687
32336
32371
33205
34876
37260
40166
43064
43860
44087
44120
45312
48192
49716
50142
51304
52914
57365
58586
59394
59508
60289
63413
64369
64704
64715
67288
70941
74962
76663
77797
80056
80672
83854
88244
90600
91366
91916
94723
187259
52517
61613
39954
25572
17386
81981
66115
13435
47357
81035
54328
73643
89423
74637
23060
71862
55718
42458
65829
80648
21055
9433
22930
87809
19051
50069
8721
30871
36765
15367
55377
92994
5866
23730
59441
52657
38578
88764
71473
21699
41213
52779
14735
33261
70672
39998
30844
39193
58066
69978
81874
86689
93545
213703
28136
74248
28051
47452
25379
9162
9848
15619
27260
36280
16258
51207
25078
43309
45197
39925
44751
203430
17087
47596
70446
9143
13794
13598
36212
31229
34235
42373
43253
48149
55084
56554
58186
69668
73286
75420
77688
89348
216277
232590
22950
66885
41382
87419
29660
67216
77466
29408
9778
16566
24105
1342
41333
52963
55787
56437
72071
29183
2122
4223
62934
49954
22113
6344
51101
34881
3493
28575
45104
69404
72672
75389
17705
19696
36809
26444
9285
17555
45130
57123
39380
63261
59399
60290
33969
12826
19740
10589
48588
24339
58068
54802
9455
40261
172630
30084
84069
22003
33621
86289
67388
30285
77358
51388
68530
72572
175292
22232
38755
73119
56672
45414
9737
41182
35094
20691
41639
10596
31973
38589
18766
52857
14704
29772
31666
35342
39306
91657
26162
28255
55271
36589
66186
52300
3259
22908
40597
45494
63705
68480
70732
71602
83262
83745
93154
199872
42884
27600
5535
82012
36774
27296
33064
39742
55881
13275
44606
80921
18631
40158
59852
26434
17867
60396
24668
3275
29301
65246
67031
76993
80641
39951
6752
19678
38592
61416
30246
24224
15465
30006
64138
15804
34004
21458
77299
37664
65548
211388
194777
10907
32802
43480
43132
191457
57044
57001
152169
185964
186752
186858
188956
191902
198169
204310
206903
225242
228490
54748
42780
13971
61154
32646
51698
57775
62699
65202
70265
150446
156546
210905
62072
80823
56328
1912
18210
26326
39152
41041
54837
66584
69958
70838
84766
86662
93180
148754
90282
240070
37180
58377
10087
25570
46025
55347
43472
91997
38225
226138
31297
38020
30787
19418
24524
23120
33556
56156
63483
243571
27163
78912
86646
23760
25112
82511
38864
50515
52193
26519
137
14595
55314
155232
37894
45044
16191
44556
35273
44868
4340
28201
36676
56163
29146
53829
21960
27053
36647
38320
39718
52703
53162
61296
62166
68507
68774
73142
78895
85558
86965
90906
163368
182145
190451
61030
60296
26274
69006
92047
27971
35832
41790
49883
27642
49332
52473
29110
42532
17444
22014
36699
33028
6790
46100
62966
62885
177289
56995
28407
22844
77503
75413
81337
68659
181252
186331
196225
208905
238186
33400
31502
6479
46230
65150
39204
46805
68982
94113
14485
47838
75740
84629
17546
42052
83824
53037
19627
77263
17108
19336
35489
42678
43241
74075
48393
1706
49227
22804
56073
82812
95549
30316
32035
46975
47455
49113
91048
9820
15225
17420
15585
45010
71432
17382
13110
45106
57282
2882
32334
235660
9624
64568
5856
34645
82124
17034
172686
176871
15410
70162
38613
26338
24695
45478
51494
62499
64899
78681
84535
90509
192980
195600
224397
2638
64706
66336
37537
13778
43477
91216
16038
65393
29976
24523
10104
8741
37172
76232
8083
193526
7657
71001
30339
28808
690
91424
10754
9242
26457
33682
35584
52965
90707
81837
49009
68227
32962
70496
51833
44182
10769
38204
4436
14529
17003
21896
23447
24464
25733
26375
27726
32810
34568
35528
35863
37076
38349
39857
40401
41209
50614
51006
51051
52178
52612
53964
54517
55367
56051
56245
57846
57959
62177
64934
65557
68049
68833
68951
69015
69951
73373
73530
76642
77057
77346
78761
80786
82638
86046
90903
93106
94902
160828
11926
47558
68561
30438
58359
52642
36514
21929
12265
28128
38260
21163
15724
25621
53442
44440
51135
56304
89263
173740
175903
38026
49222
45545
58634
24664
49070
12794
17473
31742
60858
78711
87953
88043
60268
174426
42764
28866
69583
26681
50492
24041
59138
52397
16540
32957
43089
47364
81487
44731
64991
81723
82731
46338
32607
18998
32322
180907
210487
19726
8948
46829
48964
39648
27110
26842
78161
25537
32746
15125
27918
48504
48826
49844
51609
55365
63490
79498
179871
199209
199949
208395
220500
239552
177621
37635
38921
85543
30324
17598
45899
22898
47822
20296
21129
42579
9269
33939
66826
43357
60699
81937
8756
66762
18114
71167
97408
238421
17427
27238
34490
5578
35539
43365
20111
22842
30999
36617
36741
51715
52766
55236
56643
60471
66224
68103
72609
84328
85202
87585
63682
9256
23403
41298
32854
13104
45004
26975
40496
56438
41151
28833
3671
180869
15600
16781
13810
26259
76819
42253
43105
54376
73743
78982
79036
80352
86641
94076
55147
58554
80024
86094
93666
185357
217663
235829
33779
32636
27285
41912
243148
41880
67142
46133
21971
7061
48421
57297
31821
11387
43147
28817
208113
212879
16250
63514
89767
182135
183375
199306
200353
201544
204026
219724
224567
226589
236184
241325
244713
16875
17028
38676
51379
47072
13734
7571
18275
70915
42085
21199
44192
39147
45607
26142
27759
65974
67769
71624
80754
81084
33558
84216
27123
19493
49694
69354
37522
64331
66015
57998
230620
54953
90759
189451
32122
34520
37687
38242
40584
57657
62572
68219
212336
56840
37443
34307
17052
29438
27923
18198
44290
46987
18693
200985
5431
88500
19681
42212
36840
38274
22383
23786
30550
39266
43517
53595
60641
84259
85314
92862
195397
242387
53349
48483
53598
55403
83568
24719
37150
33268
33652
30249
42949
82716
155700
158406
10658
91132
18035
4845
25627
28234
64604
84228
26550
36238
28694
33794
74194
13448
23391
73074
73745
35490
38856
64819
92403
164489
22203
61385
152534
173175
20882
8504
179201
202592
205114
39017
27304
24763
46997
76078
17370
14105
32946
10852
50594
64944
25860
61193
59009
83512
28214
50613
56611
33679
18308
3103
19741
2650
228962
52408
20175
43190
23960
37646
55946
77387
82822
83446
88661
96630
56791
49032
27636
11457
34607
26291
18130
50333
22056
20107
24272
58819
43166
22500
58183
78958
23472
51997
36114
72067
12272
36903
52274
184267
235777
19250
22438
27162
45207
53366
62000
63690
64454
69157
57728
61478
35746
45032
7611
57790
28186
207497
232493
30494
25052
96012
12165
20224
89850
5768
42158
42220
68723
42874
33078
35042
35825
44051
52365
54284
56057
73221
73799
82927
94992
95455
178848
217997
218783
226976
228348
70573
66329
16188
20590
31882
65438
78402
188364
211374
31510
73418
42821
32387
71257
33398
23909
46755
47424
55682
11610
82455
22709
76736
8407
32661
40813
52223
176170
8747
4360
52836
33936
57212
157671
16510
45727
44444
16552
65543
31861
27204
27867
29364
42955
45061
24375
40324
75322
82412
31617
22942
4606
18191
40652
50998
4407
13833
62796
19394
58794
60376
69705
174697
206788
37673
54154
49842
36634
40238
18254
37987
41495
32784
36314
14792
19666
59846
33590
71878
64914
30091
92775
70042
37574
235476
6159
91600
51513
33079
73321
81918
190804
38049
6062
34773
37655
26557
94475
38473
69780
37742
51522
35692
46398
18146
19663
47415
53319
68880
73084
82250
82587
87651
93968
36303
17136
45968
45210
31413
36090
4780
29627
59237
87905
39004
21384
6288
11981
48677
72177
75324
36079
33589
75216
32110
16667
45965
92525
42996
64179
29261
27567
37754
4260
29885
8859
21355
22485
25750
29916
30598
33760
36007
36148
36866
37677
39553
40108
42774
42959
43978
46317
47158
49151
50356
50471
50764
51163
54112
58268
58721
61402
61915
62169
62763
63080
64645
65672
68643
69125
72880
81379
82339
82507
83916
84087
84288
85551
87478
90156
95064
158004
174746
175864
175917
194120
205129
208827
216935
241111
39551
186662
50110
21284
59315
17121
17260
26755
17374
6723
33822
49369
25380
23348
62151
70611
39390
169801
61342
39807
46324
27411
32005
70898
36370
39849
67459
37469
72602
75466
79814
86887
38269
49008
4032
39188
27303
5537
21680
31765
58922
19359
21731
46051
61725
45579
72026
148591
153304
153921
172495
174048
177171
178888
185758
193514
201411
203685
224001
226048
235654
236705
237638
238556
16999
185090
31919
25584
60514
64072
48028
107697
36184
29392
58500
16008
65417
63504
14828
23929
57742
61447
76453
76812
36312
1688
11524
41179
11162
18086
34873
75505
24326
43837
19409
14605
33963
27292
77454
84620
22784
31025
15603
22656
29548
46482
24227
74987
234150
3500
13950
29571
25766
31685
53784
15420
21654
26021
36153
40500
42730
43034
47995
49614
50428
51652
52037
53926
54576
59438
70247
78192
90722
90810
186043
229681
22713
28126
28146
45167
52499
58347
87566
25590
59623
2872
26094
28470
30562
66649
14940
16103
51711
30407
47273
42080
51716
39757
13009
45006
75626
35329
57625
77870
12441
34143
40529
42765
50257
70131
73552
93835
93930
12988
5777
72691
14188
51642
41384
14804
51520
22544
37048
16982
34217
19279
20093
24986
27373
34667
40671
59810
70233
79822
25779
35434
83034
25440
196952
13504
19671
19620
35960
73285
40467
31355
29664
42832
71206
71645
76885
85448
23476
28709
50359
32771
45772
47211
72866
92552
49288
22665
20968
30907
36084
42466
50153
6208
43522
9349
39716
40830
36660
7390
34445
23372
28717
37092
82241
68777
23050
27286
42942
44798
48370
50690
25583
30895
76274
42642
1462
54341
62862
191669
77714
45344
37767
38984
41919
43753
46573
50254
56402
69714
76720
91708
241542
22830
37735
47696
84917
37833
61786
88301
201479
205449
233221
53264
14622
242269
63368
50577
71066
57902
48241
39300
173821
83554
91993
23298
79503
12652
54578
65239
74534
55249
31154
48736
14971
93001
84310
64919
31294
159053
11159
12029
42913
63806
64127
76048
40951
39318
68611
10591
36553
18081
58277
9984
35131
86408
27817
21041
41767
157321
24397
41469
78046
2460
78363
94589
39047
21396
30079
12447
66570
71825
222962
239153
80019
85988
153080
26545
8857
32778
172031
19284
70440
32320
222640
37450
11317
3844
25031
27589
38233
50733
62491
63551
64904
78177
87326
51880
11956
38302
4136
68328
26352
32073
86809
20597
50125
36102
48788
69242
193197
31039
39789
46840
8425
70757
30483
64811
72633
82088
87194
179253
18135
189172
208297
64185
38495
40510
30568
5561
16958
51525
44916
8244
63669
17717
53196
30993
36401
42199
61075
51273
11235
31116
42784
62743
67948
70753
74287
74827
77497
80114
80307
82910
86721
86925
205118
218854
21030
60676
71962
13910
75519
33462
77265
39609
66882
74794
52622
55000
16150
20643
34243
51509
75492
45369
27346
30479
163041
205154
4279
23517
69330
22610
10045
32927
18505
18902
24773
5648
23451
49491
194618
17126
64048
42559
39067
47919
71679
48271
65104
57498
80534
3353
16370
19184
28800
49230
75877
95432
88273
4522
35613
53668
48997
34672
67691
69058
88803
236218
63367
34422
34821
34441
8691
8514
45843
20758
26054
38252
40423
48456
55456
43494
16850
64440
59950
6226
28799
3987
26737
39058
90718
24571
18972
24015
48955
245587
49673
8108
68980
14411
81236
82206
44428
75250
151404
151664
174593
179267
190074
191443
192619
193213
195547
196050
196852
197585
205017
208225
232442
236587
239589
240814
10186
80513
10261
24369
50635
21668
34989
41921
45184
66722
76558
78056
83500
86425
95986
68831
18057
43363
93546
55955
45132
50355
45854
36501
25283
26627
36418
30972
24222
34900
37525
92654
84448
52144
33850
70464
44779
18061
221058
44236
59718
14914
73682
31167
53005
37212
9692
12119
43260
12235
15053
19149
19692
20347
20855
21099
22077
23133
23850
26332
27070
29537
29952
30188
30490
30505
30532
31546
31747
32501
34299
35119
35670
37338
37614
38346
38520
39151
39567
40995
42995
44313
44875
45205
47394
47907
50527
51863
53568
53787
54100
55924
59452
64725
65420
66370
69179
69552
69782
70403
70704
70754
72993
73028
73826
75947
78694
79467
79700
79953
81846
83569
84032
84253
84701
92094
95200
96245
219888
28578
44145
13492
46094
30903
43934
11350
29965
58172
66132
19918
34253
87867
86170
24210
29112
43690
59298
40541
42407
8846
34028
61409
35944
33793
65332
44782
51376
33544
32120
45796
56195
62621
66502
68088
68137
83903
44733
46730
34692
50046
35080
9589
56480
11478
18975
63232
24447
155238
25306
23549
73182
217110
221419
5400
40825
43493
29534
50785
57536
17049
25802
6230
68508
62210
50705
46621
38030
88198
31061
9783
29955
20452
30639
36764
54856
57713
64481
93886
50716
24513
55665
53238
35025
58740
66275
82319
206422
16961
10889
64559
241213
3149
40958
22131
34283
56248
22757
14559
26889
73966
82699
16532
19009
45920
45932
47614
6815
73338
201266
16843
29229
42712
45404
46847
25522
32184
53450
15316
35095
8738
75415
17580
85228
39108
30777
25020
37860
29089
43287
10956
21914
31879
36379
44571
45290
48827
49554
53952
56910
60771
65713
67258
71116
74379
75676
75839
76555
76903
80329
80873
83713
93802
92184
59444
58300
53231
14613
46236
59371
63799
40367
36937
23511
25892
48408
52372
65526
37621
30271
59285
31957
46388
48099
78398
20734
39931
42935
77267
73376
242309
42351
47722
24964
45090
61641
19645
33535
50445
75800
857
51719
57117
58569
59824
77146
81388
83562
22874
49717
32817
49368
44463
27737
35258
46490
80194
49265
20442
45510
54044
28671
44761
26572
67432
45689
45321
26486
77502
33402
85432
224994
23155
90534
8681
70485
11041
56691
59797
70648
188586
14578
15113
9161
14546
19266
59076
10981
27322
28216
38801
42557
52977
58657
59258
80595
87581
42133
88132
74196
47567
25190
55092
65759
11736
18289
207892
40822
16485
18447
20443
28223
29262
30815
35769
39783
40861
47055
52470
62170
62649
94931
13888
59609
82226
151425
32712
246719
3904
17416
22199
32244
33868
35144
39041
42943
46820
49326
50203
53048
55034
56845
57567
65788
66872
75823
81124
85695
196788
205404
211182
216572
244195
22032
36972
21864
52797
53023
20273
41133
17197
47732
61005
71108
37285
24296
74308
15347
19603
30747
36662
37656
54033
14446
2365
64941
56584
171784
187559
51899
47866
54126
68614
69467
84591
6395
39875
68069
74814
30909
36146
46668
25192
30055
49026
67605
75314
53235
78774
15081
66902
76011
35924
18466
86034
36196
4385
82017
15664
65439
29064
73956
20799
43651
61750
73662
78266
91326
230298
53973
69603
93262
74757
15166
46716
87317
19354
61727
20009
24230
18124
62225
14570
22104
68202
9929
62700
189370
55716
65400
2966
14157
2065
28086
152
1491
87336
166151
179644
180185
184689
187396
189139
189464
191987
197709
209092
214829
218086
224177
34643
18953
31183
3633
21394
1561
4504
46300
81274
79031
25111
27125
41096
18565
44395
49106
53111
58141
63012
64844
70044
187813
189552
204151
88367
18286
64370
36452
25931
38318
169553
22487
36577
80481
238448
74399
56498
22552
51216
59799
34292
51139
15776
36810
28380
23248
16668
28458
36605
211334
20306
47808
67307
19011
23498
80842
51324
61463
4218
51110
69193
9747
51574
38707
43038
10900
14153
17212
40887
221543
53115
29745
30326
93343
169392
90468
29071
13488
26228
30252
95114
16521
70320
56157
48884
82061
84068
24936
49703
71152
60785
61213
64683
67046
74817
79453
85110
182923
200914
209638
232996
12725
29493
29919
16606
40231
49586
83432
160545
218703
3345
15607
23249
38389
42837
58205
159775
39116
55175
60584
66239
38148
56132
9735
33764
29256
81041
95536
21333
48179
50500
74459
79819
18957
50360
45326
89237
72037
51443
30559
184658
34043
14679
49925
1468
51102
20215
25657
34788
35149
53161
58184
69307
182248
214206
16161
10712
45667
90154
27223
35041
66615
31488
30452
29055
8056
26153
84565
62427
10876
14475
38362
14119
22534
59435
73778
170834
5051
20910
25512
37731
38978
40616
64146
67467
190632
71163
49232
54005
181132
15150
24371
24440
26766
46185
58908
60901
64752
65529
84152
87175
41646
59547
60694
34810
67375
67524
41698
63554
6870
16283
23000
24549
25352
26408
27356
28228
28994
29698
31027
32040
34846
37354
39402
39976
40227
40689
41699
42649
43609
44055
44770
46163
46410
46967
47259
47317
48150
48715
48778
49932
52254
54602
54826
56715
56950
57579
57663
58313
58664
59381
60019
60139
62745
64140
65325
65707
67219
69992
70614
71909
77078
80649
80660
81305
81632
83014
83420
84325
85798
87086
87138
87661
92051
92274
92355
93269
94018
94179
94737
203007
208653
231787
51179
18457
49101
17470
54708
79717
46451
207871
70322
9439
14431
12646
16637
57179
63952
76423
160954
196553
28874
30083
11020
89876
188528
192660
79103
22525
42046
27849
33642
79810
41804
46310
47142
60431
13651
58435
76717
75282
51635
54693
23752
52021
10860
80192
40789
37335
25609
33435
81903
19137
31760
19886
40451
53747
58660
70272
78962
85420
91572
208268
46443
38296
9337
14630
51292
93873
59419
47374
35040
52680
33515
38391
55224
56945
199956
26157
75230
23740
24401
9355
34314
67666
83564
84342
37200
52183
69759
39896
40728
83986
92199
47034
6840
19033
195753
56748
44255
52063
49516
39726
45902
17094
23622
43787
44990
49367
50262
51554
54074
58349
70237
70706
71727
73095
73851
75821
78427
81833
86893
89437
195327
212094
48507
36175
42451
34295
49395
51366
218952
73114
41282
59966
18136
48308
25081
40413
49908
65749
73294
21422
31563
41306
30792
42256
52119
54149
56571
51588
45228
50557
202326
11066
8797
38400
38694
34082
22521
50007
17651
8600
6377
7817
37993
31030
25157
82145
15549
23454
39953
83603
14627
36131
46937
49897
63335
50120
62728
57716
86725
61872
92811
75862
77166
87749
65399
8998
16936
32138
32250
38177
50751
64560
13424
21866
32528
61622
61731
78575
90842
93219
225600
60777
62631
9175
179418
42648
64422
46187
88609
37067
27756
67418
78306
21736
46480
31352
28802
53590
213769
18771
70549
88849
89105
204084
59365
14466
41211
58013
82884
89006
89325
90354
93114
33750
45848
175555
176978
180493
181859
188672
190117
198432
204692
210859
210931
214194
215556
225954
231202
238764
242542
242820
39164
65607
64913
13283
60180
65903
48998
5980
24909
74362
93504
17471
54706
26978
6390
21583
28165
28978
72693
74424
86063
89543
89689
91934
92579
62262
19128
59169
62173
32163
15416
66099
34412
20240
29866
87672
20920
47957
46154
72136
40673
9208
65999
71604
73819
34447
59506
23663
93354
18940
41185
111335
221224
33367
65506
75555
14477
41515
36885
831
15279
23986
40039
31354
5519
16844
19630
32896
47481
47486
57464
66637
79816
1329
41741
54824
90944
223731
15067
34263
33752
31858
17423
22805
45002
32424
14507
15539
76939
90833
69848
74042
13710
31390
48875
53970
81127
82749
86794
33125
30071
40225
73728
35087
25387
69589
28042
17609
22573
51875
87606
50657
79593
94803
17715
22206
43353
66913
80835
84464
91357
29989
27614
44265
73574
39263
35418
42513
5858
18960
39744
56943
25611
40547
45148
66814
29368
33412
39902
48315
55319
57905
62794
65262
66364
68289
69880
71371
74473
74501
80615
88592
88717
90305
94168
218989
63723
41266
43502
86130
31197
155769
160719
19515
31391
22467
22030
14976
39680
12545
70521
29130
49669
40523
62719
10393
80360
21789
44275
80124
5750
8506
17806
21879
37506
38628
57292
71854
84748
14008
25349
36563
42508
93630
79204
39890
35372
150922
54589
61643
64006
67602
78416
1270
44446
41134
38432
71592
32360
15396
76320
76777
177626
42119
56369
26515
11215
17176
25255
48673
159119
97524
10788
32489
39592
39915
89984
194437
226760
54668
19731
35360
93080
160678
45140
67043
37526
51669
83592
26201
36812
45078
50044
54619
56912
26634
30011
92857
12532
22517
43156
66971
73584
52195
19197
38170
37288
7365
92200
226705
244156
30809
48758
62182
33017
71497
78752
36347
26061
34636
32985
81350
54794
72298
13357
45152
46566
71728
72318
75064
84570
188770
192351
211291
69445
33034
18276
23778
30182
37782
84736
17511
19257
39252
34402
166305
13284
35615
55635
57669
75345
25996
86469
43402
12724
6787
7195
26227
38760
80807
33517
51595
67729
61394
62514
88376
10977
16136
37393
47377
2903
195326
218578
46893
24150
23883
94090
35541
44958
50330
57201
46143
18635
23469
23630
23653
24089
27978
30599
31493
33012
33180
33219
33474
33918
33980
34965
36210
37302
38608
38761
41511
41707
42426
43214
43855
44189
44553
45179
45190
46449
48678
49321
49807
50307
51075
51676
52509
53381
55232
55637
56370
57157
57587
57648
59266
59601
59753
60068
62114
71897
73189
73568
74092
75091
75406
78184
78590
78745
78903
82013
82387
82609
83551
83656
84174
84847
85880
86017
86198
87321
87408
88335
92512
92918
93051
189114
199671
235193
12641
226494
53470
26621
53549
77047
15069
11474
63088
175840
55375
31558
39530
39388
36408
25509
60497
36806
25065
61337
76988
78905
58432
21105
55657
37446
38556
2360
27791
28056
67186
87135
94544
185011
33583
38270
48215
12453
43638
31072
152220
219067
17726
23925
56902
86055
42498
42005
27513
28673
52865
21115
22945
59393
87398
23074
19581
29838
2049
73621
26107
22622
23335
93587
82518
80113
11830
19551
63092
41776
59142
10411
18360
30867
52103
78138
90361
9835
21938
54087
38192
22272
39706
40660
41536
65280
86353
91298
91983
93022
18942
7377
22153
28198
59605
29263
61749
64121
37027
14141
219138
53611
8936
29636
69351
13757
30523
67260
27342
50970
31302
12619
62993
214818
94067
67376
155211
177003
180681
182370
184991
186978
189947
193113
194095
197751
198104
205043
207790
215649
229799
24669
39439
24014
84532
53379
32781
88568
46366
53394
18220
30605
32540
38199
43028
46476
50400
56640
56677
65549
71781
78387
80201
85117
90716
92466
195090
223131
31897
22506
27634
37639
37802
4294
47383
55130
90804
83711
24942
12608
16124
16995
50170
31852
32911
35872
50545
55872
14632
35479
65975
36683
63179
86613
9025
68126
21755
16859
48040
53310
98507
27056
67677
20000
14543
42707
24732
35546
12950
37600
51877
52256
72108
7292
36875
37477
45353
52496
66997
77402
78341
86090
90359
58196
35882
29281
33366
67150
85967
32158
65874
155875
163206
45277
29096
2300
14532
29770
57210
48868
21382
21921
58412
5769
32168
31950
26774
34574
27386
61672
33680
7159
38757
61719
63977
75535
84614
88486
91191
185680
5992
31654
78898
36974
27105
209245
19527
19946
31532
35978
61103
64209
21521
194327
215784
13198
29172
65972
20366
61818
94095
52201
46024
88133
75243
19192
11021
62754
80282
33445
53857
26252
28031
32649
32732
34998
37897
39192
40702
42496
46652
54900
56340
64143
66650
9063
23297
44139
54030
65261
40338
18514
42269
28516
20743
25912
46525
34906
3530
27498
47243
84955
87626
90070
165243
188539
189908
220769
229577
14883
34192
51278
63998
43574
65309
32521
51333
17920
37704
52264
33911
25438
57961
38806
62579
11172
24533
28435
5430
21304
70493
76562
80207
190746
203479
16007
89109
48892
6083
24887
40139
69606
59031
34579
21602
53485
71868
10733
69952
71507
37865
21369
45076
40932
75305
15421
20880
24971
35480
72248
78012
84419
29688
35281
18350
26786
34874
19534
25073
10290
77505
26951
79233
3910
72076
72782
95711
43649
46927
57953
9073
74574
37555
228432
189780
24715
8272
86650
27446
31415
35380
53493
75062
75065
78259
222636
46287
11701
86113
99773
31487
39437
13035
60045
20396
72435
9843
39637
37170
218822
24952
26282
54150
40458
50225
174213
239575
67607
18647
67370
68142
73312
77720
85894
33807
64348
86745
22048
22129
26275
29891
37989
26802
83839
55110
15847
29380
13474
26609
38932
46011
56543
46889
19915
21098
23561
36448
38463
58643
61951
65764
66734
72537
73704
78123
84881
85970
88573
90566
185916
187156
199404
222578
79703
75583
36895
62049
28022
16595
50945
43347
54691
24870
37109
57621
62689
67072
83495
2118
10319
20370
26474
30401
43921
53645
66456
9340
52712
16165
9131
14790
45652
51839
61662
67675
44248
27193
7329
58911
4295
61909
219689
33759
72408
59986
36796
26604
80589
21104
79774
24818
196411
62479
7568
46928
10196
31881
57784
45785
56714
72731
13408
37499
33265
12028
26908
59227
12620
38517
62704
92778
19039
48608
27613
31431
14930
21983
22443
33952
40957
46857
57649
63686
66655
175273
20338
35474
77080
54294
32681
43439
44372
49316
48723
13223
25261
64130
10188
52167
45217
61950
51932
40255
43737
46356
6658
65187
84724
25751
22493
42398
26386
233786
1694
4043
17962
26738
33260
48406
45324
56702
5863
13306
14743
17912
19426
20131
24082
31811
43395
54640
72056
74538
78671
93422
94783
197876
198945
39760
7582
45522
66886
5950
13175
80240
24081
21985
50947
63630
89562
46552
4812
66287
20056
57068
36193
45284
58944
84659
90360
47720
23186
24295
56623
84078
34639
186798
194077
195823
199433
205273
205871
205988
220202
233970
241981
32042
50245
20892
86574
67180
51483
12082
26920
37395
25234
51859
7887
19944
36389
48167
54140
60796
61453
63619
65593
76714
81054
91071
149884
150793
10541
16087
20783
27134
28413
30330
30396
31367
31397
31955
32353
33448
34245
36024
37502
37622
38371
38423
38873
39415
39687
41680
42337
43751
44300
44531
45116
46458
47571
47778
49969
49998
50552
50772
52075
55575
57549
57602
58382
58704
58733
60264
61629
61914
62484
62804
63926
64966
65350
65427
66016
68217
69489
71203
72024
72653
73685
74472
75039
75764
76877
78969
80592
82629
82659
83360
83755
83968
84038
84073
84573
86826
89043
89900
94218
95182
200706
226965
6854
57870
17671
15996
94984
181522
18827
38653
51519
180282
46158
85791
56502
23075
17372
23318
55008
79795
14345
4027
87890
221306
64708
49773
39190
42115
44414
75428
83265
86231
165089
223986
27344
24399
14220
42873
84278
74895
23616
66977
39031
59933
28142
4234
51024
43245
54072
52465
21011
17755
22590
52960
26437
164033
222712
21915
40036
75233
94393
29149
28260
208061
48279
17455
8657
45996
55910
64644
50433
25967
34165
59088
79868
211085
213951
73406
29569
35107
57389
47730
30410
230943
26191
43900
90677
195897
78334
37769
220850
18579
52934
94442
24333
40249
27382
64028
10318
65196
78950
16950
17229
21808
8564
24097
45610
50841
28647
39850
68163
36059
59218
48983
67446
18319
22164
60534
37424
58602
60359
67874
164153
38259
89759
24904
24622
47246
40016
15139
16517
29667
30813
34657
34815
35921
42479
48189
48386
53501
55007
55725
59835
60701
65387
67324
68051
68747
74775
76195
76577
77102
80772
84853
90180
91226
91570
92033
92886
94549
212169
222443
25587
81107
82024
43908
5623
92256
217764
238844
26748
14562
160836
69863
19175
63738
48544
29309
7877
93090
37394
42680
63733
65129
85826
223533
34531
38695
39539
71015
56921
55721
9904
33022
36285
44691
51994
52405
55862
69495
87265
87941
60552
41455
63933
56484
71903
71875
18227
64358
68134
19899
50920
25174
30264
58038
72368
54369
70931
86880
92832
44201
79166
42187
9195
57309
60101
18071
22872
14118
35603
50570
9553
33734
70095
21292
85917
79118
27482
47993
27357
52670
54134
54190
59092
86185
87164
182695
50395
15355
16080
1839
13584
67360
79690
60313
20723
78224
23485
27517
37536
17536
13607
33433
10692
20886
52424
52447
75159
95405
227512
27164
27639
30713
36680
41521
49685
51461
57744
62481
37955
73982
84381
70742
39262
33449
45128
44207
66424
1645
35997
36743
40942
41668
43376
50906
54502
64076
64834
66697
87910
93425
229844
78406
79141
47837
6548
28300
77988
73102
78324
65655
28089
79300
7270
26043
52840
66413
68732
80806
41352
58237
74336
20614
60966
70364
74890
75296
33211
20071
5520
51171
53695
62748
35088
11919
35222
29738
60518
179523
21489
48975
82264
88907
38278
39484
41014
45776
43745
71579
78209
44402
40664
58859
65127
26926
63060
19859
28625
30997
36569
26824
63417
66207
37698
29847
24363
25339
35073
38860
27782
50502
74038
75343
242700
89784
33468
45075
16831
60424
89053
181462
57704
34349
29415
79777
64583
56684
27906
74648
44889
49192
70625
82711
84731
22310
32791
65334
234091
53991
56273
22835
27248
47676
21127
11466
5785
9001
46139
68574
69832
41407
84010
12986
13405
19761
31696
33861
44684
69033
74577
80523
86813
89265
95157
21346
26702
64134
23705
56903
28290
29628
35416
43005
43521
47433
47529
48355
55683
57863
62302
64080
64128
67336
67423
68331
69183
72675
75418
81722
82763
84047
89835
201860
40112
49380
69084
17073
67920
236934
43409
20155
7403
95779
87245
57680
13638
65509
88125
83400
19056
6805
70842
19372
14254
26294
77295
40564
48953
171690
182150
185168
195485
30127
28552
35276
46264
43734
159445
179971
180770
190967
196152
199482
205771
207202
209527
219935
221081
224445
224556
229179
236899
246360
39582
209696
31435
44157
5907
58391
43540
2976
29872
56941
68300
31437
14503
47948
57711
76709
77594
90551
32755
61912
58533
12370
21646
27551
19277
40619
67897
41256
47095
75530
36762
49197
8550
39492
36842
11053
34012
13355
38167
42916
55186
63947
64774
65080
69105
76125
84647
91687
93378
93532
171270
186901
47879
16220
41228
155072
21139
28416
23073
33557
32433
31597
43369
51784
51926
52398
52946
60733
66044
74498
49621
39527
50693
28599
37726
90069
82688
73554
50346
47461
68417
219248
29019
76781
86133
95659
545
28075
63921
77929
81987
84828
705
18482
33985
43249
46904
68527
76410
81450
84501
57618
57548
21164
55278
20825
20953
4186
27208
71599
31114
33827
48394
16208
56829
38782
25479
45822
44237
38373
41995
43135
50618
54864
59269
64035
69662
73364
75208
76003
89692
92431
95418
207994
86335
93142
18854
71135
162581
48264
5002
66923
13288
15035
28378
37780
51088
179892
75549
8573
92121
29717
13192
21108
45288
85784
94932
23201
46528
61806
41155
18918
51198
54852
42048
87451
93237
25035
227146
54094
49701
6622
47986
65654
1011
135
6736
11865
21656
22635
25703
25991
26440
29970
31939
33016
33420
34390
35078
38671
39045
39503
39550
39839
40918
41161
41250
45595
46231
46520
46605
46926
50002
50931
51004
52500
53454
53547
56354
57629
57760
59112
59842
60501
61955
62036
62577
63424
63519
64262
64672
66526
66568
66905
68816
70857
71792
72806
73528
74087
79997
80242
81428
81563
82344
83525
85182
88137
88296
88468
91223
91432
91589
91935
92108
92395
93484
95716
245081
11661
89549
42112
46973
53625
239646
47985
27806
26412
30694
53259
38205
58694
29531
19271
47094
29658
56627
85596
57735
13406
44477
63528
65179
67694
81102
83351
94343
209813
224289
10089
18148
42601
71304
86045
86217
28272
32192
43281
53884
58611
78749
33498
33714
38468
65063
4529
28405
15036
27819
42436
6448
153217
14725
33545
39634
25203
17091
76436
30670
59788
71052
24831
150556
187856
229227
35824
55251
56495
17551
74224
55748
28840
34590
61110
62343
68984
73482
88651
92981
95254
159909
161516
189439
65756
30565
21323
22587
27602
78083
47478
90129
171460
234393
46290
70893
73401
44938
62460
84637
48886
60002
62866
14222
20808
75008
10662
19129
55897
83706
15418
43221
60299
43001
6471
12087
6861
31572
78219
26080
54894
207862
44218
22760
33865
52032
59774
34045
41973
43510
70216
93195
9544
20329
20411
20557
35082
43446
54718
55218
56886
62229
64579
66042
67058
68234
71057
73043
75692
77121
78588
79100
79575
81260
87853
89334
95475
245720
33273
70023
93991
210759
7710
59905
68313
21228
26570
40400
50509
16910
7970
19653
43859
48893
59469
72652
64413
23086
23898
2539
67427
52351
18923
40293
17246
59739
13497
20812
43466
45560
53840
70955
71631
74419
92023
163935
234268
236884
17752
48728
34398
26276
70603
91638
95317
27522
11598
42268
81925
74358
27958
30104
22017
38551
52516
1348
21154
171728
64303
34218
46058
74864
40920
46396
47915
57087
70798
26313
27216
33713
19067
39762
23401
39579
46487
17201
42495
45208
15052
28044
57636
77432
85840
33756
31023
5151
12462
21325
73427
43483
92954
66369
67781
71829
76036
77821
79767
80254
82723
219612
244124
33378
2608
44816
44401
49020
73143
77392
205853
72741
8951
38625
21612
72350
61250
65637
45750
49203
34284
60822
57172
9961
39196
50027
79227
34745
4676
22186
31856
43665
54020
54314
69868
80630
94461
2999
64813
33957
50534
11465
16108
57262
61521
13073
11638
43280
54167
66000
22249
27309
39417
45454
46057
49198
57588
73059
82535
84577
86908
93918
28319
42047
47704
63853
66135
69106
71518
78799
81567
88356
91917
93118
155954
211358
225943
228589
242210
64605
73777
23845
36414
25009
46113
76441
23419
77511
85659
165030
168703
189460
63593
63727
53283
12378
33379
81122
45918
27430
51890
71145
69900
67981
40212
60304
39470
180196
20213
23411
50304
25851
7012
67773
68887
180937
87748
57660
62442
90710
7160
22067
23408
44066
14732
80344
28488
62634
70223
30708
30902
154564
189722
198721
198898
215615
217840
229187
236005
237752
39673
54262
67909
241244
2485
55512
59080
63983
47746
77028
30978
34387
54695
93750
32979
194666
61692
64008
54136
189310
26187
27581
53189
94034
172605
24641
3263
209292
64342
57284
75711
39273
69798
30980
40876
29581
32984
30760
82047
27796
60434
41411
44287
24278
31394
58208
58399
63762
75236
172089
188144
192972
193233
197935
30938
13552
68495
45083
90946
25370
68735
83443
47450
73815
23996
48029
8947
29953
33787
41190
6123
18200
2269
22378
23227
49494
73230
88343
92834
36632
16002
25425
34013
43410
70453
92816
42960
45052
68471
35081
5699
42438
88384
93437
15340
65256
15719
26501
27101
11298
30729
75485
54263
47013
18496
29539
30408
44128
44482
47703
49037
57363
58156
60961
61032
64092
66334
68934
69379
74540
77430
78377
78557
81232
81247
85553
89887
94306
186831
211530
23794
67263
20955
11628
64039
75911
90626
86190
4270
8816
190196
215496
236651
55789
64650
33979
16558
33371
67739
95217
185394
53293
172412
189199
197197
32422
27582
47726
18685
39141
42051
52738
44292
82237
56465
28024
53624
19542
34085
35653
39391
53203
78896
17223
12898
21206
42205
52070
55089
49156
75776
27225
6370
6102
8508
12765
22912
18585
214465
38997
82420
64616
92854
24547
38580
4898
54562
89781
25662
53101
63824
65691
2888
19398
53322
33335
61144
39664
23731
12036
15737
45448
49769
82073
26234
33719
62801
68461
77126
78049
79309
85346
93223
159440
88522
57146
171413
10933
29285
44399
54967
62680
73797
19176
50453
35732
40057
26427
75843
241076
27699
69660
8778
25862
68044
17116
52992
27991
43476
68656
84008
26224
43354
82143
42793
69051
76849
55670
36941
67944
40073
60816
32889
41717
60037
39616
177579
48937
46293
27960
199153
18051
55503
60921
83201
91250
63520
49573
11430
35446
41791
42286
45651
60879
61989
65615
70060
84939
87052
238494
244249
13688
14928
40996
65244
54782
212440
82115
39640
174795
77805
16021
24350
162863
22417
36839
71491
83951
51301
32944
28946
46306
5756
62447
48213
37337
43964
44393
71335
74120
89317
95091
193271
220901
50494
16998
81259
69231
26431
31127
34526
36200
56307
15412
17225
5795
8682
11643
12861
14201
15106
19090
19451
20983
24052
24450
26508
27100
27314
28846
29345
30240
31059
32877
33124
34346
34389
35736
36049
36390
36862
37970
39852
40970
41653
41724
42327
42386
44104
44425
45001
45012
45317
45445
45468
45989
46033
47629
47817
48510
48816
50016
50863
51393
55535
55797
56264
56701
58321
58408
58447
58854
60774
60903
61498
61983
62234
62258
62997
63563
63588
64037
65626
66725
68510
68704
68841
69311
70661
72852
74719
75013
75019
75099
78386
78673
79255
80573
80635
81954
82430
85782
88781
89343
89528
91457
91517
91845
92132
93639
94199
95015
163050
165959
229661
54586
57085
34811
53800
64421
61834
66007
18172
30735
66203
865
24711
26494
34510
42654
44534
48168
60059
62915
63303
71699
74991
80964
83455
83474
87480
93325
148650
19748
29381
32843
6114
17033
19190
27640
27898
45804
48105
52605
81566
84829
20391
44459
32267
50145
57418
38852
41555
70239
72861
73274
73339
74450
85193
91093
93326
164993
94606
214324
16448
71415
95842
208612
31764
71923
95517
45500
40341
74277
31137
37029
46962
66976
29896
9627
30145
29454
176852
21495
31117
32525
52853
89274
43211
46561
89363
187099
25893
38360
49091
34164
34858
43576
54649
38285
56553
13309
34048
15038
69620
56129
39498
27781
16503
28197
34783
48231
59613
71547
74479
79066
89950
182262
185366
220597
246131
208489
10230
40570
6771
73624
27409
27981
31490
45361
85322
51730
19779
34057
4867
11943
30886
51214
57824
73914
27526
60521
90519
26049
94247
13601
18105
66365
38333
60854
21414
32790
32645
23596
36365
22755
10477
34997
27955
54922
67886
70422
33528
14866
39313
23290
31776
12544
31517
31505
44119
45905
94268
74869
58387
22538
11891
25531
31495
58008
63856
70916
79616
80129
82222
82360
83297
84321
84358
91398
92035
92154
92502
92765
93527
95249
195176
37476
37679
64709
10991
17488
28828
52361
56127
22353
68897
52518
63653
63280
71323
30509
58957
50100
29696
31556
21113
30292
65892
86920
32720
78157
9292
19219
48173
95129
152932
160279
166967
176514
176652
184731
189626
190767
194147
195448
201874
207721
210901
214297
218953
219858
220688
226042
226470
230606
233232
234602
241182
245353
246374
43408
60724
34136
56293
77340
40940
43962
195870
20504
24377
29867
44045
75200
77410
28737
44205
192638
29136
35425
46171
48369
53221
53922
66345
89122
10396
64713
182388
52655
55124
23119
23300
40833
72532
83081
29378
46952
69329
11900
39730
48055
60322
61265
55804
49334
82210
59199
15642
32279
34927
36869
43461
44217
49468
49922
50277
53483
54022
69648
76349
76430
179779
196198
24999
34455
40490
49639
67094
211455
218917
11880
16945
89836
17081
58197
43867
17069
19294
38788
79114
82637
33724
19621
66662
30888
15610
16976
24935
29714
36579
37728
41065
41204
42507
53419
54684
56265
86638
87743
88945
88013
48459
39350
79852
21972
72597
217415
58351
39035
21233
31129
9753
8507
12520
61209
5086
15989
23692
37942
47006
52228
55424
57989
58055
60739
61253
62977
63472
66321
67748
70487
76408
80159
82262
82735
84127
93015
214981
217893
225732
244411
82253
22878
80158
84776
36265
25396
27836
7281
53475
56768
46881
173590
191767
196096
205755
230227
40403
54980
87129
13075
13664
31007
61010
50879
26320
23633
28528
12049
39532
41815
57813
60491
71297
73957
75580
2039
36953
76282
77374
188791
38508
2063
52976
15405
25116
48128
86730
91037
19191
33632
56624
22706
88679
19237
28266
49428
76666
18619
8147
46655
27069
21282
71308
44620
37695
30117
21798
94834
73754
30106
67601
21201
19986
24184
68672
85377
10635
26381
83889
54593
45418
52728
12882
5771
26558
29370
32872
24915
41568
42079
52277
60895
68535
69143
75522
76722
79941
84446
87557
180670
243187
26035
2986
26348
30172
33773
37355
40555
41060
51294
52115
73228
79359
17703
74558
89212
30436
38701
14086
65774
26608
3398
67818
189558
237833
86062
37057
37400
53908
11734
44996
216346
5731
14653
17643
4856
18530
21001
32016
95905
219892
13272
25363
59537
45349
60100
33661
33882
39033
45864
49161
52763
55437
55618
64888
71090
73218
75570
80520
84414
86263
95366
162182
189541
195597
197683
241029
75125
55698
59633
38209
70971
23800
231681
38365
12580
26598
40763
43465
44852
56993
81120
89755
5739
8316
59383
58706
36158
34167
49169
48162
34074
57893
15930
25036
47523
64916
66965
94280
31034
79317
21373
24736
7382
63766
11753
27556
32135
58420
21073
83127
18952
37823
53463
72379
170248
213496
70863
93536
20828
49560
57241
65058
74163
88156
233583
23277
28560
19850
73595
14764
57555
23226
20216
1838
29992
31593
57178
73033
58818
40286
55190
56966
60167
72100
84208
47510
16482
8180
39444
22711
25420
6410
166743
206921
241193
5592
23422
35895
54622
12747
32342
41386
68500
181609
31918
16646
3695
32086
31670
22207
29018
3385
19539
31010
82558
29157
73744
39691
27273
20404
68164
71549
90959
93186
75541
58219
73695
83390
87968
45771
61522
41385
31943
48740
10157
19325
21573
45003
56597
74525
33351
57496
75130
65125
78419
19847
25761
48095
57480
59453
61545
64669
74300
81133
81533
86419
164891
205788
236126
12903
39345
39734
87350
16946
41229
52581
80395
36166
76095
14745
75213
3792
27376
87470
70859
89798
25365
31841
27722
47579
23979
32496
38598
35614
40793
52783
81889
170247
39307
69290
8444
44334
4070
11305
41744
46567
68226
69540
10343
14463
62307
41904
31228
10753
17892
19796
20132
21173
23579
23872
24482
24550
26746
32066
33968
34428
34924
35190
35235
35607
35859
36359
37077
37192
37975
38096
38130
39677
41144
41467
42054
42516
42735
43691
44242
44458
45054
45219
45463
46266
46342
47494
47842
48078
48267
49239
49530
50605
50769
51237
51446
51911
52269
52628
53247
54591
55172
56284
58145
60643
60754
61847
62911
63101
63332
63475
64404
65214
65693
67450
68148
68224
68261
72437
74684
75161
76262
76265
80251
80498
82510
82516
86368
87456
87531
88100
88441
88604
88632
90320
93182
94362
95581
149355
184609
207930
222486
225882
18755
89583
21289
17565
43548
80186
36126
52652
57913
32763
59226
61896
61239
73371
12791
3348
37725
34122
44036
12733
31896
32310
26690
42613
29322
13214
10347
37566
57729
40475
16718
71554
199033
209937
22391
8927
38472
72596
90131
188920
190281
195857
198061
203897
208670
217356
220460
222503
222826
229766
234305
235480
236471
238872
16934
71874
62180
82751
5596
36609
39751
48752
50231
44903
62569
17787
33691
19795
27341
64812
23303
71946
66025
36656
18296
13126
64313
39495
40582
20239
242136
13083
25992
41630
33504
41537
56074
16506
69367
18690
80009
28900
24874
4820
43731
4049
26483
24145
26438
48702
49394
68605
75109
80874
215715
216754
228350
85434
88960
46446
47355
72496
2494
89010
182083
153054
69425
34569
45077
47289
51077
64547
51492
69480
74946
94809
56149
27351
54854
28572
32910
35731
77617
24370
36421
1903
30388
32165
47263
70022
72185
72754
35125
85984
229169
85634
26168
44222
34786
18328
10576
19550
95294
24446
10311
39270
26577
27646
31111
32377
33576
38411
41584
42335
42533
46315
60884
61225
62019
64325
65352
69090
71830
73023
76481
77926
78748
78922
82838
86562
86590
91660
93544
94137
94750
177996
187332
187576
210058
211323
19292
51138
61911
93789
14021
36557
89516
164488
70242
3005
17233
25060
36967
187803
30459
31340
45597
50240
53041
36234
23532
32549
46206
8314
49581
66460
28054
59626
39773
48169
65454
15562
28522
239283
17316
89190
48786
20151
52961
91938
40064
25410
54703
77761
41982
20203
27821
42758
44456
28904
45455
83999
1939
39997
40171
41260
58003
61822
69793
74596
85284
24003
6272
28064
31999
38956
87343
179326
29508
62065
22646
17608
32615
91087
64234
33617
64513
14565
71339
42092
15140
17123
54132
36744
53785
56148
61040
69144
76700
85017
90105
90836
91849
92372
157364
221949
49464
23721
26140
39355
40635
42489
48713
50844
61816
66510
77850
77975
82454
91752
54000
162554
244041
11224
38916
47140
23212
54209
27807
86573
4628
34174
38000
66579
28335
15408
31198
10316
185113
14700
40346
45546
74129
180784
227074
233547
19558
29979
31756
32833
35254
35877
37191
38433
46489
54936
57651
81397
82104
83271
44643
21374
51712
69429
70785
226906
72607
50656
47944
178504
49337
16741
82431
56460
197868
213917
57943
70371
30659
31377
39949
56860
73123
12892
24605
33849
39455
48721
54408
55942
58893
59845
59936
63061
67175
70592
77326
83069
90796
93448
188172
188941
203065
213053
21580
33915
36373
31559
59741
52808
233765
23023
37047
53314
57231
62640
75973
41309
52346
38989
18519
57154
35504
64880
67092
76225
79216
32748
36495
55288
31346
65139
71447
61819
44172
62520
160481
194907
33025
17542
58502
24445
46697
78151
27140
49317
87400
24698
42441
13197
15835
38715
65823
75608
79751
81264
86229
169398
91829
26207
91337
21474
64618
72005
203481
49719
60042
15334
28425
70887
37685
43717
71896
45143
39328
9641
33318
23758
44421
46284
21840
38117
68230
75899
42583
19555
24712
78169
66366
26754
44804
65415
74926
170653
196521
233464
31344
38352
82501
46819
17411
41206
88561
169946
46813
47768
46544
70714
65313
25848
41793
55686
30282
55553
40449
20433
28354
31713
58651
68053
67528
75771
205214
27084
38829
41937
52058
17588
53572
79014
26099
60637
14742
91338
29711
31590
34585
69267
23257
24354
41509
49029
53852
62778
73661
26446
15651
88756
42726
56315
78194
70760
50943
7649
5906
17527
60602
70883
24574
38081
43225
54141
59648
64599
67669
75376
76473
81263
83380
92148
92463
157988
190183
193291
196864
31173
34646
73861
203748
4399
15100
56670
82496
88673
30541
12019
20877
29765
16654
11772
57988
66511
73664
81604
31699
25430
21510
93122
29134
45740
66238
69391
76838
171613
198421
15569
49456
47743
29088
37219
23809
25672
52371
61228
33302
56059
56099
66754
31259
33932
35404
55404
29431
92869
25738
236497
12316
15534
23943
37546
60420
65708
69172
69315
185038
46192
28192
15837
22512
57622
211442
55492
26758
80384
43311
75138
44343
29928
9955
64075
54061
29351
78951
33930
19526
22349
40374
59242
80974
89147
163448
4960
26287
31720
20948
52601
62857
63825
90014
155734
174504
180949
182290
188287
192069
194996
196524
209087
214643
216475
228340
231970
232119
232443
243433
17997
20608
22096
37888
64171
75748
61815
49283
55491
52057
45620
28648
51112
90101
55571
66935
175815
241151
187660
86679
54991
39564
59513
47764
37157
74122
14112
169361
42106
17870
32647
40785
51976
18294
23128
43537
45327
51183
56200
61158
69855
72801
75149
77298
78693
81765
82442
91144
204862
207515
207622
209437
210878
239980
78685
30258
18893
58203
181352
227258
28949
79873
72963
77036
36687
66032
44543
46529
25199
37421
96144
8860
67757
86202
35059
36176
91967
65455
16986
153819
182563
240107
12135
36641
35359
33247
42754
67279
83039
27950
45188
84249
40012
77256
15616
58783
66820
150525
10096
20200
21514
22105
23330
23963
24569
25106
25259
28052
28389
31909
32473
33172
33442
33997
35341
38293
38826
39019
39236
40554
40756
43442
43448
43471
43669
43999
44694
44696
44703
45216
46038
46115
46635
47126
47253
48494
49431
49557
49857
50600
52133
53378
54799
55555
55762
56533
57694
60135
60218
61523
61548
63290
63638
64387
66616
67740
71077
71384
73944
74516
74820
75137
75611
77242
77892
80005
80215
80249
80340
80507
80725
81948
83222
83769
85444
86260
87037
87051
92541
95049
175137
201143
205973
228473
243741
57616
43141
21880
82563
78636
68866
77586
25202
52140
149837
14473
31561
41331
53237
40696
21134
27631
41564
57710
15978
30467
56134
58623
55211
57806
62116
8718
16084
26864
55604
59110
69443
76707
78612
79898
82497
84843
168752
52699
83489
90392
91772
164447
37792
8208
64266
83155
42759
34178
23826
23675
34383
57756
39775
11187
30710
69402
38771
47590
19169
20566
65623
68022
23868
36258
38678
58921
5688
35146
47622
46637
27492
36311
69508
205166
11761
57358
25506
22575
49683
51137
57256
58518
62336
64517
68320
71608
82642
84361
86351
179614
187982
36831
59612
77114
78490
81434
92212
8477
79889
21611
82219
37403
39770
6210
49895
73691
1377
28778
33414
46369
61130
35917
150900
29369
81910
4870
20393
46019
68639
74830
11131
27990
28797
59994
46646
62987
87342
15476
58251
37405
48531
37061
64381
39930
82693
87109
86632
60427
192389
196097
22251
26911
29287
41076
19143
34817
84333
8596
13148
20798
29077
33174
38280
39542
40168
42807
47336
47574
50280
53519
56775
59120
61642
63633
69011
71898
74855
74874
76301
77532
84753
88516
92214
153471
165298
243332
22318
44136
23772
93395
25833
194166
25837
32787
33950
43189
58257
59944
49492
90165
33021
15371
19890
41269
46121
47123
51442
56475
70458
72422
85606
19939
95250
38913
73784
14290
76179
9234
25673
37729
16438
49760
64836
17521
33032
56175
60898
87384
89329
217185
19107
56068
23097
19950
22066
34653
28698
47801
53881
67419
76245
30278
42499
52367
71419
150503
19319
16901
20048
41652
21085
64928
47627
61635
35559
44501
56462
82984
46184
41634
39749
54433
38993
75922
87153
244999
32210
43206
89222
32488
37868
84469
49524
31774
18424
32945
87410
8458
26285
28781
28836
44004
47041
49384
49727
55035
60105
61058
62673
63297
63513
67596
81403
91057
95229
45030
3624
6111
32278
34350
40044
50189
65038
70471
75928
75954
75962
88252
90086
3123
48811
75323
41863
71697
185272
41615
83617
91480
30342
40650
90968
212137
59977
14082
48116
61387
63099
78263
71060
76061
177218
206877
217963
14845
22947
28620
29382
31514
34772
41858
48156
58293
66341
68870
93619
67116
70950
12486
30594
58752
66454
76674
238813
4398
194217
29563
74593
47143
29535
93321
27988
29448
37385
42724
45136
48473
52400
57709
58448
59635
60353
60714
64359
75660
76581
76611
81248
82259
82811
83021
84415
89599
93194
164289
47863
62466
32544
38066
43511
57595
191404
41088
79147
6908
31528
55047
11357
45485
51416
33239
36670
86354
20193
55574
26639
71519
185019
33816
38845
39870
40719
54323
38897
43157
27362
41372
52993
55025
95211
15359
29771
81385
72382
58578
23763
80279
64247
25377
64360
7404
196286
30070
77269
82316
10879
37347
73749
35853
68252
81547
94312
2013
67220
27277
67913
86891
44548
150209
24809
30028
34219
61039
71622
77025
79607
82697
84685
86065
87420
91784
175726
178775
180376
36714
38936
87761
152202
182924
183899
185888
186313
187702
193651
200286
201290
205563
207552
209498
212328
224565
227108
228166
90423
23506
63056
85886
57966
46242
70442
43230
32011
66926
73397
8332
74957
93511
95692
184254
192996
25775
32097
37670
62507
64294
87290
47201
32220
32891
43636
20690
65554
28539
24529
45838
90574
56900
35649
24635
37640
38731
27089
23118
50009
84717
71244
18027
20468
34847
35850
42468
56826
62076
64159
65484
74761
76043
81061
83260
89258
94914
243740
28604
92150
30855
29002
54584
175532
182501
235429
13098
69661
42355
29193
52354
25550
16364
20274
39665
44572
64883
74106
60575
37079
53993
58497
9616
36138
11623
40468
41813
42174
45676
55298
64102
72873
78384
93174
21689
48233
29525
41689
33035
172066
220838
61471
14558
31165
16787
30768
2045
51260
58108
84875
25932
56111
26829
29589
43679
169247
31065
47734
39876
36134
63636
40617
42272
60003
40857
35264
69831
46694
88310
82841
44653
235241
18410
38607
82279
89655
79059
231442
43565
16238
26206
42617
173463
186007
190362
70075
49907
39557
61624
72096
95422
22621
44173
55606
22322
29416
41834
51347
80285
89376
60938
27209
29289
65467
65752
222839
238190
240752
49068
55327
94205
13589
30137
30933
33443
33531
36144
38988
41078
45238
48881
54208
54270
62861
63987
79626
37817
77291
4629
38050
45072
66432
70536
34027
54115
21559
22159
16819
39840
22931
84391
58868
61267
12476
25003
28019
44153
70466
89102
18657
33901
92381
49213
56896
25331
1976
29211
38488
39463
55461
38683
63885
28862
29515
33745
35645
37127
41665
45752
48880
54242
59886
64603
75071
78268
80494
80853
85867
176892
187585
199639
211385
590
29720
38518
56105
56948
75507
86916
49320
83879
218608
243010
16174
41783
74579
18342
20233
49836
9829
19767
21609
21745
22095
28347
36227
39581
43578
51266
52753
56371
51010
41906
51842
55586
21765
76514
8456
22659
26039
45232
58884
70245
73868
95420
204391
211866
19402
23548
26159
90363
174646
92311
49574
22103
39110
46419
41531
189710
16309
47188
207084
15647
21759
36087
9491
21542
24651
25366
25378
26163
26541
27920
29813
30227
31784
34244
34269
34308
34416
36330
37919
39251
39259
39274
39383
40754
41147
41329
42061
42397
42891
43786
44755
45297
46618
46921
47468
48159
48303
48501
48787
49652
51722
52234
52421
53451
54059
54231
54975
55152
55378
58323
60622
60847
63004
63096
63270
64800
64843
67055
67325
68092
70828
71524
74068
75767
77611
78072
79347
79469
81299
81485
82107
82443
82949
83303
83722
83954
84804
85885
85963
87805
88802
89275
91436
92695
92906
92947
93228
93696
93752
94905
156857
164738
171635
179507
194356
199633
200240
211379
212852
242343
26241
28544
15587
31543
44940
54218
72431
72569
65501
30620
80537
39895
30313
28078
47577
58438
37665
74363
75085
66085
39512
23768
46299
52092
4678
30518
70139
46361
55146
69026
92049
181393
188114
231601
16740
43874
18260
231867
33450
29015
28881
42643
66870
29794
83762
36189
63049
75585
60134
57479
30725
150872
86108
36213
37747
22360
31567
37686
20069
47930
87110
35167
38831
43554
16268
24604
47065
52494
82585
20951
21878
41552
77695
56992
63259
39643
69875
27719
34290
44305
55317
53155
46194
85010
16053
26430
35028
44764
44828
47740
48115
58582
77412
77553
86457
173977
82464
5730
39569
41220
31810
9199
74979
44950
210371
22358
62032
57424
34356
58849
15552
27425
12561
58729
49174
52059
53810
87443
91040
49318
26588
41476
47090
20677
28015
39516
46943
77581
222309
45395
58759
84962
91145
227704
49993
24398
87539
56212
31589
32858
52464
2710
5825
17956
27500
30052
32213
38071
42734
44150
46151
52744
55344
60125
63182
63864
69002
73558
75286
76214
77045
81252
81278
82481
85009
86029
87411
91847
94862
162183
188252
207135
213556
227015
229523
53176
32728
35195
6091
54377
60443
161931
48424
85768
18534
43445
60795
92259
19755
29471
24576
24780
32921
42363
46867
22791
24168
12213
30558
46373
92993
50161
10273
51375
63068
21541
24211
40979
21298
28205
68761
71317
71983
74633
80046
90252
190731
195177
231778
232697
60114
43345
75851
38725
70649
93132
55956
35376
42032
44800
44639
46484
28326
38059
85378
95744
17280
18077
40679
194276
28999
72870
12138
45483
94525
208756
208811
15370
48272
48441
94948
47658
95293
15098
76051
17982
23144
2947
13716
14179
33569
32272
32792
75051
31285
53916
94195
40817
77231
19001
34372
36157
53774
55812
57803
85113
85879
88444
88988
34633
92649
37984
80100
57042
58185
55783
78979
23430
159122
164800
173379
174210
181446
183726
198563
206751
232180
232739
236642
3898
13541
37022
51091
51269
71539
52094
41778
52970
45660
11184
85681
154988
18043
29022
14502
39016
2062
15284
15682
18325
30095
32844
36105
42190
43615
44768
44898
47421
49796
55213
63193
65389
67334
74488
79597
79635
83354
84714
95717
148434
53105
422
35012
21696
25028
38481
61346
88473
209906
19103
13480
43086
60138
65701
184612
80579
15042
24762
34293
64507
76526
92865
64887
29861
63606
11383
44330
10820
17844
62345
82042
84681
20806
31976
36069
40258
49904
57115
64667
68973
70256
72757
77911
81341
81465
81613
83295
83888
85787
94372
95149
162136
170566
239890
244532
38474
9193
69321
51043
221446
17532
61954
221083
10890
40347
56135
16247
89680
42859
55899
73538
19531
167917
61776
54625
39272
53630
45862
59489
28171
57690
32331
51657
62291
86779
33224
50465
51587
54488
14346
5240
39502
42907
58047
60444
64994
66237
161340
174347
224290
7150
61389
41554
54992
83912
18311
18969
25026
34113
36925
46728
60403
61689
71861
72825
73998
181717
29348
177722
62971
56146
28230
25700
27802
40849
63196
86012
89792
12341
44829
78611
88502
26205
44900
37226
65137
71525
76111
17317
186554
197854
47485
79652
195871
57086
9030
40576
6057
220239
228310
72245
19951
22098
27630
27799
39588
47310
51192
12720
75656
16767
44625
73531
92664
35768
84282
23505
30818
32865
37532
44405
53589
79051
85014
20805
60385
68725
54712
19615
49986
18882
49787
54219
19110
55221
42794
22785
43635
93764
15233
86153
49827
74412
75388
203099
228771
4348
25660
56496
19694
48862
75969
85650
15855
86115
65754
14148
27113
46417
65257
20975
76560
58746
186260
5050
20695
85358
244464
25108
30233
91838
57322
59326
6689
14125
14440
47254
51822
65861
88200
39198
15458
33137
35570
58673
58786
62391
74144
75824
76344
77589
77880
82498
83197
89411
174539
186974
200288
211375
218059
228749
233075
52117
45025
66863
60337
32495
14415
23385
208902
79758
74731
89480
50849
7764
50850
48304
75203
49248
43977
50897
89691
16721
36719
42570
45641
61093
63812
71984
81407
82506
181394
186525
218782
56366
51355
79196
22332
28106
32795
39460
37028
43883
72986
41795
48323
48735
54374
16471
12288
33971
17331
43009
30561
47890
54883
31688
37146
30803
26385
34796
36739
77895
160907
38294
50402
38692
25910
22579
59876
35522
11874
28739
9905
34036
63437
28302
83808
26729
5797
59191
91174
94036
40041
9793
32024
47451
46182
28523
18645
37178
39549
46355
60651
76356
80435
84943
88191
78902
30174
36541
36889
42901
46729
14450
16117
31992
72182
84137
88594
15247
20332
73575
35622
40851
78444
51063
56108
75509
39689
52870
47471
8562
48401
76742
45338
25254
28847
38658
60511
73361
21274
24372
42868
53942
57706
61019
67841
73774
80208
81676
81831
87276
87763
88666
94512
94813
187423
206939
245982
75150
60585
31393
58864
42476
42535
28913
169917
171544
26316
30183
29958
51187
58562
28705
53601
35894
24891
29318
35726
78440
56917
20388
45605
52618
66821
58253
172759
30389
53802
81342
95247
154546
11379
27884
40104
50812
62207
62747
58282
83618
44006
60286
964
22976
53983
43614
31530
80272
87709
62605
55680
5710
11468
12144
19148
20501
22944
24966
26491
30121
30241
30513
30514
31655
32714
33248
35243
35506
39935
40721
41234
41798
42953
42974
43119
43145
43512
43865
45034
45451
45987
46149
47015
47854
48946
50133
50250
50452
50965
51299
52548
52621
53179
53402
54880
55176
55809
55831
56296
56501
56617
56968
57427
58631
58811
58815
59241
59932
60013
60243
61249
61466
61654
62152
65311
65703
66152
66595
67796
68443
68763
68886
69549
70168
70194
71475
71812
72113
72345
78651
78839
79063
79148
79265
81158
81640
82589
82663
83345
83389
84438
86696
87802
87875
89026
91525
92391
92465
92921
93822
94063
95097
155648
187220
201447
233144
244637
85148
37197
39999
44293
52654
66576
67022
78721
89232
50194
42529
38384
38407
66742
69049
162114
57692
18285
9094
14826
46177
92740
79837
95074
14858
43195
16973
56546
29799
55313
59554
67627
75104
75997
78452
179964
217918
12751
16320
24753
34936
40459
45900
52737
76373
28267
16560
13718
46578
3448
51144
65846
24470
23367
31234
31640
55709
56066
57216
70596
70965
72916
74922
77470
86196
88008
90502
91158
30187
47802
30200
35123
68690
10575
13466
25093
28965
33659
35412
44707
62639
72897
77123
79854
81762
88274
18349
94850
32556
56796
152460
23604
38145
56821
78113
43210
49996
27860
39382
77673
78458
162484
5034
57684
34150
30151
31932
42878
2550
55727
59243
62746
155410
6668
20127
28659
42452
46828
47747
54216
59421
68539
69614
71716
74164
78434
82995
84138
84326
90403
93312
94704
94937
45307
61450
75258
78587
40773
7126
204473
29491
155123
157857
174864
176334
179667
190002
193005
200064
202337
203343
210862
212754
218679
218778
219477
221228
226462
235478
24468
8116
8675
11631
20508
35147
62595
68463
77598
10990
83559
42366
49955
71778
5796
8667
28356
42602
42676
68764
83229
89124
95242
169246
58793
71970
36865
14711
71633
27211
32143
70687
72166
242402
42324
94354
38146
30488
11539
39330
93342
14787
48641
92180
21341
29155
57589
27784
8620
9844
11146
13527
22532
26683
28154
28933
43504
51399
58652
61357
61778
62301
62851
63993
64318
67003
67698
68455
79096
81033
83978
84814
85308
86160
91611
155126
161377
167608
168014
178965
186642
191162
219755
225495
28303
29703
30074
34086
58571
8666
61240
73546
82395
52610
81280
25317
27083
37843
39957
47189
51287
56747
58236
67214
75955
44550
20582
55707
42608
21782
36706
50667
53346
54851
66605
86750
64151
79321
83185
169111
23828
12161
35711
36381
27488
6842
18799
25945
64592
70869
75664
83164
57296
26818
54489
153118
188440
9448
30718
33771
35529
49121
93933
55363
57898
47399
71805
81066
84408
84944
82601
51000
21520
57935
67895
13137
71952
53828
55127
237536
34685
7242
39645
55699
201301
74554
44283
217298
188576
15438
30642
22806
32228
41082
8237
42914
12301
28402
46368
57871
3846
30419
52935
68055
82151
83374
74333
37628
66140
68244
71605
78738
80338
83724
148275
156102
162193
163580
195931
221504
243739
84481
37201
27189
74653
44431
74470
26685
16380
20447
38655
55094
35324
4877
37719
25182
62253
20550
28923
63603
63681
68929
39771
52736
27852
182317
16057
37235
51886
64768
72309
86715
32096
16444
19068
22529
34472
36339
36622
40713
42769
45615
52386
57762
59682
62294
65987
68080
87137
92042
33530
34954
201475
41429
49112
26239
45896
47688
66517
94112
40019
91749
34228
75946
2866
42897
10080
67599
25643
39100
12690
43524
63568
65307
65507
67238
67779
13045
44533
54830
83273
69814
35656
45529
50499
55037
57798
60833
62676
64115
66006
66482
68060
73578
74316
77530
77702
79251
82725
84855
86460
90875
91624
92218
95548
219659
219698
227418
229977
234300
55468
80867
23189
71324
93600
152819
166525
220764
61457
39765
43251
74404
215435
64796
13006
50591
63927
82915
29755
18138
32351
32361
45182
233530
30517
50955
55049
82290
88038
37642
49083
60137
33270
76296
46471
18786
38996
54333
13430
9821
154179
44718
40787
15387
27651
39914
24808
66753
79212
47218
50467
42786
68065
85479
192331
25619
78645
85617
60646
75620
13013
1161
14618
2955
36334
73039
13111
15831
19021
31090
26898
37142
38453
7885
23232
44380
54445
55736
61873
90089
94165
167157
225335
245594
34001
44137
69305
178442
21982
16212
93662
19259
52172
52755
58188
82092
41484
22365
90203
33336
36892
73952
40828
21990
92114
27094
39977
76527
25632
90411
13135
48837
79448
233300
94839
12596
13445
35915
46393
68695
38208
45867
36731
8372
8752
38619
70984
31267
33447
46090
65060
12776
13800
19522
22754
31792
35962
51465
54407
64135
69991
72981
73735
74143
80139
81025
89610
90076
92524
92560
186721
85515
43957
19879
62025
65022
66188
75919
92068
95456
189313
216604
237950
243730
150526
35919
85679
38321
68394
62267
22582
30927
44748
32592
37143
73374
189713
196984
211906
229901
25888
50213
66679
29619
43924
154902
25389
86105
49392
18560
26345
31649
39642
34377
69426
85517
91566
44034
49881
50680
92069
94842
7619
19030
31270
38224
32100
12494
21523
24032
31436
33217
40310
49945
53704
54539
65423
70161
70505
71942
85977
88935
37995
59015
32259
28271
23959
25680
47638
12576
44053
65844
23578
40725
212719
56395
40224
41688
54944
55350
90199
29562
59143
198296
66840
85092
91689
13369
40111
9925
40818
17700
30331
30969
51585
32359
32876
51835
52996
78674
88255
91730
230605
26686
48831
50176
50933
39678
19617
29995
31910
32589
34301
37412
38237
41360
46942
49805
50637
54628
58212
66281
90844
160605
66848
52471
74708
9118
12081
21951
37430
75372
76810
30647
28298
31368
84974
79520
25017
23713
82704
64838
26613
28876
92020
216780
92692
30619
15061
31565
77629
47386
10119
21899
73596
30039
55045
45528
75454
7528
179463
96053
71287
85978
49961
30076
17751
32348
36841
16766
35356
44557
48444
52724
59136
82689
84432
84907
90058
90152
90239
90861
95216
193699
228033
231807
238969
207723
33451
54144
74058
98738
154081
163634
165812
177960
179077
180718
181808
184344
189178
198871
206302
211884
214264
214339
224563
228281
234581
234639
237697
238487
244408
244654
41848
48971
49393
59069
35562
17355
45960
73833
56378
23733
21977
18128
29235
88341
32741
10133
40103
40712
64287
69757
233396
19877
55451
62488
52722
62321
8310
22873
30081
22662
31596
83908
52759
93799
23166
29521
46492
22750
36109
53070
16636
50296
10805
12467
16105
20511
23484
26789
26860
28256
28545
30751
31110
31523
32060
32298
33250
36481
37850
38240
38287
38367
39142
39205
39348
40063
40385
40732
42089
43136
43505
45339
45984
46372
46553
47002
47315
47329
47836
47966
48519
49044
49057
49129
49481
49744
50210
50320
50399
51701
52221
52387
53478
53687
53838
54258
54416
54477
54774
55030
55434
55560
56473
57047
57198
57906
59339
59978
60875
61027
62126
63072
63592
65634
65735
66155
66566
66617
66952
67827
67843
68135
69296
71087
71242
73158
73177
73485
74408
75055
75488
75689
75708
76397
79817
79888
79904
80258
80748
81410
82590
83579
83613
84067
84603
84648
85129
85260
85956
86058
86324
86762
89532
90000
90586
90922
91011
91492
92969
93580
93699
94772
198870
214719
214954
228821
19193
33363
29984
90273
49242
59634
224005
231485
64208
39155
75279
45222
22231
46103
23427
26464
44978
64357
77249
89500
2808
21391
50562
82921
46866
62342
82795
45058
35207
9700
37932
93183
45593
38282
52088
92162
182402
186996
193032
215617
28597
20206
28650
91068
89621
29880
35557
39234
71314
17401
39761
67988
22416
25998
28658
8182
36344
60738
13040
49738
51542
72338
80291
93261
56647
34384
54018
24852
6291
37513
87657
222967
3849
51186
26503
67205
96143
77820
16783
25305
37358
70478
74135
22008
36263
187462
196496
205446
230858
48529
45138
61501
94526
29434
46421
77952
92266
29486
35354
53074
47187
34680
38535
39740
40456
40993
45766
52788
59948
65851
68506
68889
77585
87852
92690
201159
218235
230111
87506
32148
17114
6917
10057
69512
29796
44965
52767
14903
99274
42330
36524
50271
58535
14376
5244
25829
26826
73832
184302
36628
32010
53172
56002
69063
35705
15303
76134
55885
235133
44023
21733
18402
55851
30797
192367
30974
60476
68351
47248
57019
50249
6876
10111
29179
35719
60436
86675
62929
11139
31465
32796
44781
47941
54297
54438
56044
57867
57977
58175
58541
68843
69673
72115
77480
77484
78082
80250
82232
86878
88433
89120
89213
91564
91677
91803
95683
182300
187543
207775
210852
212221
213159
218021
220347
221996
47353
67100
79420
73589
27417
70920
36068
162188
61601
36033
73897
56147
21528
41378
20640
13906
20333
54521
63456
68356
92362
9562
10129
16176
18219
19378
20463
20929
27579
28388
28805
36110
36116
43270
45304
67507
67931
75534
77341
85042
85771
88168
72389
23973
28784
51201
27478
48926
31635
49280
53646
58665
62523
64144
76925
226366
48306
197792
40360
22986
40419
87247
9074
22586
13805
16277
77528
66320
45040
30226
49162
80702
37447
88034
65213
11853
41180
43173
54563
39599
21707
74700
29998
35826
40268
41594
41613
45164
52594
71979
22062
59730
158171
161508
202363
209311
229345
67942
54102
55968
35072
75151
59168
38888
31447
77786
72052
3781
19956
28710
33874
41812
55565
62774
63680
75785
78775
87824
91056
177638
192297
213145
245286
16368
70953
84040
90010
70481
38491
47739
81113
41498
45910
49028
59036
53700
31438
67313
77944
7024
29190
43854
52569
28498
26325
45817
59175
60946
65585
66367
88712
90881
73679
89388
178709
204042
40905
16232
16898
19245
35761
36947
39618
41153
46923
55361
56209
63779
67438
68309
88497
12311
28397
87898
9606
12714
16264
16685
24411
27408
30636
33326
37040
42797
42827
51168
53596
53636
53936
56368
60527
69631
72072
78901
80801
85319
158830
169577
40711
53038
63256
232170
35422
42369
62517
53324
79968
16607
63815
13164
15997
18400
19545
25803
30543
36921
38229
40220
47262
48977
53906
54076
55509
61785
62031
63282
63712
65601
68125
68187
70922
82620
88664
88780
92595
180398
186038
202745
212636
215976
230284
246657
53532
21155
20785
30688
32430
36151
38489
74669
41736
78241
88525
70534
18230
87882
54029
16404
55627
69983
93843
92448
85037
27063
45580
67157
2825
44473
65470
8999
44520
45734
51493
68891
72727
70092
21380
55891
56556
155248
34050
24801
41440
13621
24320
34842
39497
41320
44799
56745
82943
90085
9245
76342
30443
87624
64034
17379
87686
52412
47960
18396
48699
57873
68583
73092
84429
10334
37166
62293
71559
206671
16823
44739
70527
33069
55905
69628
29242
4605
78683
29906
32087
34988
66854
69890
22361
52150
15772
190048
40210
61610
83764
86420
9545
30977
16263
48166
95579
21351
23934
5092
22210
34267
43945
52395
53962
59742
60885
62334
77401
78967
84722
87929
212844
215330
26862
36938
68623
45300
63645
75381
85613
18532
26270
40329
44261
66167
73029
81296
95362
40540
8531
583
44253
208649
52931
67095
23204
27862
57370
62761
70404
173791
176881
51449
57402
30486
48500
59262
73633
76291
59125
84457
36412
46756
37342
48877
54879
44523
54809
82955
83268
92262
201738
199943
82916
87980
22780
24510
65122
91531
31855
52742
19392
36336
40630
42636
76012
11979
13473
26024
33762
39540
39334
35219
35362
36674
42250
45122
48845
49302
52272
54319
59126
68580
71058
74279
78619
83935
86262
87895
94463
164180
171812
184497
189067
199724
200785
207860
219560
239175
54964
236936
60730
47918
90394
74638
77060
107872
161451
166586
175779
179180
186241
190510
198500
199014
200857
201391
202260
203600
208991
210340
218862
220652
227960
233567
234411
234708
235195
235303
236572
239527
57265
10824
61243
42909
57925
31820
42396
47004
48265
57559
94056
14580
26886
55649
28950
81211
41565
56928
26073
68742
16773
48397
31857
45249
46195
76609
194679
74689
28292
39440
37990
26551
64876
61013
78966
22068
40899
60625
75691
78261
83060
28103
34860
37149
30586
89976
46772
9621
57535
58176
70292
14240
35793
33011
20721
34734
58350
65235
65254
37097
15968
64637
74666
199032
223573
23516
19249
179623
15945
22350
71141
26672
83272
26546
33312
78296
46956
14232
40557
33812
60606
66702
18032
6034
19750
29686
41011
57406
68835
69064
80518
89904
29832
17621
28314
35572
51172
54302
68241
78146
26062
1127
6877
10622
11259
14568
15109
36601
36608
53703
55101
57581
64558
66043
68962
70104
70826
75965
83669
83754
86587
89780
95558
173976
65953
41890
79327
31441
160492
17376
24727
25355
34362
48461
23734
10880
25063
9484
23387
51535
51762
68652
82980
3245
10572
69370
78680
90061
174786
182667
215231
51280
9615
26087
49672
56570
81605
40420
82015
35512
13403
17147
52924
81572
22027
155245
38417
56087
72592
94988
56506
52152
175202
17251
78147
25695
46270
46749
51133
75471
76991
149773
12046
61809
72191
72720
39212
12241
13515
15516
30273
39513
41461
44795
46815
46905
53171
66457
70618
71207
72375
81651
90917
95257
183384
192827
223229
229078
237883
31028
43795
70376
24266
71188
58242
209081
40066
23165
67301
50546
46197
87045
80466
44269
70605
1431
17615
5009
58527
81886
17959
41031
49548
80398
236985
237782
37398
9557
21056
22046
208912
56696
61435
25330
27687
95545
71253
28236
78956
26730
95569
47681
87030
50837
9346
19404
24744
155738
31980
64333
22100
33483
34437
35096
40645
42879
43179
45066
205838
2761
4510
20606
21223
23058
23774
25405
29231
29528
31260
31808
32212
33998
34189
34556
34754
34961
35289
35544
35791
35848
37620
38106
40267
41126
41809
43623
44673
45089
45198
45622
45834
46367
46644
46864
47270
47418
47853
48261
49084
49772
50316
50833
51463
51727
52489
53040
53175
53456
53685
54272
54997
55534
55582
57345
59367
59857
60066
60261
61196
61700
62922
62923
62938
64229
64330
64450
64998
65225
66114
66209
66519
66832
68809
68959
69113
69154
69666
70142
70729
70966
72085
72949
73099
73233
73757
73829
74003
74543
74555
75259
75532
75619
75875
76396
76930
76994
77085
77647
80106
80810
80863
81053
81209
81790
83266
83742
85699
85745
86213
86266
86728
87474
87595
87796
88323
88438
89545
91933
92475
93570
95430
146442
160686
161955
170859
173776
186091
191889
194054
197220
198504
204887
234713
14096
41349
68151
79101
80856
55091
66452
38403
47669
93068
243102
48679
216350
85054
85526
55692
55950
34444
26353
21525
23417
66577
13882
14132
34185
42501
44670
75741
158671
16811
33973
82776
191229
205303
127
18384
237000
94184
8764
189445
76859
9531
29963
202644
81873
29265
40342
46721
48958
59017
75329
83015
8014
12927
21069
49671
50057
58449
68689
73825
84338
22070
50024
13494
2111
24843
21515
29691
31024
74204
63452
66254
37282
52490
81079
3748
27263
37601
37752
46351
47996
53152
62465
69768
75133
76040
80055
80570
80745
81761
82275
86849
87064
95500
149828
173502
182435
187931
17088
227537
164055
20295
74872
11951
4227
24246
51929
85120
9479
60006
79733
45913
53429
76308
41402
27525
12245
17336
21641
62871
22347
33374
37137
46046
46754
60542
71955
72643
75763
85047
91947
199703
202984
206615
236352
17540
32001
56558
27428
17381
37098
40005
80265
85906
3862
62624
73916
23722
34551
87303
56727
13491
56346
16415
5205
54430
12212
42279
48775
57945
95620
31150
86851
81486
67723
76243
87285
235423
44148
44713
47298
55852
62881
75370
78595
80190
93435
36999
41965
37753
31859
31098
72935
59317
50606
46814
57199
32169
12310
37582
86475
223569
21928
23405
221758
26953
34209
67926
13409
13856
23176
25056
25527
27493
29082
30879
36388
36462
37926
38522
39106
40146
40953
42624
44075
45618
60500
62121
62512
68581
69299
70740
71568
72178
73918
74061
78152
83012
84613
88789
89911
90293
90532
92446
94225
95117
151903
165098
196856
199017
204328
207829
217908
220542
224452
235955
238904
241212
242100
83714
80472
76794
45092
32133
51316
62620
91892
31975
51670
95945
155604
161672
175798
201863
230383
78949
92814
56652
68197
11634
17008
30411
31277
32757
45954
48086
52034
62581
63421
91112
30406
90897
26670
198279
44871
34118
43762
95205
29284
33329
53537
66834
69888
73417
82694
94363
20548
7768
15004
36648
37138
53359
59308
69685
45940
50795
55774
46123
48887
4578
34681
24387
11225
8215
12327
25201
47894
87751
24322
44131
48230
53690
58371
63717
78329
84092
89712
15045
23565
40022
51953
58493
71836
76926
49995
50689
79127
79200
93127
166997
91225
40102
7682
49568
61670
63430
32239
79132
42058
56075
91826
29502
45013
66495
68931
59920
25566
31748
32670
60806
70227
74105
75414
82399
84801
92396
154495
205627
215233
242752
85519
77404
9508
17650
36237
38506
78521
38951
52695
9720
42728
87600
75652
77691
82656
35486
66597
72250
88709
91866
213889
19553
31189
33788
35085
35320
47077
52151
60146
75074
81049
81578
82923
85899
92445
24643
24846
26524
8822
9693
24771
25772
35676
37207
46651
48938
49017
53013
60433
61410
62901
65402
70301
72473
73928
75855
76689
84915
87208
92712
25935
35721
38870
57582
11966
169470
65385
70003
79167
14236
189734
95109
42354
50285
74641
94553
53063
31970
91601
23368
26583
69563
62325
6480
28691
37344
50633
56704
58796
62063
63535
66078
69322
69767
75663
76764
90639
172706
196093
218167
226280
26618
94860
218920
15928
63893
93583
20887
24268
38791
66307
4411
43848
44016
47044
66512
71013
76198
96085
100245
107707
156293
156519
162343
184440
192534
193092
208148
209263
209805
211443
218612
221941
225017
237183
240387
17064
46620
61153
9106
34500
35275
47134
53167
68568
189200
45621
78273
82698
41714
84135
33392
54571
39245
73671
36510
51534
50311
15323
52010
236279
87157
34156
18102
59867
75362
83616
84862
76591
25493
29811
50573
72400
80299
32690
37044
65079
16071
27665
34654
63069
33889
51648
89254
28972
68009
81859
81845
21296
52749
88739
85376
37626
45688
165446
232952
14610
33342
53663
218297
82180
86538
12154
17797
48639
65465
67902
78197
16028
26777
34777
2807
16435
87469
47398
80345
14591
13080
60925
79133
29623
55620
60199
64632
71929
81396
83285
84552
187741
194660
195936
210729
215503
66543
42565
44610
34533
12504
61444
50799
53536
44830
71406
62420
31971
26443
36945
43766
60226
34351
60039
98495
76388
32065
47856
25756
16834
45088
59130
64565
230938
51775
95245
21246
31895
41602
53610
59210
56010
28350
83526
28323
43072
155197
220415
70755
31088
67215
200115
16915
23457
52938
24751
34801
23885
21157
26923
44719
82876
89931
17682
8051
10526
37090
48976
55042
58428
59848
67181
67866
73509
74310
77577
82813
90890
177237
183748
193063
221257
232940
171786
65765
62446
6856
16816
74537
89032
43120
61114
12732
52067
54391
73592
65326
5905
21530
225762
31211
50752
77031
15295
52615
80681
62115
22221
51119
6089
89862
5583
43764
58797
20478
37053
40552
75755
84593
157415
30075
36860
50366
90788
17627
40311
40872
48559
71767
75010
10868
27748
45157
4110
21607
222542
30979
29652
54440
20579
35090
47479
74037
76627
87533
95409
57411
75473
31738
46013
7759
18695
25136
29981
30960
33112
33768
36483
36585
41135
44756
63905
66323
67635
69693
70585
72933
76223
83440
88053
88512
58996
60562
47354
77864
32967
7313
46497
20775
176703
43454
12290
66756
74171
36420
40088
52949
4596
40230
202563
1392
70514
4908
16972
54202
60522
71042
83082
11002
53676
32044
43498
52979
73060
79990
86561
89374
243819
69335
4080
15237
22441
13440
30254
58913
64182
85905
57141
27022
68534
16147
23897
25526
35652
36881
37514
38288
39831
52941
60200
64892
72247
77332
82351
37037
51541
61059
38774
88744
89647
68073
193323
89063
36315
89413
14407
23642
54079
39013
13546
28382
43342
48296
65005
83191
91030
91788
17620
44820
55196
50185
175080
31710
45928
78080
53092
78910
92418
229464
45557
89854
24437
243343
69207
89389
31644
90583
94965
31411
60658
64806
70533
95343
19872
66200
70827
60870
22185
33818
46890
62622
63292
63949
72051
73365
77116
85195
92293
92349
92416
92631
93013
162148
245983
8966
29443
32881
60783
44095
78676
92863
93184
57838
17464
48793
36882
64723
92207
178478
237344
80464
36893
91032
39222
27475
40393
8463
53137
89176
179940
238704
30998
44681
61528
71528
81161
24205
29644
15473
30255
75066
93046
57432
27974
30460
30835
62951
40832
83871
7406
15149
15597
18980
20211
23629
24923
25076
25652
26281
26382
27233
27671
29461
29638
29907
30378
31613
31952
31962
32420
32687
32894
32972
33473
34904
36580
36897
39254
39523
41272
41507
41730
41792
42519
42778
42791
43167
43370
43801
44562
44641
44786
44943
45046
45074
45362
45442
45794
45833
46111
47206
47835
48634
48681
50281
50301
50737
51048
51255
51450
51631
52085
52308
53282
54119
54351
54688
55477
56093
56848
56962
57503
57880
60345
61007
61440
61804
61931
61997
62105
62213
62235
63222
63386
64066
64077
66743
67579
67927
68334
68939
69206
69392
69779
70208
70552
70683
70990
71166
71318
71530
73542
74517
75009
75412
75566
75616
75857
75859
76161
76633
76908
76919
77400
77572
77992
78188
78291
78413
79352
79704
80302
80475
80675
81386
81659
81732
82851
83009
83291
84063
84129
84583
84584
86605
86852
87026
87133
87823
88731
88893
88913
89903
92134
92161
92467
93400
94044
94966
161071
162359
162762
174173
175139
183580
186072
198941
212114
212691
233449
7446
7939
8654
10683
16500
32648
34992
41742
49644
51626
52734
67572
71795
74769
82040
83732
85871
183736
40835
63422
30098
43220
75479
33927
59727
60813
173054
184904
213592
51902
31555
775
65164
44142
17261
46015
22657
66350
34420
76026
78425
40729
93782
55223
43029
159025
49150
50734
57129
79510
83199
84946
88998
93513
189786
242685
21663
66375
61081
80321
88771
33475
46568
77522
85797
23820
92254
41434
53078
18838
28990
24561
33948
44483
45646
82515
64190
80627
155999
80205
85427
85705
84109
11552
10397
86298
33503
46066
65738
35547
94323
92342
25324
222436
33244
37423
66396
71494
41292
163528
1197
94533
34114
54419
54934
55373
39821
23407
36874
45746
51935
59914
62607
62636
71437
71704
73163
73915
77555
79385
81868
82807
83224
84126
90631
216890
219354
222251
228993
26147
23575
75600
15916
34135
44546
46341
46696
55778
69239
14127
14961
4986
165843
51512
78724
22170
42924
62333
73560
81921
76517
7378
46629
17438
13389
151791
165429
178358
218020
219606
67044
21605
21927
39899
13880
26347
51323
76066
33660
47955
53472
87445
32892
67724
51527
35260
32968
23892
55723
8993
43070
72885
17486
6172
24330
45487
23150
51990
83901
5973
35567
35965
45662
48583
50336
55690
55746
60011
60223
61420
64641
65562
69528
69822
70402
72451
76341
77087
78578
80198
82231
84292
86961
89409
93588
167164
173884
178590
218048
224307
225820
231219
235597
240497
51415
16656
42809
83218
49632
26204
26528
58544
77149
92705
28758
40362
13318
60818
68575
175704
182422
183321
184148
185023
186970
190126
192120
195555
202466
203981
205754
205957
209699
210376
216580
217832
219088
219092
220831
224955
227456
229608
234465
236568
237310
237316
239156
242368
243750
243978
24838
32706
95234
20315
86897
21917
26185
37267
42997
57914
84796
51568
64251
53606
19733
48662
51284
58320
72815
78295
83019
87195
40803
241066
15082
60418
86546
169026
88081
38254
58961
63709
73512
81384
160205
62127
57598
51154
30850
12173
35240
17747
35084
51913
83223
67536
73623
203436
60736
45112
22702
79993
18297
18538
32145
32588
47797
53492
60912
63070
66746
85298
50932
46607
47526
51618
52785
85770
227018
231600
242692
34130
22369
55171
73245
40167
47502
29362
46216
162987
218940
85789
155129
33486
47049
75728
46096
91050
20146
17925
21007
22615
29219
29576
32401
52902
53180
67251
81006
82083
88830
95547
177320
209987
217154
233397
233873
71674
13935
15415
39358
27935
156532
31199
50832
35633
49228
88881
28979
34238
21558
3934
13209
19005
46800
60991
74221
60815
17335
29602
92059
40160
41343
11757
76982
94542
22176
22563
28644
80738
217386
239464
9151
24759
25357
31219
42320
47741
49723
49768
54733
55452
56198
81309
81584
84713
86823
87711
90670
16414
37308
41009
68096
71159
62174
24728
26974
49401
51948
73893
242598
44396
29280
39137
41534
88477
19058
53739
22420
23664
29700
32852
36970
44886
45672
57165
61684
65234
74716
82112
85603
85614
86836
89069
9860
44225
48351
12206
19782
26484
33935
35939
48889
59137
62309
65926
69990
72143
72824
73727
75212
78707
79346
82402
82897
83626
85922
86247
87654
87874
88533
89230
153598
174073
179899
184568
191027
193879
245384
33665
10859
22902
83605
38248
39525
47438
47116
57147
38093
11953
43969
24896
42833
18388
7844
26468
60565
46012
48143
61095
69566
76084
19297
83017
96412
29428
228753
86037
14897
63961
71466
75105
20014
62558
48437
49140
53578
64549
77272
90479
94292
55024
46822
190608
17953
39748
69847
73801
78976
82322
33087
68490
82627
10628
49006
45632
24364
51424
41979
169056
22379
34589
39868
42364
52309
61971
94015
39365
58423
241488
32995
38824
38828
61936
70388
70542
75068
83929
43904
81905
63462
70015
38505
39298
31077
37708
62467
62955
40961
216896
72442
2711
23700
44079
19064
27439
70172
14200
14285
15419
18551
29126
31814
45542
48921
50773
56231
58496
61486
68572
76658
77101
77540
84474
88576
227510
90183
31053
34134
49754
22592
34246
21493
40780
40914
66278
66593
71584
84043
37497
53270
48039
27629
48711
24764
72022
74542
7457
22208
41027
26771
57634
9505
15189
72965
78019
5581
47459
43257
49980
32264
170253
48453
4698
27470
84761
54603
46333
62532
148772
1168
151
14007
28894
43905
49211
76079
81580
92216
54577
96797
220930
40972
68061
70383
9004
32089
40332
47749
53447
64170
65677
215448
51555
23225
29255
84030
217422
58985
28622
62179
52733
72909
59687
31883
39299
90702
3338
6940
16387
19804
21125
41855
44241
45554
47495
48337
56290
58027
60746
65176
71580
76619
87840
94084
95125
95152
161349
181444
210623
212174
242261
245402
24811
84529
29472
86595
16651
26184
67463
74609
26158
89493
13894
29540
60973
64726
36201
21328
43844
47939
56532
38925
50706
68008
57024
75395
10233
37781
19331
22705
34157
64889
77082
81123
83750
46076
58354
36491
51501
74781
7011
7876
51370
90694
21021
49466
59290
61028
62850
204369
1585
163575
39572
21086
27253
85760
56692
78541
39128
56899
78759
27599
37064
66910
159378
11570
1087
31245
8558
47709
49788
57043
73539
94121
45073
57995
161274
161282
205468
35988
58305
71911
93416
32132
35271
40229
77518
8971
2142
10748
7811
7827
22334
90619
61768
86100
14039
16611
21512
24085
37332
1843
235940
80451
27328
27889
33841
43307
50255
83050
88690
89106
159235
161619
178831
183985
192771
216203
225848
233910
21869
37383
38247
41458
42929
69615
80351
14662
26733
41722
80256
34078
23033
14576
42197
43011
46026
63135
63429
65392
69389
22114
15246
48684
37052
60894
92204
59310
26556
38843
44963
45849
50721
77128
83898
96305
185331
229165
67299
96443
25667
49593
59042
40608
66328
83608
53561
92055
19960
87314
60515
83545
41317
44844
85363
25077
9601
24175
36163
44865
52149
58192
61163
69675
76038
83253
85435
90605
91098
93107
93129
192883
224482
48057
68797
16276
52349
35868
65639
19981
33310
45649
45725
66719
38810
70546
77625
93144
56130
69264
60628
49135
10760
54680
73828
59802
59719
71681
44098
15665
48929
58941
25959
36226
227180
7743
32188
63113
65967
43866
15216
33306
41191
51249
54189
63338
62476
70040
8027
53759
13623
51794
62285
88694
21704
2219
16004
16538
17350
17363
22174
23686
28503
30059
30163
30497
31444
32034
32183
34296
34878
35168
35658
37006
37442
37974
38070
38267
39333
40264
40345
40369
40845
41274
41505
41899
42655
42854
43183
44003
44335
44448
44450
44661
44913
46812
47260
48767
49220
49396
50592
51459
51553
51910
51927
52012
53122
53185
53764
54259
55019
55287
55414
55448
56458
56507
56699
56732
56744
57114
57400
58167
59132
59302
59823
60366
60685
60948
61198
61765
61859
62896
63318
64204
64255
64548
64760
65354
65609
66117
67354
69342
69536
69867
70628
70645
70939
71157
71828
71993
72145
73090
73252
73938
74566
74622
74846
75351
75716
75758
75885
77096
77159
77361
77609
77718
78551
79136
79686
80762
81023
81975
82798
83107
83451
83492
83744
84307
85450
87085
87862
88559
89200
90291
90424
90956
91078
91317
91502
91921
93145
93353
93833
94030
95270
159518
170770
176339
178347
181938
186173
189507
194681
195353
197007
202176
203506
208582
217096
219076
219205
224734
228271
231166
243902
17100
55994
86394
73802
80174
151704
34877
67082
20376
15302
38861
41593
44162
73268
159217
181458
185615
186621
188012
189537
189897
197079
197385
198433
199343
203053
203515
206199
212046
213315
215410
219788
221053
223483
225508
228910
229887
234534
237527
240498
244523
244868
53901
31835
54157
61254
41365
44917
87378
44042
10611
43121
67016
95894
221653
89160
29773
25552
74829
29532
45741
40755
57573
72622
11323
8784
89134
173676
203204
203972
220554
236230
17928
90149
31046
47396
26102
57064
64241
19179
19958
48675
54306
55231
55504
56214
77379
91581
43693
44001
68792
52910
49533
43639
3901
17815
38661
49657
56445
68015
25212
63138
20178
26242
42284
51671
65151
31877
35576
39332
45192
46234
46891
49419
59672
77941
11677
39779
49668
51718
195290
195482
211545
65199
45718
56416
64979
77218
77274
50581
52310
16574
28955
31564
34344
36169
37691
35505
23072
32750
32753
34983
36899
37518
37688
38382
38402
41667
43931
43979
46365
47628
50870
55342
56184
57957
58029
60691
64164
64983
67531
72464
78893
79666
85027
86463
92901
148401
16089
52614
58397
62013
88951
94901
10950
45097
54848
211614
42705
11904
32380
82529
26969
33784
48329
62907
63097
65023
73410
74337
75333
77176
91103
165879
168092
188163
206619
214196
232436
234440
235839
241412
243246
29561
42638
23547
203092
6524
8622
10700
13763
32012
33669
35301
36214
45885
47460
52617
57254
57471
60377
65950
66857
67065
67915
70052
76638
77215
77282
87995
89853
91185
91695
17873
46073
53982
87528
89895
14577
20341
34726
4853
34426
54911
61082
87869
88670
78448
35695
86272
40826
61323
80597
85107
88822
161117
168103
175866
37466
45084
62441
66532
72141
27998
67356
51973
35932
68414
50547
10850
24520
176960
187718
208459
227331
241454
20594
31181
45830
55931
57488
59597
84972
87174
40397
65597
13220
15223
26229
29204
39082
42200
53691
89563
23076
27487
32566
1614
29252
30228
34805
37808
38143
40116
40820
41077
41105
42435
43988
44767
45396
50032
53469
54221
55029
55123
60158
62300
63494
65464
66272
68042
68595
69410
71477
72676
75731
76672
77483
78371
78686
80680
80913
85183
85842
86222
87571
87931
90916
92802
92858
93190
168186
187928
200994
211998
212961
215891
227862
234149
245146
41111
69805
56877
82892
238876
22675
43996
82808
57202
73912
184595
45551
28514
76932
60865
74197
30894
33461
37629
39294
43216
45071
49990
59820
80312
85864
189108
58977
82753
16005
50853
31661
56555
57576
80800
85425
6838
61544
78443
88953
48118
59443
61329
62831
75224
166451
214557
82323
61038
81447
38156
47231
49061
80543
67112
18729
55471
189402
10056
20255
67200
149048
169182
178599
38166
1399
11709
15925
22080
23238
31928
41548
47902
53826
60609
94332
62261
33904
11608
35431
52185
64485
81240
93892
72405
92012
35815
37023
38758
47440
53253
69699
87643
34311
76624
214355
223705
224072
245513
63527
91775
59057
90480
54222
65377
33298
24772
57879
39040
7364
214679
5513
51836
74182
40643
12218
32804
45684
49206
20898
39143
42356
48521
50647
51558
61286
63215
67993
70678
72834
79676
83556
84979
89192
92379
92887
95105
155655
200545
203812
206104
212217
216811
217036
228255
234578
33426
32421
44995
77947
63938
58306
35605
34222
44197
22644
37160
50508
53427
180293
215051
48044
3939
96034
33074
89497
32457
41350
45853
45904
46657
56583
72116
81303
93373
57190
77949
42825
66687
73231
75295
83926
232791
24381
29171
32413
33266
39091
51539
52099
52688
53096
61789
65264
66127
72832
73332
74170
87887
88160
44457
78731
42506
37301
26048
73755
79395
81576
30928
21619
33800
79314
27300
34360
35597
36092
37936
42145
42178
47788
54631
55185
60057
60877
62752
69067
69790
71009
75777
76826
78435
78614
81730
86504
91408
92420
93207
173448
181474
186670
194112
196845
211171
224888
236942
45668
44577
80566
22692
27892
41425
42977
68998
83372
13328
37549
25451
75931
43618
46397
18145
46989
66843
77033
67491
72814
35124
39885
42389
65030
13873
192504
58697
21429
34059
85354
80717
45938
95789
32797
154895
6740
19521
39629
44378
52456
74833
95503
68501
88416
215386
95177
14045
22721
25726
26713
46224
55179
70118
70560
20709
81707
30405
67006
93801
86047
90955
36633
53121
50692
68208
58477
2296
50813
30693
75469
87396
34907
56807
66880
160188
30371
16237
24713
47900
56823
71534
79513
175267
36095
45057
160347
208055
28663
61551
43683
83565
42625
81099
87386
4358
50226
62776
16959
87843
15326
70735
18643
11104
23264
27307
27616
29407
32925
34274
39150
70007
50083
203743
65833
68147
24726
46472
10228
47442
85101
17992
34464
22130
23855
38950
49584
67358
77362
80879
81960
84879
85821
205878
213056
216131
33233
73950
45841
73675
27766
41710
53297
28616
34066
47821
63001
77383
20080
26455
80425
30525
20497
87655
92795
235467
16865
32827
71516
40145
53732
54512
67546
73205
165644
15064
23878
27970
32882
60977
75021
90752
95276
18840
54705
70072
80243
55985
69736
35326
63982
45085
47368
32493
47800
31057
50949
55608
60690
93854
33591
14306
75724
18754
50638
54946
66770
67025
178920
14302
31615
31837
34106
35032
36775
43018
54354
56958
58517
72054
74228
74400
75590
76206
78236
79012
81436
83181
85225
85504
86705
87112
89896
93252
95640
200474
216430
20390
52741
56787
58504
79144
61652
38475
75604
36046
89146
84477
39397
28293
45767
60404
71034
65308
78441
31179
38657
3917
31009
40535
72503
79211
94031
94152
181583
216863
12788
184000
15645
27251
8044
22783
28492
30138
33684
38131
41293
44650
48496
51131
56171
62972
71989
73295
73883
74539
76996
78872
81188
81985
84594
86527
87130
87604
92861
14454
26258
32730
63582
65372
43301
85093
26045
54811
52304
48349
10276
17523
25994
28714
37025
53836
71501
19798
60634
21856
23412
27465
65710
80133
51334
72752
241917
76800
54677
44318
11581
23478
39537
58103
59694
73392
77667
100228
169849
170410
174331
175453
177129
188715
188893
202878
206301
207203
212871
216960
224276
232077
235021
235145
240890
69255
86491
94968
38662
53407
30656
96485
47222
57339
37351
19422
2960
8212
16581
21043
22775
26626
30657
35744
37284
44850
45103
48530
49776
53087
53843
55142
55463
55821
60687
63278
64754
76795
78186
81418
81444
82163
87775
91318
94140
148909
153268
156692
160423
169442
169479
235181
89129
79622
50554
12935
51883
44245
8946
25850
31313
42864
57271
62535
63389
71478
81055
192848
237125
237830
37705
67365
41235
185288
11080
71039
28608
28619
32700
42672
44866
47625
49913
60049
64805
72216
83209
87530
93327
47772
52589
58553
11740
73879
82819
84250
29476
37493
58626
64591
86389
45059
72694
35947
48310
78282
55771
41636
47785
19127
47162
96433
200560
209626
216321
227517
37925
70590
56856
53893
59654
71040
73139
89706
6690
16452
34257
34406
35675
49713
79925
29220
63809
79639
84889
24976
36106
59841
67680
74958
82987
88872
91500
28974
48033
83073
150512
2611
47183
32558
82188
6029
22276
24895
33721
38444
59065
64200
66582
78853
78957
80542
81242
85070
86594
87943
88796
88828
92684
93016
93697
95617
190509
34626
75219
51819
40430
65001
95104
92045
27005
34352
91291
31243
31690
8248
10101
33534
46931
49622
41930
85349
18418
18392
28018
95883
97104
84691
23106
40405
47302
57100
64009
67195
39102
87502
30675
37020
56252
3963
4333
89725
159023
33928
12900
38673
59701
61988
92720
30442
51282
191769
239343
236022
87967
88797
21672
26442
27528
29282
30678
30810
31060
32715
43650
49710
51305
73335
3894
10826
12190
14881
17678
20866
24076
25195
25556
25955
26706
26796
27264
28176
28417
28501
29025
29214
30348
31633
33037
33891
34576
34818
35459
36278
36911
37452
38181
39676
40454
40494
41334
41802
42348
42842
43134
43378
43438
43621
43793
43987
44252
44495
44651
45133
45588
45781
46217
47177
47381
47586
47776
48821
48885
49411
50087
51782
52593
52651
52802
52983
53027
53157
53317
54322
54674
54873
55208
56239
56688
57274
57732
57773
58266
58431
59313
59332
59504
59740
59899
60044
60458
60479
60755
61002
61539
62139
62231
62237
62729
62787
63132
63160
63840
64552
64933
65167
65644
66252
66640
67570
67690
68625
68990
69545
70315
70882
70910
71055
71389
72010
74313
74983
75119
75890
76976
77567
77601
77666
77809
78023
79288
79915
80041
80568
80809
80912
82410
82787
83539
83560
83737
84011
84098
84322
84740
85018
85374
85833
87324
88972
89661
90286
90529
91420
91512
91698
92029
92258
92846
93081
93299
93844
93960
94258
94299
94514
94617
94626
95006
152162
165322
185640
187445
190441
190453
193131
210119
216402
223087
228368
229938
230288
241462
243357
43763
44962
39149
41015
24078
87096
56045
74451
52055
19375
87605
96203
24058
244148
54210
95762
31135
19711
26993
13303
18273
21347
32190
37616
42154
67486
5241
3800
8773
13630
37644
51795
68961
77757
84200
238549
79258
75810
38213
38377
72002
85703
95224
40986
41517
183264
46781
78008
35980
47319
65362
32906
41696
42948
65493
79972
80157
45801
46110
95835
59330
56963
32083
59794
76584
20552
21430
30114
52641
61853
63057
92100
94969
28004
63197
7486
39518
45501
61711
79535
181215
52175
40844
68493
71329
85279
25228
46703
48129
42881
16369
36576
42410
51433
207678
194165
215135
27205
5420
46275
51498
61738
87007
95328
70229
60081
48440
65378
20860
21413
24616
28130
28453
36112
44741
47994
48661
55541
67366
78206
193825
197019
13507
45310
28811
56924
13859
60630
67547
8522
9954
10038
18855
54971
92977
58999
62675
37968
7362
29313
39661
58982
65322
90147
30793
58801
60826
66319
178686
23464
47164
203746
32288
37956
42723
70094
32573
10714
18015
26549
39347
39809
47934
77979
91907
19073
34562
21329
65092
25735
47057
61415
189086
195643
223336
231306
242059
68359
78312
76487
24219
68099
27655
66815
76360
44734
72384
38375
62536
76392
5784
17330
24499
25821
27184
29206
30131
31131
33418
35650
37320
37837
38507
41867
42257
43952
49508
52698
52816
56726
56776
56862
62765
62883
65671
67924
71119
72257
73008
76299
78968
79689
80865
83269
83674
84522
84806
85636
86980
87029
88448
88854
91383
93590
93682
157946
161284
168732
170465
188555
194403
198412
198437
200061
201854
203667
217915
220348
222035
230694
238912
240991
82353
94082
40974
50080
55773
61378
67923
74801
88050
18814
40065
86134
16235
31177
204499
17972
28207
39907
64945
63415
8459
24883
73391
57835
9236
49861
50588
51277
55343
31349
38383
42315
43478
59384
59434
59943
66171
67476
70392
79338
82191
13574
45380
28645
33042
32691
19995
25814
31430
32381
32452
34588
64042
26261
85357
23203
68547
72502
86989
229703
230803
242907
72364
16647
67667
80086
81541
76367
82855
84890
89574
62879
71552
83907
16862
9122
9921
20849
22234
26742
41194
43295
47363
51248
59602
67484
70019
70962
74884
75341
77676
79787
83239
87104
87353
53396
39615
43631
49785
63816
80193
83739
84894
199592
213673
240693
42847
53392
73786
32940
199214
51407
12728
69344
93021
16942
23477
25782
55848
61966
78554
81665
91053
26470
195836
24603
51765
53215
77653
64498
18365
50034
46402
94865
81340
66521
40106
45031
62525
15794
34397
34923
37396
43546
44869
47017
67541
78838
23867
42110
48032
51474
65195
72927
77604
90188
92054
153162
29616
75472
80898
40769
51453
57164
79052
27338
202357
20168
39373
54384
63549
161999
192666
225106
228011
19830
23851
26409
30030
37854
39750
44648
44955
45630
46251
48840
50028
50160
52413
56235
57733
61633
66175
77735
78705
84750
89345
91083
94673
84291
83359
89248
75060
24000
81680
83906
87313
86907
25236
49388
62686
39001
22448
30426
34969
37019
40558
46648
47432
49048
49313
54916
55601
57937
58712
59280
60347
61257
66485
73184
78331
81138
81475
85072
85841
89702
92320
93659
152900
165273
171836
178959
184757
185450
188966
189050
209596
228091
235450
236943
24152
7883
21189
22167
23989
42926
69438
89923
74216
61674
56771
46616
25928
32428
36441
38133
40927
44859
49756
51514
55129
58336
59049
61025
65604
66322
70340
71194
75685
76669
77089
79015
84239
201304
85620
11094
87020
42644
63208
69504
18803
11089
6839
72218
91443
51285
12332
32708
45911
54722
64095
72102
81788
190565
49722
23706
58972
67501
82634
92831
39702
56551
94144
23711
95540
63204
61302
71662
43568
44819
58153
17237
36111
38641
47799
85671
239064
87838
80832
33634
38848
25781
54909
78096
38830
21906
79306
31193
10366
27282
36530
42694
54866
84478
8039
41152
23175
42956
63036
102945
107671
158685
168600
170416
183971
200660
200858
202590
206936
211003
218573
223133
223208
224047
224555
225460
227389
230181
232258
234348
239927
241258
245741
245791
88234
47198
150501
2008
23114
29400
43571
52027
57334
57554
59641
61318
79232
24620
49019
55411
8249
47775
21688
34418
64316
84548
61220
51851
32369
80697
58930
75401
14270
27361
40613
49735
51629
57326
82433
85266
88280
185876
225322
234800
38999
1207
51184
53085
88790
24183
77506
20386
61762
22007
45308
63868
68711
87128
94444
86473
2529
42739
31371
85286
20679
23997
27240
34367
80278
16694
36034
54686
56128
81078
87949
96287
175392
193123
212672
241853
57065
14169
34830
62943
71626
71627
584
32142
36884
38011
52636
81731
25578
46599
73309
73923
74206
90349
22774
76466
37547
50251
19410
25468
30063
41750
48930
50971
53124
54659
75260
79636
71190
57200
31091
24954
43187
47160
51411
62898
67939
68175
73017
75294
77293
9465
50842
53113
84107
29060
35101
40642
42777
44561
48532
52795
55115
60069
63808
67302
67789
69701
70723
72235
77260
80796
87833
91410
93049
93424
94508
197597
198525
210722
214136
221046
226504
233174
246356
53050
19821
82505
46129
93193
41085
30715
21533
75330
19625
18028
239760
44487
9617
38028
18658
50725
54255
78170
80313
96007
20383
71336
22794
63003
22988
19433
63906
16285
17231
28655
32468
41047
50781
66690
173618
206933
210082
5718
202237
12700
19111
28677
67573
9022
59359
72281
29028
193181
72522
32305
29021
15650
20305
36159
38942
43613
52871
53754
54449
63130
67048
73875
75317
82978
88515
81988
60368
63879
94558
14511
7648
37238
47620
86258
10004
69386
95095
90824
71219
95502
91925
39500
35667
63505
44418
83859
24100
52326
17269
22180
28770
49930
50121
68133
86370
87223
96350
21434
94776
36586
57825
19930
50893
74064
81521
88066
88675
92676
187238
238376
242203
246069
34757
20225
33388
45948
61841
79930
10961
16409
46031
29114
43959
44204
36849
44960
46370
46569
47238
49145
51544
74350
86543
42423
37828
44883
48804
3948
38189
167862
6926
14106
32006
48604
62912
69268
73307
88251
218881
40628
56816
50267
50468
165305
233856
234142
66249
90535
15093
28880
41563
42292
56035
59050
65676
74923
85973
88189
180771
83084
78198
36963
64589
64769
72213
11226
21963
23015
25985
27511
30738
33947
35364
36433
45466
46034
46444
51302
56078
57084
57155
60593
69365
69926
77092
77198
77749
80209
90521
91614
92909
16257
68827
95873
169565
163514
26680
31149
37105
52153
55283
55355
62670
64459
72202
73249
74594
76997
77147
77554
81230
86954
88000
94052
95042
184845
191281
228133
245002
15962
21088
84720
8810
21400
21799
27173
28718
38786
53886
32654
49599
36423
196380
23852
33333
34047
34893
44953
244086
50875
17023
66660
71934
74021
94229
74715
152112
159583
186979
68386
36080
70430
9313
19028
36838
38387
60481
72589
78847
44517
27549
169629
21900
45616
65916
45878
90275
90332
92809
93196
159127
221292
90814
50252
60851
90128
94295
41138
39842
52940
62248
65657
87670
43779
52028
29914
13610
11216
15599
18872
19234
21959
24514
26034
26078
26694
29684
30414
30696
31383
31676
32435
32507
33907
34088
34635
35283
35723
36070
36127
36650
37227
38498
38854
40157
40251
40641
41001
41514
41625
42706
42919
43104
43171
43377
43659
44054
44065
44339
45093
45703
46273
46951
47176
47370
48157
48161
48244
48436
48513
48584
48765
48772
49231
50158
50253
50272
50576
51231
51383
51735
52448
52508
52757
53438
53768
54142
54920
55026
55071
55422
55662
55764
55800
56169
56566
56730
56784
57099
57277
57319
57447
57653
57911
58076
58221
58480
58763
59203
59450
59918
60118
60635
61947
62136
62298
62567
63440
63457
63641
63671
63774
64131
64334
65779
65984
66925
67118
67529
67847
68819
70071
70263
70599
71103
71129
71594
71780
72173
72296
72380
72956
73210
73342
73629
73652
74428
76242
77174
77360
77610
78272
78472
79129
80161
80628
80962
81152
81326
81506
81830
82148
82328
82618
82762
82827
83086
83457
83629
84210
84351
84483
84519
84521
85595
85949
86589
87003
87406
87994
88523
88754
88848
89112
89211
89833
89894
90533
90685
90743
90909
90953
91209
91425
91437
91887
92079
92195
93082
93542
93562
93800
94094
94401
94913
95199
95226
95395
95671
153628
188787
199466
202537
206433
210436
214356
220725
226911
230746
237616
237642
239350
241147
46485
48508
60601
76891
21363
63795
4426
19078
26735
45236
48796
1281
59629
86161
5278
10369
67211
13614
23345
51703
55573
76818
54185
37911
58042
77413
78258
84980
58419
77474
83064
205898
211666
223089
224024
229748
21497
85845
54082
200271
74932
2092
60782
60960
37762
48755
57883
71746
85213
206469
8592
47928
51809
80723
92344
47984
71480
71577
83331
94838
66064
78526
21623
42378
45845
73885
13712
18878
91527
10791
61369
15086
53504
59272
170568
213510
215133
59542
2401
36168
65277
84486
37190
54834
19517
29671
31878
42062
47829
53613
55711
62143
62815
66327
82170
92367
149782
6371
90690
34651
52620
72310
20270
47448
25651
79882
41497
68310
11681
24218
37460
48754
53955
55322
50447
61413
30009
53002
6055
29949
33207
34175
35717
39443
55016
57664
58484
71134
75078
76189
81180
84444
88850
92187
93159
165472
175872
182038
185061
206812
208288
244676
21547
87773
56874
245721
6465
15975
21940
27321
30435
33981
34716
35018
36725
39148
39267
47299
49292
52232
52572
55519
58753
59436
63880
64642
67185
69124
69430
87792
177234
31208
66449
68563
71943
7269
32460
35955
71774
40302
41118
20748
93791
40001
41575
76405
78358
61312
31085
90117
19725
26200
36259
43990
72299
174489
190651
236801
42037
42491
66958
68907
68349
83421
34871
20626
24346
36243
50757
59327
43330
28596
69388
28803
72017
10145
41810
57055
4604
15112
16553
17727
20591
23886
29605
30881
33391
33949
41733
44853
47024
47664
50815
50864
51938
53914
54137
56367
56468
56682
57135
58784
61697
62034
63710
64821
65259
65835
66035
66635
67020
67844
69147
69749
72006
74187
75156
75746
75948
77246
77389
78167
78544
78565
79178
79343
79806
80167
81532
89294
89601
92131
93027
93202
94071
95508
149912
166500
172735
188294
189940
191552
199665
201027
214019
215812
219899
226621
43861
44282
44524
47405
56997
70473
85050
86523
154976
19348
47226
40432
80715
6928
22059
26192
32144
32515
35787
35995
36985
55441
63754
70282
75495
78098
78525
85252
88257
89523
23468
8161
53384
11692
22037
52263
52962
61735
71660
78555
85776
41080
83208
28060
14553
3867
57324
31398
56586
62192
90060
219884
235490
18203
30837
35160
85848
85836
46027
48318
75079
23777
28856
32823
32873
34578
53823
60983
85811
95048
44893
56773
52072
55705
198002
7940
16833
21031
23293
60592
62766
68064
71008
14544
240680
182649
242679
43983
76957
93655
15564
20415
20844
46953
60356
64960
74056
80737
191263
64475
41289
98980
158235
159213
166326
173277
196711
200732
202898
210795
211711
212226
230572
234863
237839
237956
239219
239863
242894
246702
56250
43242
43633
51405
205419
52285
93141
97674
58607
12384
16825
20257
46455
62439
64441
68259
86770
148566
149257
56316
72399
69472
78111
22285
46254
52048
76371
77217
24817
37543
44959
59555
90522
7564
14412
31499
55930
72984
79462
95134
157744
161934
173830
181110
205176
217595
231530
233472
80025
28788
73343
75310
39672
73922
21291
76641
93077
13850
18490
20940
32193
45643
51532
56478
56934
63914
65877
69899
78249
55792
91416
44099
63396
21694
70665
10609
37662
212918
224007
233155
23811
28942
33880
38331
81345
5547
13330
41416
43796
44539
44632
45227
51974
53083
53566
54891
56545
57985
61461
63083
63500
63942
67774
70336
71823
74280
75571
79439
81295
87246
90208
94507
94854
23749
28929
66592
94698
38898
79567
30349
220457
59294
25340
46420
58971
5397
25810
34176
57617
29787
46808
31915
80516
11705
20706
21187
34615
35363
35685
37750
42527
46134
47100
48350
48961
51382
51654
53067
58455
59424
63131
65321
70484
71373
72558
73711
74792
77023
77384
77932
78602
79225
81655
82137
83338
84059
84100
89132
89886
90020
90381
91377
91900
93499
93574
93971
161265
167040
173656
181751
184431
201618
209017
210822
221684
221738
229145
232272
234918
244942
21769
3292
25287
59030
68297
164191
26002
82359
33917
6760
14851
15461
16889
17004
17945
24291
27566
31329
31667
35252
36504
36717
37124
38798
56032
58909
60583
62247
63688
67556
68354
69355
70985
71661
77407
79377
82447
86853
86892
87119
87582
248068
29971
61197
71541
3969
37001
42290
65274
85804
60621
62346
84229
96742
18897
41950
53477
62130
67024
77782
159047
29474
65252
73360
90889
57895
218737
13647
55982
90846
150109
222685
230123
233531
78014
62266
9795
13335
18708
34211
57964
71492
16209
24301
51591
66359
69098
78766
207646
217417
12369
21150
51309
62443
70545
9532
23260
20363
30824
33553
38343
44662
49365
50640
67156
68395
21178
38890
36382
79615
52341
29016
92019
31711
36722
43670
27656
20650
2618
49457
61445
65169
74546
29300
49728
76100
29863
36545
45540
47080
20945
73892
95252
94674
80419
29321
52916
53579
56819
71709
78662
18896
35413
37156
44623
32601
38161
48398
62450
70083
73006
91945
92910
180406
187866
222794
237949
94059
7965
15391
36861
64512
2042
24048
48795
72128
34255
34358
68967
83797
25117
32523
40611
54383
64763
74717
19790
60204
5766
7319
79113
57810
75206
65403
70726
163904
204421
224234
6678
27859
28887
44626
48110
79091
27049
40029
41049
44911
73877
76402
189151
20996
96067
26859
39005
45807
84343
82520
44121
29035
172044
40934
58446
26009
26053
32130
40530
45139
55750
64735
71428
76762
74730
13456
25127
27438
38043
40417
42346
43057
44126
49362
51738
55277
64391
64817
70358
71349
80110
84181
86842
91726
154420
195135
195200
211790
221089
223055
225185
227475
52188
67132
19732
29506
30037
18442
19538
38528
38935
50138
51476
57997
65114
43184
19994
56491
64070
49553
54135
60936
80294
10147
11359
44244
47645
38963
215758
30427
75293
52240
95081
19206
24412
25090
25731
36230
42614
46790
57150
59007
89728
33186
6887
47422
57750
95936
148520
46345
63748
64807
71293
73429
82866
83415
161848
233677
90410
243941
59229
77463
80116
101306
18992
65669
69104
76467
80370
90560
78288
50461
61558
19826
43044
52478
63544
75477
92226
94213
189260
64662
61473
18080
43022
56139
56741
4822
45115
35560
36909
90031
18649
90111
22220
48879
11273
59176
24856
27659
59965
34462
85831
19520
31875
33395
50319
58075
63393
64174
33045
96191
96452
66265
55906
71281
21958
30504
62059
77769
77985
38649
85223
13564
11654
16555
35191
40815
42875
52237
66484
87108
89917
184247
196146
212087
245129
21842
21956
25185
30346
38454
41870
46433
51753
52718
57258
58636
59341
59973
61233
62494
62836
65491
68403
70244
89189
89546
91397
172064
4988
26081
18720
32204
65374
14422
21388
31143
34215
35272
37012
39359
39577
58001
62583
63205
63620
66515
68314
70355
72868
77408
86075
17253
233474
40984
95156
64285
41624
70137
75789
44925
63250
62711
19806
93687
13835
74487
77019
19532
22278
44356
63351
68275
80805
89975
96416
164362
171977
82418
67544
44101
73145
9442
80454
243816
21952
22146
29665
31201
75520
95765
39012
73056
50951
43198
11578
18750
32744
70701
66622
145
60408
95133
68865
244224
10394
31074
38724
62771
68783
92689
17849
32811
57608
61584
80244
23741
39788
64462
75307
23102
36308
48031
48903
53194
53443
57091
62933
71095
74220
77997
78964
79008
82340
84922
85521
89977
91767
94758
95447
149590
160617
184788
192699
203326
227628
227680
7231
81316
17589
2268
13682
27471
33831
39038
43272
58383
26948
27928
87023
41743
76986
91867
8174
9166
72803
32127
30918
45762
54040
72264
5679
76966
229617
48668
27705
46166
47009
60766
88613
96183
156063
210118
57918
5366
80366
86286
227707
228820
246024
56689
82038
85975
86220
87363
36260
90307
21248
39837
44324
62377
35396
62251
69061
59361
41981
43740
68578
11473
12437
55860
68767
86508
12763
24892
16407
47219
47651
55226
68369
6100
8480
17230
17567
19785
19882
20756
24972
24978
27283
27725
28991
29363
30542
30893
31126
32266
32281
32520
33029
33166
33334
34041
34571
34832
35093
36405
36417
36894
38770
38998
39510
39679
39777
40192
40562
40615
40983
41340
41414
41872
42180
42304
42401
42752
42918
43344
44057
44226
45348
45504
46104
47335
47425
47931
48523
49272
49987
50237
50919
51925
52556
52676
52831
53811
54078
54755
54779
54784
55188
56274
56303
56772
57541
57686
58307
58342
58392
59283
59725
60507
60722
60828
60952
61948
62120
62589
63379
63385
63565
63716
63901
64193
64284
64415
64687
65028
65386
65394
65726
65956
66012
66311
66895
67034
67137
67716
67758
68079
68117
68196
69177
69484
69741
69773
70028
70394
70420
70439
70868
71811
72369
72686
72721
73419
73655
74031
74146
74253
75283
75564
75576
76122
76493
76739
76755
77018
77442
78252
78504
78657
78953
79324
79556
79847
80142
80231
81382
81400
81672
82131
83505
83643
84599
84991
85355
85370
85641
86287
86734
87036
87754
88140
88344
88801
89007
89867
90613
90733
90866
90971
91100
91188
93450
94496
94550
94682
95603
95615
97394
159415
160804
166776
184140
195487
196848
201959
202117
206518
220622
222064
231715
231777
235896
236917
86223
11424
55557
17487
51185
61529
73970
17890
21383
27794
29327
49256
54529
66282
72624
72998
77292
77924
14283
56659
69740
57764
24810
25247
33700
57787
59982
84195
87387
40059
57353
52730
28944
25270
67709
58115
35355
38723
39766
43149
81380
88105
191009
192092
237027
241834
68647
54474
21372
28208
90005
39830
27114
74936
7577
15165
18225
26724
27777
30789
31576
33117
37034
38693
43538
45273
50229
50615
51824
53318
57316
58406
62249
62444
67978
70153
73019
73098
74430
76570
79621
80585
81524
86597
87111
88504
90228
91786
93714
94367
39767
42889
22455
56720
87377
153698
52696
11844
44679
58616
47901
217491
19831
33522
50294
58286
58965
74201
35112
46050
57691
32503
34232
38624
49330
53990
26377
30222
83965
69799
58366
11405
44649
65008
82190
166344
167027
167534
175713
180169
181067
185496
189958
191562
193764
199676
199785
200874
202400
204147
204502
209268
210564
211682
213535
215262
217810
226225
227798
227843
234717
238042
238078
239281
239294
244094
41518
48832
48872
99094
45119
60405
2773
12819
16877
21256
25002
27080
27540
39621
51365
55864
70932
72751
75457
69332
13785
32599
15905
16043
45887
57026
19465
56183
80334
18949
4824
30780
36778
40100
42385
43283
48633
52419
55417
55654
57372
61933
65981
87576
92044
92578
161480
174109
194827
205969
208709
216841
231209
234916
238968
86129
72906
91311
49536
60648
66347
80310
94853
205270
14077
53992
61766
67731
37759
57127
57805
7152
79587
79761
47889
59689
65469
68323
89508
46825
37478
45231
52222
64778
77719
81992
68804
16052
25594
45467
83873
102959
166042
217514
21370
32315
34498
68615
42418
63265
230578
78789
149753
169650
32386
23903
35940
43079
51200
61108
62842
67592
75524
28915
87149
11583
43033
13768
60683
22256
27297
16726
46237
66028
8724
15984
16470
32319
36785
39657
42711
43042
44168
45683
46260
48391
48917
49503
56332
59207
60611
62697
63119
64785
66476
67312
68112
75510
79418
79713
79748
79996
80104
80734
80751
80985
81804
82113
82199
82907
83071
84537
84581
85283
86159
92469
92970
94037
95295
96911
160537
164120
165326
165949
180958
196669
204910
206718
207298
207956
212414
212760
231194
233376
245611
23723
58085
59624
37118
43963
94104
21375
74270
4815
38923
45574
51286
54090
67091
70662
78885
79046
86542
88759
27661
63915
33226
57878
40328
67409
21885
19753
27996
8840
22509
39080
43128
43652
53554
11626
16423
27161
29777
37026
63889
66782
164165
76147
17524
74505
80560
60339
46441
33024
220962
176965
181784
209523
11877
14291
17262
25318
30002
41286
52320
62111
71316
39820
54152
43845
68648
25638
56166
58426
35265
28090
41931
66445
83306
21037
25979
30925
31864
32752
43085
45322
94923
38104
43617
76588
87695
56991
72370
84507
90647
30880
94086
67061
10763
23755
31705
13831
48193
50209
92895
56435
71486
90865
17862
32292
10436
42359
59177
14248
21467
35114
37063
55374
19047
22723
26663
27023
36149
43192
59617
75569
77844
80436
88271
94077
97296
173681
181652
182745
201811
203400
204444
217171
230237
240335
246260
46687
89901
45403
81944
13304
24154
31168
45562
64335
65721
67670
83947
29425
46381
83679
204366
7981
9902
20191
21881
28519
46645
46695
50873
51017
52835
64753
73738
87256
89630
1241
49340
71128
44247
18686
31188
46269
48036
82559
95473
193091
194706
206361
224123
225511
29557
36993
38462
38896
39878
43361
46253
50892
53767
55257
56767
58691
59736
61166
62944
67793
73513
77935
81357
81402
93099
47111
57394
61338
69031
91114
75658
9725
50671
31162
27032
75106
81650
220057
30461
12434
67079
85076
85188
88249
47864
55753
62837
21821
24757
29516
34300
35916
37504
38974
39372
39419
41835
45518
47946
48079
49400
50744
51432
52352
53862
54510
54700
56422
56760
62524
62783
63137
66549
67054
67722
67750
70764
72331
73366
77115
78800
80010
80827
83399
83727
85590
86315
87810
88489
91551
91561
91742
91968
93467
94926
157517
163212
165646
165659
165680
182029
183438
184645
184686
187310
192808
215277
218298
222534
227035
228946
235342
235524
240420
241010
244462
87565
10170
17477
23550
25175
36351
68923
150106
40797
68405
19147
82573
88605
202528
56885
23077
62141
65709
1710
183423
74391
66499
18611
39874
43518
58158
71062
72967
88085
92429
24532
45784
83032
73571
19634
73640
44254
65786
68336
42420
74928
95816
10001
14160
18589
21167
26741
30202
34515
34570
37333
39090
46071
48452
50993
51288
54574
57609
59999
64269
64403
65918
67081
69720
71514
73767
81857
83882
92953
93704
95344
95414
148542
148792
150502
151913
153650
160815
185147
185240
42096
37596
60295
70164
71689
74650
76115
85708
95196
164728
188050
209703
227332
58959
40290
40944
48413
60955
65552
76027
90659
70197
39021
45410
47702
33974
79259
33459
29608
27912
48928
19201
11060
14417
88173
30044
60681
170324
27111
10008
28541
36061
37425
48225
48846
71656
75327
33675
176816
38152
39739
52673
35494
24900
51344
10831
29184
65827
21035
20523
23726
40978
48011
60363
82732
161058
81872
52126
90651
35248
54372
62043
69945
74145
77302
84909
85305
228744
37444
61608
44429
17516
25039
67575
12003
20927
33098
43835
45926
60897
65646
82127
88629
91694
95301
37551
21725
32316
44498
45997
70639
83157
83486
84280
88479
216094
245835
37294
20297
33430
31996
66501
66836
68585
72971
6710
35636
74970
57489
84212
93351
7175
42183
91224
75102
212193
63011
40351
161854
62332
71800
43677
60707
67780
72058
88886
171059
180826
204188
12602
13374
17817
23042
24472
25426
32546
35875
39917
41203
48741
51281
52841
53740
56218
56658
59531
59628
68293
69262
78702
78827
83108
83142
84935
85846
91121
91585
91607
24597
32585
35686
53340
77069
88213
40411
53032
17018
21092
29010
43030
44613
46760
62265
80922
82744
226367
26117
96175
233326
38429
46247
24310
31706
42984
47431
93767
95386
89882
213110
243897
86844
13636
17843
18199
21272
25558
58843
72186
197108
202944
211589
13278
42064
47114
47612
74933
5322
59898
34728
56237
5625
5694
18372
18767
19917
24263
26874
36582
37914
43371
53313
53484
55826
57367
65181
69639
70018
74093
80048
83535
85108
86083
86778
87598
88895
89137
92764
93052
93864
95037
155837
160390
175454
197055
199119
207290
212767
218742
226658
226808
28693
18977
22974
27180
45355
46132
47032
56707
88682
94640
72745
1397
35764
25498
36908
94096
49412
52267
40912
4681
36549
71014
188444
51197
64798
91015
46028
92382
24177
24311
34479
42622
44634
94755
172080
207520
230297
41499
19983
76035
79457
26792
41963
56076
47223
52023
55201
55991
68680
71204
29781
31133
12455
89996
40699
22553
34855
63304
87757
4828
7952
67585
93778
31940
37271
41055
43910
66280
88452
76322
34859
49451
75717
86924
60480
26405
61709
29677
46000
50838
65059
67399
76880
84576
7347
9248
20801
27685
64198
82357
92974
77884
32801
26876
52455
56349
96114
96702
84222
65205
69515
55823
39297
39983
31082
46705
52823
66646
73658
2863
11470
37176
41978
46023
48058
51947
150565
212036
221992
225280
55113
4538
31078
37099
41788
44214
44817
45892
46559
47344
63366
67765
73402
76304
79191
82158
92409
7411
55838
44213
41163
66425
15385
51672
54597
20185
29490
32227
37303
52422
54301
55435
56327
29347
182779
81522
9036
14722
35516
30959
33236
38797
66151
85763
17258
82364
37959
48357
61851
70462
134834
153368
157549
158514
159372
179031
179534
183152
189375
195769
199507
203212
203476
205590
206720
207516
210268
214848
218049
222607
224605
225112
227717
233235
234929
242114
242816
243886
246295
246449
47753
18523
50950
31195
46099
67911
87663
24314
25787
36099
86308
90843
44413
42969
27207
96075
97069
149367
46250
13713
25615
38111
44935
13832
28730
37576
40901
45890
53586
56731
62601
71201
73394
79545
81744
85205
88891
94907
100346
154200
177885
180159
181945
206565
207786
231786
233015
238869
241411
241819
58140
81596
45719
66260
183792
3737
18655
49352
199096
204155
210660
28508
52297
65284
76990
48780
58303
56974
68229
58362
43703
66788
27628
28063
41451
53634
88942
48366
23703
34410
59054
68954
79062
53557
38964
41884
52130
60493
83620
88637
91978
95093
183724
241007
72549
64569
96110
14401
92804
46204
8326
28408
40257
46474
62250
94170
25490
45240
2613
21029
51204
48342
89013
32516
58424
75267
4576
8841
10520
16151
16696
18414
18607
19442
19799
21049
22178
22604
22951
24995
25878
27308
28971
29719
30062
30428
30897
31108
31170
33189
33206
34162
35228
35775
36431
37923
37937
38042
38412
38438
38640
38665
40300
40525
40968
41313
41423
41638
41691
43282
43530
43807
44163
44969
45359
45461
45486
46919
47020
47301
47593
47686
47910
48223
48295
48335
48829
48842
49163
49666
50036
50344
51413
51455
52051
52686
52900
53272
53486
53755
54599
54766
55075
55429
55499
55580
55866
55977
56154
56254
56675
57290
57382
57864
58009
58585
59119
59154
59246
59815
59951
60035
60152
60579
60786
60812
61065
61322
62033
62086
62273
62856
62975
63402
63542
63618
63956
64136
65007
65191
65345
65474
65687
65694
65857
66128
66310
66326
66371
66564
66721
66841
66933
67386
67515
67594
67817
68355
68714
68905
68975
69053
69115
69248
69456
69477
69523
69719
70209
70438
70554
70713
70765
70788
71176
71417
71803
72972
73030
73587
74076
74407
74559
74570
74597
74603
74765
75226
75265
75459
75612
75721
76076
76139
76172
76211
76216
76778
76898
76964
77335
77940
78024
78112
78691
79654
79976
80099
80892
81359
82056
82329
82647
82862
82890
83536
83549
83672
83945
84009
84290
84350
84365
84675
84677
86180
86572
86732
86958
87629
87769
87800
88099
88192
88641
89600
89737
89786
90121
90402
91368
91618
91843
91944
92334
92402
92456
93073
93173
93295
93732
93987
94003
94073
94124
95142
95646
150078
156556
158591
161089
162721
176472
188155
191019
193671
194320
195885
197184
198547
200508
200738
206255
206755
211936
216909
217763
225217
226357
228734
229528
230467
233894
234838
241521
244090
244264
244726
56167
37002
82990
13938
47157
7835
76284
69369
58803
59879
78747
62839
39903
42459
212679
30290
15231
39700
163533
30086
64298
83245
87115
92634
76289
77420
1444
26359
60477
69171
77061
83449
84318
88094
158006
181610
205443
223043
240398
243157
5113
28449
31227
38577
68600
80036
95810
152161
228258
32343
52904
56227
59760
194887
225891
226068
228672
13417
40086
45666
64679
67857
5631
19376
38009
62085
67519
88093
12035
23831
29982
30663
80427
93213
10706
66191
184105
82868
10245
71685
72677
38841
49549
50630
58575
68372
62056
26728
33156
38134
50239
91184
95462
50437
65434
88555
157486
66169
34705
4067
55241
47476
41940
78669
96752
61274
27295
34735
72454
89622
4966
25085
25573
28257
49575
53699
67649
73116
77755
78708
88635
89002
89287
42208
94408
35673
38899
46172
48131
49525
64109
70306
71892
87093
89800
94612
174695
200805
201993
218275
231424
55869
5080
35942
52847
58017
75425
90641
33279
48898
46494
26277
41415
47997
63702
71508
77235
80483
92189
22137
65641
34532
76475
60211
24022
65547
4200
8711
12045
25538
25746
26278
28065
29070
30010
34116
35286
38027
44370
45704
47097
50113
50174
53665
53731
54086
54675
55652
60950
61269
62487
63917
71175
71511
72726
75853
76201
77004
79035
84194
84277
84418
84450
84646
84755
86321
86847
90287
90741
90859
93222
94472
168971
48211
68853
15951
26648
63866
74992
33856
48061
84569
95371
157061
193542
202714
206007
217956
222711
234731
241459
43000
47209
53209
91451
73016
22843
59140
57347
47656
67159
87071
6024
23829
81689
12824
27133
90253
59380
59735
71126
94221
20124
60239
7488
22055
30449
30765
33375
34509
34941
40474
45048
45638
49976
50077
50523
55275
56671
60605
60675
64408
70885
73486
74303
78556
83431
84267
85817
94710
4724
10670
14690
17364
29598
32025
33873
37203
37674
40170
42222
43019
47045
48171
50542
52044
52760
56464
58034
58171
58275
58630
59360
60156
61113
61151
62653
62817
63508
64271
65720
66810
66924
67826
67907
68791
70277
74416
75729
75736
76170
78213
78380
79533
80604
82126
82551
82648
85685
89071
91108
92666
92930
93401
94689
97263
149132
171656
172251
188713
188928
191145
205939
208781
222551
224996
225391
230856
239910
243489
245097
246057
40447
10282
88130
31312
41787
6071
46462
65883
34467
36591
26017
31483
31606
86608
92956
30212
27442
69828
206664
6555
30524
35889
48076
63731
18010
35847
5060
19351
35075
44518
51297
60140
64264
93954
94423
211178
54243
67330
70243
48560
8133
20987
40008
42049
51026
52323
64353
71575
72232
72328
79624
85281
92984
183849
55911
54500
74504
75657
4402
59836
94993
151376
160119
173706
175694
177005
192042
197069
208986
16059
90130
71884
35609
231193
24886
49839
71261
36807
77459
59997
61247
66246
89701
149619
85056
94858
11022
3823
66768
33130
89619
33192
57006
28423
44062
59494
63659
69405
75559
75856
78675
81430
92888
51093
17681
34457
48085
50565
36026
36883
59993
33033
37568
80170
181220
35395
37593
78790
12030
87401
38315
46146
26360
19339
33509
37908
52317
68509
73693
77353
89378
44467
46426
75177
78020
81544
62124
28723
44041
21456
94377
13803
24878
30450
37799
43569
48200
49455
56486
61889
64697
79726
85029
11486
39337
42697
54758
58610
70128
83515
83696
160775
182309
183526
198917
218514
220677
222034
235489
235782
238940
239546
35975
39816
59710
155013
193953
32031
49931
95554
27413
68003
71100
21997
32553
24568
41119
52392
53727
72560
28563
46737
33264
6936
6329
92176
54842
35136
26283
43562
81467
82968
90087
156455
157117
177779
209683
218623
230789
17434
22492
31378
32900
37922
41363
45625
45903
47016
48782
50567
54770
54886
55098
60098
61665
62071
63358
63433
64007
64336
67295
69433
70434
71306
83893
86320
89103
89924
12295
51505
52886
12512
21203
2753
57570
12940
25448
69521
66193
4014
14361
47974
50178
50904
60489
66524
90996
5489
69592
3227
15360
21863
22789
23055
40119
60810
78725
88674
48947
56965
50299
56485
18510
23724
25323
26950
27771
28747
32721
33737
47345
53715
58363
60719
63019
63168
64161
64757
65361
66503
71895
74244
78278
78622
79296
79365
86435
86482
86515
86699
88492
88947
91313
157115
174219
178196
181140
198294
199538
200337
202950
213082
220976
221624
226537
232492
233286
234200
235838
241071
244652
244769
18383
24542
25868
50865
66317
21679
35979
69140
175570
49011
23162
76401
62162
79596
10801
4208
71910
74963
79932
36986
11699
34743
75932
77434
50541
35668
20787
67966
68086
74162
35390
52330
90241
92159
150703
164734
166140
179707
207573
221932
238694
31753
33018
36610
71440
66869
2455
40639
83878
84949
86914
24573
49691
31979
246283
72419
5526
18681
24132
28035
41648
42008
50490
64489
66299
30857
86334
77754
26619
64531
65147
46767
74686
26753
30383
31047
32619
34753
36639
38756
46468
47580
49364
50754
59882
223804
20324
24408
34286
76607
10469
31727
37352
54095
61116
74067
88098
88782
23305
27635
14070
89195
56728
78361
3540
25335
45906
79744
28981
49712
57623
45901
97837
162855
44726
7717
55703
88290
54455
4813
12451
30975
32390
40739
55664
57499
80260
81535
88001
88566
88861
153374
180132
213453
226922
228428
233913
235582
241316
2757
33476
69368
59301
16967
25754
92700
52990
84649
18304
19512
30573
41122
88121
34529
41488
169397
51916
85979
29662
37892
58542
59312
84172
84273
87719
90593
32567
73125
67332
30120
33411
43058
70217
22860
54056
45226
31204
32633
37353
42860
45477
52189
63139
70697
75185
88827
95356
46691
61363
89940
93038
93762
154407
154789
172306
176072
177437
180618
182179
187820
190275
202719
205170
206752
210531
213271
220369
221554
222143
224866
229383
230334
233601
234399
239049
239226
240885
241554
244781
39879
41830
45773
53818
59446
75048
76443
9480
17356
28838
42014
42871
66516
77352
92234
181111
12907
17063
68012
13471
22004
37136
44568
61319
63047
65602
71179
72187
93900
17693
14636
58190
54244
33575
92383
75110
39973
53090
74096
53435
72314
86379
89266
16926
41544
71072
72019
77875
84364
94890
30615
42590
20780
20853
26116
28960
29086
29898
30266
31798
37496
38586
41673
42528
44664
45893
47278
50691
61555
64469
69989
72991
81670
84039
84064
85141
87032
91797
92027
154237
159314
199391
208869
212208
220961
221115
227524
19180
57487
80711
179347
77290
75592
78230
25562
27483
45041
208522
21945
23241
27214
33587
34587
64326
90598
56289
93302
43244
56603
85898
53518
15467
25204
38623
41024
57599
72065
93359
95449
158492
43436
67985
199807
222610
242305
48779
207461
18343
37928
41861
45577
48956
60020
60374
60734
86534
92794
31921
9429
46683
62092
38985
55396
30218
60967
35700
49469
21214
48026
38416
94595
49139
63792
39120
66468
50700
62227
79531
42872
61607
64254
88943
94222
77531
15923
55544
78060
192754
66448
72413
70512
32116
62683
190634
96223
55526
3139
8590
11503
12842
16325
17709
19778
20440
21837
27144
29307
29800
32814
41356
42066
42241
44705
45428
51566
51802
52000
52532
55074
55995
57196
59642
64625
69931
72340
76682
80125
80931
82586
85941
86120
87784
90617
91190
92090
92533
95489
222018
96301
97602
98604
154975
89365
82459
23455
31205
38094
38450
39396
57658
63860
78934
18588
45778
52165
68579
73764
88102
95127
161382
165092
170561
195107
209097
212858
237887
87322
17916
224440
68231
93376
19893
27310
35335
35451
40461
44551
49366
49928
64447
74614
73676
177271
35250
37162
40213
45332
57189
61869
70644
73108
78168
83944
86746
89687
91728
78365
94501
57166
91182
10904
148774
10026
14797
22182
22697
23319
25166
27575
27845
28162
30162
33278
34040
35496
37775
39335
39886
43662
47139
47697
48263
48762
50339
50962
52723
54630
60183
61190
61556
65109
65312
66436
68429
69077
71391
72188
72559
76973
77320
77535
78391
79786
80295
80423
87106
87659
90713
169753
18389
58986
25831
66172
89454
14969
54067
62930
77899
39507
78134
87244
11103
38437
52251
52259
57765
64739
77035
13639
70942
72762
93233
165025
221265
30472
18751
76827
92340
15278
60014
69538
77808
84558
92386
39422
36367
41008
47484
52022
64324
64751
69613
70747
74553
80271
88483
90630
92510
149537
166301
174061
175056
196780
201028
202344
209951
212498
213672
215442
218962
222390
11377
20431
34674
37761
38351
40130
47457
27993
34379
1717
49971
92675
30910
38196
38223
46279
53303
59408
68111
82168
90594
5217
39127
53655
58434
58469
66783
81355
21567
26687
35931
38689
14579
16128
19473
32271
40099
42718
47010
74945
76382
95277
10375
69970
17711
30142
50984
246561
72156
56306
23688
162997
166230
187998
203311
217874
1499
23946
41237
24619
36407
42701
31673
53868
71565
72891
4907
23961
25129
18039
51166
79752
41330
61870
62618
62380
8353
50423
15748
2555
7357
9414
11731
14019
16887
17288
18861
19440
20456
21067
23761
24997
25297
25485
25534
25855
26981
27201
27271
30033
30861
31281
31513
32358
32517
32577
33227
33325
33577
33951
34200
34527
36300
36468
37038
37233
37486
37751
37909
38961
39854
40215
41090
41947
41957
42568
42632
43544
43819
44802
44851
44905
44937
44941
45698
46060
46325
46640
46932
47061
47232
47237
47594
47647
47777
47832
47921
48347
48367
48861
49676
50058
50260
50549
50774
51358
51764
52710
52739
53684
53834
54004
54353
54389
54538
54730
54862
55027
56286
56348
56390
56488
56973
57020
57080
57101
57156
57335
58059
58656
58839
59174
59352
60136
60351
60820
61403
61454
61565
62228
62374
62611
62623
62887
63166
63200
63317
63331
63371
63432
63805
64213
64524
64541
65043
65357
65591
65933
66344
66765
66780
66842
66988
67442
67937
68166
68170
69036
69498
69682
70073
70202
70699
70810
70862
70923
70951
70992
70998
70999
71495
71587
71649
72308
72708
74026
74422
74590
74685
75072
75211
75444
75679
75993
76057
76375
76589
76592
76692
76837
77251
77925
78067
78856
79552
79797
80682
80804
81725
81728
81753
82106
82183
82675
82945
82963
83148
83458
84020
84128
84287
85090
85201
85214
85710
85927
86506
88112
88380
88404
88443
88546
89291
89349
89404
89579
90407
90615
90912
91143
91197
92123
92236
92245
92285
92799
93116
93149
93274
93420
93492
93541
93565
94046
94238
94339
94821
95115
153593
156067
161851
167409
167849
170728
173131
174425
176206
177785
178655
178903
186696
198138
200025
201520
211476
211660
212218
216579
221587
224324
224680
230395
230398
231351
233304
235668
240385
242472
246634
29177
71585
39961
10559
40625
46004
6367
30689
33834
38939
42132
49175
65555
79260
86763
89813
180995
8629
28855
82297
24749
20741
29127
36287
58396
196349
245530
74137
71044
75712
82007
87196
85189
14877
34073
48074
53490
58658
59204
66706
67272
76630
79248
81495
107730
17760
26857
50804
73635
87429
19636
16096
32926
33163
34208
39763
41903
61356
63986
188828
214268
232749
237763
242490
54108
3076
23017
24829
85058
34732
41219
63305
64761
81923
69449
91676
93079
94646
29763
44351
20034
23124
75761
32235
16872
78275
68242
79665
187525
24799
50526
52199
59097
60482
88992
53525
72184
76092
74104
176067
176053
23135
30511
34831
47551
51404
63245
70012
70212
80612
81401
93113
65852
86310
171381
13616
13267
16425
73720
70575
77371
234872
238469
10759
18472
23866
34201
51031
76353
78034
91360
12764
96638
85520
17452
19968
28505
33717
85331
7137
18166
25813
25968
34625
43346
44698
51688
60384
64155
81439
95629
66008
33832
59963
29795
40282
40908
41053
43536
53139
53717
56384
58459
59745
60775
68645
74261
74323
75745
87270
102929
174471
184196
185129
203340
203675
205405
218797
225268
227635
227924
228427
21342
150003
44846
64108
17153
207550
40579
24860
33231
62044
63142
73273
75032
87636
42450
63858
40948
30973
41960
44555
92361
60608
33836
42018
57720
68532
35338
55382
52898
58681
70695
95871
166020
167401
170651
191549
192063
195947
201988
219214
20622
36979
48038
33169
57071
75801
44357
1033
27108
32673
34259
55033
75700
91137
6417
9965
13599
23315
23365
37158
39409
41556
54155
75778
89152
26689
37482
155628
57834
61052
84050
89484
183063
13334
72012
86731
92975
176549
15332
30087
33651
37277
45538
53509
63829
68094
68925
90576
56833
11594
17731
21083
24229
24631
29115
32256
32625
34473
41578
42635
53440
69929
75490
82930
19704
20140
23193
25194
28307
32609
34948
38257
39611
40090
41932
43316
43515
47098
47537
47557
48972
49043
50514
51561
51919
53998
54604
54863
56251
57054
57705
58246
59875
61883
64847
64875
66860
68439
69356
69428
70851
71111
71142
71431
72941
73005
73534
73848
74388
74582
74972
75038
76731
77162
78235
78313
79977
80468
80998
82472
83182
84392
84568
85900
87590
88126
88388
88686
88967
89360
89831
90597
91520
92710
96949
155512
160235
162881
172646
174338
184621
189702
190683
194767
197137
201123
205049
207967
209662
219626
228173
231058
241435
242474
51087
21627
67916
50564
13991
35097
41170
47074
50807
59491
64141
71779
71850
78580
85229
90072
55625
10518
24005
34142
62751
13708
29396
37168
190952
76138
7105
43356
53481
80642
85675
95369
95693
198209
214551
236706
38947
36073
50959
58474
85180
32013
18596
27623
29419
31379
36828
43292
45606
79677
80661
2584
16762
35346
46769
49638
70528
77000
77376
22535
89127
15764
84185
35381
89050
7504
18104
23012
25248
40335
45427
70414
84362
17213
44586
69744
59382
91052
18573
40406
55598
60667
61769
68838
71147
78053
82602
48725
11381
12426
36958
39170
62584
62790
66795
67785
68192
75743
90356
46437
88858
26727
39499
23799
53095
58159
20999
38502
37401
95085
74667
97211
97954
96163
148379
41780
24951
14551
30293
19903
31960
41113
52307
57884
67495
67664
77118
78150
88161
91534
164440
170785
179343
192959
204113
210359
219072
225731
83602
50561
75475
50184
12393
33815
3104
6413
6514
12246
15939
18386
21222
21227
21653
22261
24189
24426
27994
28638
28888
29387
32987
37458
38138
40770
45681
50216
53635
53680
57820
58348
60710
61365
61627
63273
63548
64686
66868
69526
70748
72063
76167
81189
81231
83477
85119
86600
86882
88810
91178
91344
91417
93870
94610
160126
223086
62140
48819
41184
22302
24262
33799
38418
54522
72053
85501
86724
88108
3363
39403
54608
58918
81885
91953
171446
49726
52547
60206
64587
73070
79451
84093
86996
153204
162929
164733
165248
172962
187508
188009
189228
197183
202128
202778
203415
203877
208092
208533
210873
211601
213702
215843
217336
222336
223606
227711
230331
230807
232444
234870
240269
245069
29447
32902
45102
45708
45925
46674
47205
48463
49322
49577
50464
50504
53845
56172
57507
58565
59903
60260
63674
65304
65780
66838
67934
70173
72274
74284
74496
81451
81619
82133
86718
87559
90342
90681
51121
75318
38704
28670
30475
5525
61073
96016
96084
96204
97611
99118
50350
65964
86521
28433
79565
211174
5624
166916
35923
48338
60781
21283
22681
25469
26850
48097
67198
83548
5630
21093
30595
34370
34696
34699
40283
46584
48313
55085
58885
59029
63288
65920
69119
69182
69535
73703
74304
74745
75738
77001
78228
84372
84636
85295
88768
90430
90985
153706
163468
165008
166454
167863
171309
173655
178617
191981
201975
206982
208651
213390
215479
220323
227611
229493
231302
237766
245658
7293
79470
56591
87540
49884
27262
19487
62735
220192
35468
17332
32603
54877
17835
41000
75380
51241
69707
4772
9718
58870
89799
228981
39224
19698
50548
20856
46549
67283
72681
7280
50877
66907
30968
21965
25232
26122
32330
46946
52131
53618
81220
47324
51972
61147
62216
76452
156879
178288
181872
213688
237694
18107
16671
28235
31562
46459
53569
57619
59480
68739
70515
71168
89088
96751
97769
69812
70572
88749
35017
71164
12823
40484
93335
172219
24754
27679
28825
33797
37591
37713
40316
40676
41799
42238
42742
52951
53508
54187
55161
56392
56832
59878
61255
62046
64484
64619
65032
68620
68622
69397
70756
71158
74441
77142
77760
81336
82251
83274
84037
84954
88144
90785
91879
91939
94379
211377
220147
45425
77201
165860
63673
180700
6076
27865
95286
42553
6893
30622
44367
47474
80685
162679
63073
223303
11636
92410
46138
91240
90960
51089
161361
44683
11471
86294
13752
91817
86868
148771
81448
51191
71160
52143
74636
157186
86549
95530
209218
33813
39088
57139
82644
55210
57391
61443
64116
65608
67411
69674
70854
70924
77083
77095
78716
93908
197806
199169
224079
226098
72958
53567
76511
6147
81715
224913
172153
21589
38141
39291
54444
70861
51293
173554
174815
226283
4488
24589
25876
60212
71985
6296
15224
15266
25122
34535
37364
44948
46296
48689
48805
56427
72571
80096
88350
88833
89664
86176
63157
46161
3231
22821
47759
50793
87923
8109
9837
13156
30728
45884
50791
64329
70676
75926
80333
80547
81290
29150
43487
88476
41983
35378
75842
29951
69013
172144
95872
74756
88377
89535
27257
16433
20912
31056
34690
45456
46944
54378
62214
65692
81821
82509
84999
32021
78909
25099
40534
10600
16032
21334
27531
36503
37313
39195
49601
50076
63875
69679
69769
75807
77222
80559
80793
85665
87632
90483
91204
92064
95168
95191
158408
176707
187168
187737
203749
209713
211197
214583
220128
224925
228581
7585
16644
30563
33262
46347
50199
54267
58701
64231
78621
86995
80928
173171
30430
183372
2811
15692
35946
36225
54587
70804
77405
63693
48518
41413
24269
46675
56300
57169
214494
27398
34248
52659
62404
65426
67885
74387
86957
87950
86615
20012
36678
74536
27668
176906
89001
34867
82721
68802
49333
10062
21348
77634
85465
90505
92407
96087
98979
161816
170667
176396
222023
55408
71944
13500
51486
52915
56096
69569
92935
10470
29465
39039
87522
26262
87180
92306
59178
61594
64304
11299
45120
210659
90389
81827
243797
28980
41764
58963
66740
50131
76538
9049
2988
16997
18367
46364
53923
66591
73477
78347
82537
58832
161530
45407
3825
88195
93485
54223
239769
38877
7769
17811
32447
49024
62463
74302
90668
94001
95521
3686
42663
45552
46211
53617
73054
78154
82444
84074
88704
19646
37613
32505
72826
28882
55432
10043
87948
93952
97509
175858
186121
191567
202009
246136
32269
98748
49876
68569
38633
44422
47661
48412
52358
52862
53528
63486
65174
65690
66400
70903
71105
76177
78808
83202
83918
34091
39844
40633
42572
49975
72122
54869
43509
45453
94111
20848
53971
43559
92829
16083
21844
64688
73642
20221
46352
61070
75257
13268
30289
34762
38584
40142
43032
48813
49274
56649
64476
81776
82972
85657
87716
7050
24264
44258
56047
58166
61345
75889
39813
40935
55136
61180
68526
84698
170204
188051
50066
68852
48220
65567
45411
27922
32880
33154
37556
44061
45429
52591
55552
64132
92679
45514
49298
97337
39054
29655
46963
2970
15789
34034
46892
55719
70385
30632
91380
70848
70921
7925
15613
17578
29095
31889
46344
47816
50000
50727
51239
56326
61830
64814
70211
77622
80367
80506
81408
88563
176586
179094
182926
183871
190312
198203
198695
206625
225440
225621
236296
236905
31780
80572
37523
54889
70236
173608
29038
64479
64905
19932
46995
54704
80548
91496
4739
79731
27401
27927
34774
72875
89916
12800
33603
86915
91567
4533
39075
58451
74086
47339
54051
35634
93495
35989
40113
43312
74952
168909
178649
185672
212550
233194
233390
240016
5665
95758
46424
47251
63943
12818
12956
14305
17988
23813
25752
26328
30199
33596
37841
43084
48672
49261
50599
53061
53928
56110
56219
57954
58015
58016
63042
67053
83025
83115
83408
84154
89427
173970
67714
58150
77879
211117
82833
16567
42782
78087
236814
45202
48624
78706
77591
12251
31629
35319
41559
45163
58695
60516
64226
65245
70506
79210
88345
90118
245431
43876
66867
90500
37542
19824
21494
27843
30690
39602
40495
66967
72244
953
7740
14612
15276
16670
23585
24075
24441
25920
25923
26069
28421
29455
29639
30065
31158
31235
32172
32414
33999
34432
34813
34955
35722
36288
37035
37242
38833
42230
43069
43110
43255
43587
43757
43858
44132
44407
45285
45341
45675
45995
46427
46632
46679
47416
47825
48144
48228
48346
48429
48561
48614
49180
49372
49479
49784
50334
50392
50474
50858
51336
51429
51668
51777
51779
52239
52443
52461
53218
53240
53245
53287
53546
53575
53718
53790
54098
54237
54334
54601
54876
54912
55203
55708
56386
56398
56641
56712
56785
57176
57519
58418
58710
59282
59296
59840
59941
60128
60157
60166
60188
60807
61134
61280
61540
61603
61615
62060
62104
62437
62712
63260
63503
63849
63887
63966
64347
65189
65232
65440
65482
65599
66219
66710
66715
66809
66984
67030
67128
67197
67424
67614
67645
67686
67836
68047
68233
68281
68375
68420
68664
68666
68671
68674
68694
68770
68855
69253
69522
69554
69763
70359
70386
70424
70469
70492
70834
70904
70937
71488
71489
71523
71900
71920
72081
72536
72810
73344
73847
74157
74437
74803
75167
75749
75963
75996
76665
76822
76911
77627
78190
78244
78408
78656
78661
78701
79299
79384
79401
79715
79764
80341
80982
81130
81583
81593
82072
82097
82517
82552
82564
83000
83057
83541
83611
83789
83801
84794
85059
85080
85609
85730
85874
86191
86267
86271
86371
86423
86647
87248
87294
87772
88223
88575
88873
88949
88981
89020
89947
90104
90215
90218
90569
90607
91294
91523
91768
92084
92305
92322
92468
92554
93451
94562
94975
95043
95638
154085
159702
160608
161293
161792
162648
163296
163369
167393
173935
176310
176376
179499
180076
184767
188197
194958
198611
201901
203094
207320
210089
212635
214303
216292
217164
223525
224624
233071
237110
237559
240030
246053
8465
46466
64297
90007
60445
159405
36257
57173
44838
78703
9314
16385
21905
24108
25801
31292
42206
90898
82139
27523
41637
47517
72792
87006
27210
55927
89304
75804
63624
76643
81131
96138
149303
152942
158684
178691
184290
199719
200332
228116
240427
15428
51181
181911
18438
47407
83465
91035
40502
62041
76366
87359
91063
91466
30167
29960
42696
69886
83698
91986
20938
22395
30546
37793
38002
54638
70517
14887
21450
6200
19050
28586
29101
32293
37797
40982
50707
53024
68502
76370
77370
87454
40919
41061
46219
56690
85416
86149
89534
32084
53127
80053
67630
36199
10556
70250
77259
80866
157299
10783
36799
71424
156301
66561
67210
74063
78606
88466
87069
10409
41956
3932
6997
38226
44793
70901
71818
68906
72091
72204
32836
35892
37763
39832
43928
62240
65479
73235
74571
82117
156177
160255
164095
165208
166234
170800
171970
181115
190149
192002
192465
194385
195057
209366
235203
62296
55308
79783
15469
22197
24503
39023
58861
65510
28869
44143
49811
68868
28510
39545
46894
81349
40731
11309
43267
83214
183640
57060
56283
14286
21638
23448
30107
51319
53358
54902
55731
57110
59686
59959
60346
65112
75545
84012
86072
77304
159126
184358
15221
35840
55138
3774
7527
15839
18515
25885
30749
37934
39554
39649
41888
42852
55299
55921
57436
67775
17271
31366
66026
71173
148578
156869
159901
181558
182251
193308
199920
200853
217453
220459
221156
223173
223994
224356
227559
229473
230079
232954
234464
234811
235242
237740
238541
241327
245734
245745
8709
44439
52603
61060
69500
95869
73794
77721
164
6539
13510
15658
16801
19475
28920
29090
31977
34693
36128
39924
40295
41104
44352
44369
48580
48594
50385
50770
52492
54058
56236
58010
58120
59171
60627
65217
66563
69865
70113
70214
71003
73441
76130
76703
77180
77456
78603
79661
80677
81483
81592
85222
86218
86622
88788
90026
90786
90926
91971
93628
94262
94582
94953
95750
95771
95782
96035
99109
148581
149284
169666
169977
173173
177872
185267
200377
200777
226693
57246
62921
222091
69024
82534
89871
31900
153107
7306
11576
12397
14054
18033
19076
21720
24767
28077
29614
31334
31577
31757
34096
36886
39145
39911
39929
39985
42195
42210
42233
42641
43271
43440
46794
48283
52678
53791
54417
54816
55381
56056
58097
58299
59275
59809
61492
62587
64113
64217
64311
64627
67606
67957
67984
68697
70476
71801
72968
73201
73604
73761
73935
76109
77317
78812
79322
79459
80377
80388
80624
86507
86841
88040
89242
89990
89994
90504
90964
91805
92270
92842
93209
93250
94603
98234
154782
159264
160091
164010
164847
167908
175065
175476
177197
181291
185026
185364
190895
198550
198710
200795
202242
202787
203072
203947
204434
206198
218313
223178
225944
227155
231584
232097
241248
25310
46854
61036
20004
41946
49305
46222
46763
67578
74449
81060
7755
21171
35861
68589
42026
179908
91910
84111
92536
37939
39063
43382
45971
58756
65132
67102
76168
71764
31386
57552
28321
76292
24981
47999
50259
80524
88379
83456
69116
93637
42341
22640
53643
12075
26138
34144
36341
55087
55368
77536
87019
89101
90886
165452
167975
181175
213445
244089
1437
14899
25665
31036
34310
43913
58548
66348
38675
61747
83356
13182
36960
40911
47572
48359
51105
52955
56666
58990
60528
62097
64024
64168
66683
68956
78751
85482
88725
91563
93388
1415
57435
68957
169206
209702
4882
17380
21005
45583
83648
84948
66975
31461
9270
28012
36561
41255
46453
47267
47855
49977
52848
56852
57611
60321
61235
61566
62449
68494
69274
69479
71698
77865
82891
88390
89227
39445
58498
76431
22588
32185
34604
41036
74200
78715
159548
36429
60804
80277
1337
86635
39939
13986
54931
96454
97110
20988
38986
59216
194454
40528
51397
55867
66728
70588
81527
85541
162933
54184
15369
18493
21229
46107
65736
67797
79602
12869
16763
26904
65875
65996
74123
75367
85038
86106
88534
160103
180088
185589
194157
216189
225052
227352
227489
233364
41327
72243
12530
23184
26456
41452
57255
70620
73318
78379
85367
208184
52078
173016
192128
209421
224127
217790
6317
24351
40990
46834
47789
50622
50651
60406
60911
63458
74491
75809
81490
85557
30420
51578
51792
55639
65804
87365
87008
167319
20911
11307
12074
20143
24307
30731
34869
36307
37938
38292
39043
39659
42411
44038
44822
45970
46454
48236
49470
49490
50197
51205
55998
58302
61380
62978
63916
65388
68107
72418
74109
78333
79606
81207
82269
83123
83780
85171
89632
92669
153181
18370
48320
92991
80445
159825
48008
45805
7013
48187
24325
38793
52011
53383
84470
207046
6166
8271
23465
44929
45096
49966
53654
54559
57388
62243
72398
73858
82908
83849
7991
9056
9145
13644
18497
20885
24259
33085
34054
36304
37193
37604
38399
38434
41749
41796
42904
43749
49847
49946
51821
51876
53885
53996
57281
62721
64590
65622
66678
66931
67264
67340
67417
68021
68863
70529
70571
71265
72084
73075
74954
80617
83385
87263
87373
92915
94951
157832
162282
184013
185165
187519
187796
187879
190661
203811
205394
206813
213718
215635
222234
224603
226544
236685
241334
242703
245563
245959
31037
75371
14348
44194
69089
21273
28017
28902
43781
51401
59771
65496
78397
62811
8745
9836
34147
12270
32929
42517
42587
51406
59018
77942
59098
67708
81471
86703
71603
41103
35438
62135
75907
84728
11695
53559
83975
46068
78382
82766
88974
159406
165907
171277
187350
198206
72699
33735
12424
26582
42307
42604
63726
68045
70523
77819
82651
91392
94616
190657
94848
60210
34005
26264
27291
49088
82419
29066
59870
37744
52015
52796
63039
68822
80111
7866
10935
13629
13844
16269
19380
23105
23894
24327
25785
27641
28182
29429
29996
30937
32291
34104
35914
39071
39364
39910
40222
42068
44403
46320
53133
57434
57701
57991
58612
59304
59337
61205
65194
65204
66930
69893
70886
71368
71838
72445
75988
76259
79242
79885
81585
81797
83516
84744
87687
88362
88877
91895
93285
95178
7702
32456
62797
71464
86812
203023
55180
74821
27496
81611
3961
28534
33150
55117
67618
85130
61281
49720
17837
26339
26885
29986
42177
49540
51368
53707
70289
72240
84113
79649
94824
34583
43825
49898
50986
63878
79381
79721
82287
83519
85571
85666
89386
94724
95901
96384
30013
96148
96405
97232
98083
108294
151334
53866
63583
85464
86951
50163
93317
35120
50957
62810
85439
43581
3973
13060
23393
32922
43479
43798
51928
61648
71857
95972
155221
163696
221476
236802
237032
237960
239843
244965
32702
74082
90452
154938
60271
64446
90603
210083
30892
33319
40659
67489
70524
83422
27320
54170
22154
1383
73438
82773
83322
208517
17579
18058
32466
54664
54853
58223
58762
68385
75050
79543
91157
95350
201168
246259
39420
50103
69737
71735
72975
81513
88946
203742
82248
84170
25805
30804
31288
33332
45415
47229
48890
50186
74321
87116
91161
91438
93964
26650
29657
35005
57605
59778
70604
33730
64969
67586
73265
77961
78519
88408
22577
22909
30609
32644
35280
35907
43014
43247
47348
48578
50869
51345
52190
53976
56925
57603
60868
60892
61844
64233
70196
70253
71374
73844
74410
74878
75998
76042
76190
76931
77330
78477
78888
81115
82006
85094
85472
87979
88346
90904
92754
93087
94519
156078
160227
167108
175675
179367
181604
186259
192328
193955
198759
201368
214239
232647
237137
237959
178988
54585
187221
212318
70564
38210
52488
53119
54139
60452
73299
76492
27609
37367
72898
63455
40819
47512
58304
72198
10295
57976
20108
40248
53543
63435
70413
71871
72467
76870
78941
223664
246522
17805
21852
35118
83521
95913
197634
27315
43935
73863
7447
46804
61374
68146
70313
74799
78054
184585
44671
62834
92966
55352
48199
61569
7399
15577
36494
37774
41685
58844
59653
64872
83485
83790
1914
74025
4469
92659
44890
26060
37152
45165
53268
53455
57354
57463
77860
84845
92062
7656
37507
186881
37517
44091
152104
91255
77886
86385
72541
81427
43155
87641
224718
18208
25079
3029
65755
80439
21465
34523
4485
24321
45783
26607
30455
54942
81358
93550
97831
168780
171326
171454
184985
185225
194723
246236
33004
166397
40569
42593
21991
26215
26231
30995
38815
41572
46839
49240
52860
55957
60705
65105
71642
72518
74714
80671
85317
85713
85926
191518
80018
40188
59192
35294
40556
31525
58896
71408
74903
85321
7316
60824
30790
15656
33401
34711
50938
51467
52794
54138
57215
65838
75606
95013
12172
27258
56542
58646
65757
75461
75725
13925
22401
23905
26698
29709
31598
32410
35133
36816
37534
37944
40259
41980
42214
43071
44420
44526
46404
46880
50196
50388
53182
56115
56459
57644
60306
60350
62385
64402
65136
66668
67787
68041
68203
68745
72075
72848
76381
76860
77620
77759
78638
79881
79940
79961
80433
83348
83524
85615
86186
86348
86764
87973
88513
89506
95446
148489
150371
152967
153051
158749
169367
43294
43398
56476
58680
63767
66950
80213
9519
39880
49698
83296
31625
46738
70254
91880
64375
82544
79935
63746
16274
65659
91940
94047
95784
48180
49743
77704
9762
65358
10370
14667
22078
36223
47392
52689
52928
70595
70914
76771
80075
90205
90983
93809
94118
156878
162531
173068
176162
184203
186000
190670
198120
200241
206851
210218
213420
217452
222302
228548
230149
235801
241271
55688
78572
11923
37163
37740
50151
55387
68978
16029
28274
25211
32055
44359
85993
75247
12009
37800
8935
10221
22341
23200
34035
36204
37848
47290
48069
49168
50274
65015
81194
85105
4991
34421
35936
41951
63863
82705
85000
20540
68279
28021
34963
37111
48911
59922
67257
68531
74193
80650
54828
57662
91610
94192
97086
103153
153883
160653
165357
172217
178000
179573
183169
184030
184561
185771
196010
200521
200922
202094
205608
208272
210535
214935
216902
219809
220971
225472
226660
232948
233173
233908
236455
238606
239845
244452
246637
74607
18899
19391
19616
22689
29361
36818
47181
48564
54657
54775
56805
63319
67577
84399
86631
88232
88932
89255
92093
34044
49442
93788
6128
48382
75067
189638
19589
48070
86403
54872
58576
91648
178381
242115
76660
193930
18461
32828
84076
6956
9160
11599
21379
21407
22237
22660
22776
22979
23229
23914
25437
25683
29722
29758
32366
33212
33465
33594
33757
34480
34687
35411
35457
35556
35741
36203
36529
37083
37609
37684
38198
39431
39824
42125
42521
42785
43074
43170
43338
43432
43560
43841
44579
45378
46097
46555
46628
46661
46712
46809
47037
47234
47860
48663
48738
48756
49258
49327
49448
50432
50558
50997
51182
51351
51398
51484
51543
51690
51816
52041
52501
52510
52818
54406
54531
55252
55321
55445
55545
55668
55761
56310
56448
57109
57420
57461
57466
57578
57583
57714
57928
58272
58596
58765
58904
58905
59028
59261
59621
60092
60566
60614
60971
61000
61008
61012
61330
61502
61681
61687
61810
61887
62014
62084
62613
62629
62927
62964
63340
63418
63512
63581
63622
64301
64388
64736
64997
65743
66148
66157
66609
66634
66833
66968
67067
67080
67247
67327
67361
67494
67565
67718
68139
68191
68238
68859
69252
69281
69637
69998
70041
70327
71788
72132
72258
72513
72526
72876
72942
73002
73164
73185
73348
73646
73729
73962
74371
74431
74506
74549
74634
74862
74881
74965
74982
75423
75476
76119
76417
76454
76482
76572
76934
77099
77398
77453
77748
77780
78015
78059
78659
78806
79544
79620
79684
79695
79833
80015
80389
80471
80840
81368
82044
82265
83097
83109
83213
83292
83665
84001
84118
84179
84335
84376
84679
84812
85199
85203
85484
85635
85792
85960
86221
86489
86634
86672
87269
87280
87356
88028
88154
88222
88254
88624
88762
88778
89240
89250
89430
90016
90383
90418
90643
91152
91951
92102
92230
92244
92564
92626
92642
92768
93336
93357
93502
93823
93853
94234
94315
94567
94751
94983
95220
95704
140161
148653
153254
154548
154591
156236
161344
162714
165691
166870
168343
168651
168939
169978
171658
172553
172876
173009
177228
178256
178338
178461
179228
180649
182979
183763
185685
186784
186891
188719
192074
192566
194672
195053
195831
195889
197837
198149
199545
201069
206040
210734
212605
214434
215217
216382
217247
222316
224957
227198
227613
228704
229676
230909
233841
236649
238536
239411
240165
240199
241737
241879
243080
246415
16969
36595
60840
71305
71387
91155
94394
21077
81088
27422
47492
76787
35043
88639
93348
93902
32304
34996
37086
38478
40907
41860
54425
57450
58247
64338
66391
72626
86121
89420
30821
45696
23524
52439
90012
86712
68253
76940
78222
20109
33608
41028
47121
53812
64543
68940
74062
32888
32963
38762
52972
53627
79906
79907
91232
92760
96197
96484
167600
182102
212025
218821
222554
231771
238655
247118
18512
19116
34620
45664
46564
59231
71634
75994
91125
93409
26912
55386
62773
70451
72758
41697
58523
205694
48064
65550
74050
78576
86520
44986
72401
82546
72097
33403
90277
5377
19007
36537
59600
67715
69561
78193
79013
81002
83006
93121
34080
12742
94411
55976
74961
82261
84060
164369
49157
66947
36700
6871
59782
97008
42493
95288
27967
12114
12522
21224
22829
24614
27861
28070
30554
31081
33193
34291
34442
34555
35864
41506
41961
42920
43380
44614
47168
48247
48376
48774
49349
50470
52327
53683
54195
55888
56410
57207
57232
57387
58283
59541
60238
60249
62428
62758
62872
63264
63929
64314
68479
69964
70396
70419
71381
72561
74402
74465
77462
79500
83264
83444
83662
84610
85259
87015
88162
88183
88246
89526
90029
90102
92057
92753
92851
93421
94654
94904
8342
44078
53256
70454
73759
47145
48582
61426
65695
66098
75142
75644
77826
82153
84406
86007
88831
157057
161304
179395
184092
185541
190850
193828
204959
206299
217704
221977
230811
239080
239490
241358
245048
58894
24390
29560
37554
70267
85632
87172
239166
76305
56725
11202
51262
76678
168177
189347
1276
10946
16776
34289
38743
41579
45915
49007
49348
50331
51814
56470
65787
67845
68919
70688
76104
80331
81253
88205
90127
76640
82118
32247
74526
6578
15611
80189
60872
53637
9656
47472
45866
70057
95662
1907
33061
43850
85477
55067
983
21026
60996
89383
94938
40098
14539
45717
48136
54833
85527
148548
8965
10449
15252
17950
22160
23463
26323
26905
31301
31773
34980
37579
37857
40871
42482
42584
43701
44009
46226
46506
48815
50001
53762
53808
54311
56859
57525
58007
58344
58848
59503
60994
61663
62368
63126
63299
64984
65860
66080
67379
67730
68026
68115
69607
69879
71010
71680
71873
72251
72771
72788
73154
73340
73423
74448
74891
75811
75901
76985
78577
79413
79897
80162
81365
81946
81969
82566
83093
84024
84091
84103
85459
85569
85729
86216
86291
86793
87152
87368
87818
90345
92140
92592
93523
94647
94715
95198
95439
150098
152183
156930
161737
167883
168372
175126
177512
180756
183420
184262
185766
189468
198000
201886
204023
204668
205300
206048
207088
211503
211719
212236
213012
216007
218329
221295
227394
230234
230910
233848
234105
236974
238395
239460
242191
70927
16256
16700
19676
20326
31553
31769
34714
34991
36798
42530
51296
66034
78327
32486
193316
153135
18059
30390
35110
42288
45446
63501
67464
68803
71927
83052
29102
38867
39531
40594
43269
46127
52713
59518
62989
64025
76501
81103
80692
92824
95113
83398
88474
79870
85164
56598
69343
13493
54749
61101
63601
71733
154593
162084
164951
192298
102905
21565
29267
36773
41409
56415
58727
62348
65272
75027
89745
4548
37059
82848
59061
70502
29063
69072
74040
75563
89763
93571
158844
169428
227364
87140
67085
18316
57130
19360
91753
17484
42329
51887
58824
84120
171893
13887
30625
32091
32651
38882
39743
41305
48005
48571
51079
61807
63862
64879
65927
66073
66271
74887
76255
79831
80565
81502
47217
222017
59700
61535
44234
84031
12255
25474
33664
42388
52735
60367
74179
87147
233140
68668
93500
60315
17463
18228
19972
34309
36394
38112
39037
44083
46188
50073
59964
66877
85662
92144
94943
95977
96047
97369
96272
97580
23765
66488
77542
46727
63062
25847
74380
22422
81406
9470
14758
30707
38173
55099
64242
69529
78548
80415
82913
91034
95045
183737
189406
195099
195978
196095
202280
204491
205591
228617
32341
94916
85210
67950
22462
57597
65948
76312
52393
58672
77778
67872
59407
6500
10094
30224
51638
75338
7114
16323
27768
28536
30580
39413
40631
42675
44624
49635
49779
51354
51548
52720
53275
53877
54469
56055
57955
60665
62047
64430
66031
67074
67697
70508
72447
76266
78988
79784
80160
80401
80413
80663
83937
84336
85426
88577
88698
89301
92576
94127
166007
170103
237593
44652
70718
95146
18397
26152
36618
62546
16055
22852
38258
47646
51845
57596
59585
64345
69577
82278
44878
219055
57524
73830
59563
2389
50427
62942
24899
95879
95990
96717
98076
27337
35575
56986
57931
59161
64399
65902
69004
70312
82166
88300
88806
47868
82400
153602
78877
91559
10568
19171
21432
28839
36364
38574
40308
42483
45460
47081
49089
54982
55749
56754
58198
58230
58329
61716
66133
68182
70409
72355
75645
75913
76928
79735
80700
82026
88454
89037
92546
93178
94555
184131
185020
187558
188335
213900
218140
218990
219344
223154
227780
228131
228661
230281
230939
232082
234459
235920
237065
239748
42594
29068
9157
48927
34317
49179
33151
18744
59386
31743
94396
66505
91253
42100
28845
37951
60099
63522
79770
60051
63945
89475
50123
70558
55256
14964
62398
19607
29733
35763
42799
45825
64400
102967
158670
179093
186866
187430
187631
189335
193137
198823
217421
245740
246713
228701
25404
22955
27255
63720
66352
70367
72632
82337
89809
93133
42700
55845
7826
62068
69551
3797
4957
5557
9968
15009
17809
18614
19590
20845
22727
29674
30179
33772
43632
58339
60234
67262
82959
10617
43496
71651
46702
217289
66884
41438
81828
12166
26121
35602
40176
41062
43582
54335
58669
61857
77209
79241
91373
11970
214473
22961
24252
58284
2352
7688
13052
13247
15635
17632
18265
19063
19728
24462
24527
33709
33833
36072
41048
43884
45007
45334
46634
46888
48942
51881
53284
53780
55564
56029
56165
57093
57304
59181
59432
60712
61261
63810
64081
64273
64349
66330
66636
68872
69192
70416
72008
73120
73336
78570
80602
81047
83977
84258
85292
87171
87242
89587
91569
93230
93671
95171
95667
151351
66065
16200
36759
40431
59064
65625
86158
91307
94639
29899
92119
50394
27378
26610
53479
27284
57731
52756
69547
75902
79328
87162
30058
16807
84824
93920
41562
40837
91704
17236
23084
51223
94174
94392
94536
155919
167167
172253
178976
186669
188889
227362
237084
36197
30904
28305
28524
33811
169823
23066
59500
68024
31885
50532
155096
39487
59075
73639
83392
94725
4806
11075
11270
15446
29944
34084
42688
43804
47203
49001
50201
57095
63084
68390
71208
72881
76004
88194
94425
59375
73227
215050
4116
29776
48462
49535
55348
71759
88445
12392
17226
41355
11850
13036
13396
16977
25610
38555
46128
93167
163956
49075
66504
12349
14716
17990
23108
25647
37272
44885
44952
49216
55883
58405
60881
63569
65414
66569
69408
75195
87870
91430
18636
44668
62828
92781
93363
159582
172941
68738
32611
39062
41850
59724
62824
69963
72044
79280
83660
33062
24969
81570
25717
32563
34898
35910
36781
52039
52727
56393
67943
76805
83678
83899
203684
13776
82054
55917
63198
74254
93067
19144
28796
31791
35491
37585
37822
38746
40114
41526
43951
47538
48003
49045
51614
52155
53003
54793
55780
58781
60230
65324
66055
66990
72358
72515
73188
73395
74418
75088
81300
84246
86873
90938
95316
152531
157152
171493
182018
183110
186491
187690
188899
194549
196779
202747
203611
207261
209938
236633
40884
82470
61503
65276
68360
40444
70583
67873
72194
148881
182505
72291
63272
4250
6685
16462
17433
17552
27985
30922
31772
33055
34112
35601
37464
37618
38354
40120
40583
42899
43052
43843
44118
44397
47850
53077
54990
55436
55858
56612
57203
57220
59599
60612
60846
61949
62201
63718
64295
64364
65053
67610
68806
68829
68949
76302
79526
79959
80023
80287
80858
85627
85810
87547
88055
90654
92021
93715
94738
214084
220497
30612
17343
81367
88982
20688
28143
29934
33758
49487
89324
12531
59661
9062
35693
39076
45499
56232
57350
58724
62109
39603
85950
46778
47513
74160
91433
95916
108942
151243
159472
164701
171969
174903
180607
182441
182955
186055
187024
187349
201972
216708
221550
227297
227746
229862
229870
231582
235067
236947
237953
240813
240975
242416
244233
246391
58890
7343
21303
22489
53950
55032
62256
63489
64951
66264
67828
80070
83160
178642
95845
96192
97310
97981
98248
98332
102950
83441
55440
60540
68019
78573
79608
82944
92750
78944
3416
29297
36067
48834
55143
62724
16121
18613
39026
40834
46624
53806
58191
77650
78498
78851
83342
12921
67458
59702
95235
64207
85881
31968
164241
32379
59208
7254
82687
48481
86630
34802
54855
78823
78858
81972
6606
30303
48172
86377
29835
28003
36254
38703
46933
54929
55450
55832
56225
61678
85300
90107
93848
77623
86956
96029
96219
99731
154572
168890
178493
189554
201699
202225
224316
230130
21196
43178
64211
20280
25502
28095
29704
35257
41853
51081
52373
55489
63043
81549
82756
84833
94175
168991
3861
7453
12773
35444
39612
39894
48380
50659
51320
55745
56194
59631
61611
61969
68498
73278
76735
80480
81978
84872
87391
88414
88681
94409
23006
52671
68159
93534
94912
80440
47587
70563
92304
15536
17694
49096
69293
83783
48050
53698
54226
63566
86528
94181
94452
45730
60779
70845
71076
81564
224507
164927
4401
19702
76706
78931
36651
48373
57532
94535
51967
61331
76579
96678
96733
101194
44177
51460
53432
61143
79489
14015
24500
20755
63356
13010
37693
66793
42467
66775
2667
10513
12057
17646
18602
23590
27940
29668
34411
48316
49449
49655
53220
53437
59477
64117
64163
71865
75044
82270
91716
95649
167449
181299
186081
204498
213441
217640
222007
224726
229538
244039
25332
27881
31714
37561
37653
38835
41661
52932
73064
81624
87694
88259
89015
91954
54001
152119
36279
214893
29760
60831
67968
78286
51510
174208
207796
235939
11646
32943
34177
34808
43525
43702
49917
60459
62003
72707
74701
76300
94726
148763
36527
50963
56039
56143
66830
90595
61625
31701
64112
46907
57441
79823
44967
69505
66602
8361
18862
45957
19943
52624
25943
27495
33195
33457
35747
39240
67622
67742
76063
90736
193649
200217
21774
221009
39211
55148
207597
41705
65498
84101
4999
5993
6709
12136
14425
17141
19065
19837
21326
21947
23217
24395
24418
28359
28583
28871
29286
29437
30660
30963
30991
32333
32403
32600
33540
34060
35003
35639
35772
36045
36704
36811
37159
37771
38003
38057
38550
38697
38736
38868
38957
39887
39888
40133
40465
40879
41400
41611
41674
41729
41789
42007
42549
42945
44081
44366
44499
44604
45080
45422
45435
45576
45629
46017
46183
46415
46918
48269
48365
48902
49579
50119
50353
50376
50386
50987
51270
51485
51747
51807
51808
51866
51998
52097
52325
52385
52425
52592
52798
53416
53449
53488
53507
53912
54325
54424
54461
54526
54654
54969
55151
55245
55300
55488
55561
55782
55805
56648
56656
56976
57128
57131
57361
57453
57506
57685
57896
58110
58170
58543
58639
59372
59692
59750
59781
59814
60257
60307
60645
61122
61477
61614
61884
62125
62504
63140
63235
63449
63491
63531
63613
63628
63703
64175
64189
64386
64825
64869
65002
65034
65128
65152
65381
65680
65722
65818
65825
66150
66346
66354
66438
66506
66530
66557
66685
66800
66949
67011
67165
67207
67274
67339
67385
68315
68991
69278
69364
69432
69593
69612
69776
69840
69987
70231
70323
70724
71273
71277
71411
71654
71702
71772
72013
72404
72769
72900
72930
73296
73317
73347
73597
73766
73906
73955
74445
74446
74503
74564
74986
75022
75223
75277
75358
75543
75818
75968
76364
76662
76856
76998
77329
77686
78091
78121
78145
78325
78415
78422
78553
78666
78842
78916
79325
79345
79528
79745
79803
79887
79951
80069
80183
80954
81027
81031
81094
81223
81227
81273
81461
81550
81622
81682
81890
81949
82037
82198
82263
83020
83328
83426
83831
83842
84156
84293
84534
84674
84821
84841
85179
85244
85563
85719
85753
85814
85897
86736
86820
86821
86900
87306
87347
87376
87459
87685
87915
88292
88371
88495
88863
88892
89045
89076
89142
89356
89384
89403
89435
89703
90135
90327
90559
90599
90717
90997
91472
91497
91994
92392
92459
92709
92807
92860
93247
93855
94088
94242
94360
94729
94799
94805
94955
95262
95307
95426
95634
95643
149988
155436
155652
157761
159574
159691
167607
167739
171328
171449
175302
178466
179875
180560
183613
185176
186200
187852
189625
192928
193993
194100
196714
200099
202579
202631
202965
206602
208159
209037
215242
215582
215691
216102
219655
221986
224870
225068
226319
227233
229989
232182
241259
241548
243573
245618
14952
47391
61854
69921
73681
82243
92413
13146
66338
68283
71590
20322
22342
23780
32883
39089
43366
47128
48047
50441
61483
67381
77960
78809
84189
94305
33751
48151
55421
72831
21742
25163
58879
47249
75920
15386
20076
31712
32772
35019
38311
39275
54450
55684
57167
60288
64005
84709
9554
151371
36493
12499
35060
64780
66787
66789
70681
76786
14088
33626
20673
46252
70489
89951
79609
242476
921
23440
24840
30242
43144
59329
85490
96077
96410
98567
160480
160597
197536
214243
235592
240131
73551
82568
94872
38082
91759
56467
58425
88429
159071
200717
70691
73013
81042
84567
24106
39801
54356
70960
39119
78631
95824
9322
12911
35548
61499
68247
78233
158930
63751
70702
12303
22085
37700
65932
74159
75527
76653
62319
77348
167792
208730
13949
17139
18699
181368
51268
24633
37606
46108
63870
68189
94208
97968
191628
59427
95991
96043
96400
96414
96775
97549
149253
152062
72329
80246
36555
53763
54858
59481
69276
75399
77239
86156
88622
148294
162910
175134
175548
179610
179624
186575
190335
200455
217803
228866
228897
239705
240386
242357
244727
86771
2245
24454
95793
4817
71140
73432
59887
60173
25668
27229
32280
62401
152081
95296
49355
61199
81096
7829
10067
25369
40198
43078
50852
51212
52380
72385
79024
85683
90091
90093
58127
21141
33096
79585
77943
40427
47172
49126
165923
5594
7228
17096
24117
24551
28456
30582
47294
49882
59574
70679
82680
83233
87952
89826
90581
93956
169199
11373
42662
5613
15490
17303
18215
21737
28020
30567
32056
32201
32743
32807
34593
35269
38004
40741
41279
44884
46156
50410
50634
50782
51918
52124
53216
54111
54829
55399
55457
55634
58699
59022
59307
60503
62137
62438
63923
67962
68308
68920
70268
72212
73425
74116
74256
74604
74691
75245
77250
78041
80973
81032
83126
83517
85690
88776
88970
91207
95400
155026
158927
162561
164378
169826
178416
225590
15869
19356
24618
26100
28071
28152
28277
28342
30060
35757
37386
39449
39494
39862
41335
43672
45774
49212
53255
54299
58726
59526
59650
62893
64620
65004
68239
68491
69065
69463
69986
70370
70722
70843
70891
70905
71357
71441
71998
72236
72974
72979
73223
74513
77571
77645
77682
78180
78660
79396
81151
81271
81738
84379
85853
85928
87158
87507
88169
89352
89910
90329
90350
90382
90524
91289
91419
91808
93146
93220
99652
155119
162211
182112
182457
182627
190711
192048
192369
195351
197271
199088
199823
200791
201128
202865
202979
210367
215956
217109
218246
220687
235082
235116
236511
10928
36469
58540
18847
76835
180671
12696
76288
25528
38878
204138
22143
31982
45770
47893
51901
53409
53968
61364
62788
78971
75431
73240
6580
27696
58417
36989
28016
41081
53533
67455
20890
26867
52017
76203
23715
39227
44347
68091
72940
73020
75593
77584
83805
88736
98375
107767
107794
162098
162856
165814
178484
208127
211988
213781
219230
234879
244633
245362
15709
24404
96083
8382
8909
10664
10948
11328
13431
13465
17518
20992
24525
24898
25890
26322
26822
27557
28570
33050
33099
33851
36402
36668
37375
38871
38903
41108
41267
42136
45961
46395
46798
46846
48784
48802
49651
50171
51559
52348
55660
56537
58394
59389
59757
60062
60836
62682
63719
64716
65475
65961
69110
69501
71294
72732
73215
76567
76867
77168
78279
78464
78920
79449
80965
83758
85373
91247
93720
204178
51594
63721
70577
4641
48389
59225
13705
18572
39671
66680
72255
82035
194237
28168
38656
238310
9187
15409
16033
17340
21812
22939
26941
30826
32765
39228
55914
75504
91850
19216
63882
67237
71133
23555
24730
28273
30775
43486
48628
58409
62264
68307
68918
70309
71252
85750
88243
91981
8283
52003
24243
30538
39472
41136
45183
46557
47108
48175
51090
62239
68186
68397
71367
72869
73018
73136
79155
79801
79835
81319
81748
82652
84353
85799
85802
86327
86340
92444
92494
93784
95501
30374
39587
9462
25694
46999
79931
82283
53098
65705
80792
190000
46625
10668
56858
62614
63596
75332
10354
23628
67037
71881
182621
18478
29862
40627
43133
43325
62279
69062
75360
76668
79647
89439
91568
92129
92582
93859
158584
160257
169898
170971
184761
189239
190728
191663
196151
197455
201503
205174
211008
224284
230389
246147
68118
83896
6674
71220
94695
47905
31186
71376
51021
57675
61995
72062
92978
37845
40307
56871
61930
64850
7420
22674
28584
34655
39271
42954
43508
50345
57814
58234
80625
84749
87206
25382
14504
19585
28200
32230
37234
41582
42938
44616
44872
45113
46590
48222
51086
54412
55984
56180
60179
66054
68153
69765
70304
79631
80901
91681
92547
93000
95260
10594
21586
28167
31946
32729
35030
38749
43925
44833
46690
46736
47698
48309
48716
49483
49777
49816
50369
52879
53243
56634
56797
59639
61892
64864
67617
69235
70566
71439
71793
75581
75983
76346
78479
78998
79179
79583
79785
79979
82474
84184
90606
91703
95130
148856
184352
224535
70356
70884
73585
83960
86297
24324
30823
70664
86775
90164
230093
42179
65534
36692
13823
39424
55935
57393
58719
59052
71120
86018
22714
23334
30534
31119
32813
37563
40656
41285
42262
42543
48090
49358
49452
50039
52035
52648
53943
54238
54923
55039
57294
59812
64054
64738
65068
67558
67615
71402
73632
75756
76368
76788
78610
79781
87494
87511
88585
90646
90669
91431
95377
149686
151921
157016
157499
158054
173741
181397
191563
193037
195766
198497
204945
209615
211635
213165
216068
218017
220168
221135
222911
224283
227208
227661
233337
234606
241818
245058
72220
28822
16619
65583
59598
61295
82975
36835
84716
86302
80732
7223
36295
38585
86210
7200
16502
22769
31418
34502
42275
48860
50712
51012
51550
65226
78130
79570
82630
88268
94085
45963
67735
88279
48820
25154
30943
34187
34903
40412
43053
50023
50337
54146
57656
63089
70460
79506
86563
96731
97009
97359
98764
102895
149040
163939
171670
179884
179894
192705
193710
197367
205260
207376
208102
210345
210428
218338
220033
221496
225642
226540
226763
229248
230289
230436
237434
237604
240495
243004
243732
14216
33184
34676
34986
38158
41376
41493
58841
68445
71537
74779
77829
83523
84941
49757
74712
95802
98769
3249
39132
48565
65048
71461
72872
80706
83638
90656
95442
29595
89595
162878
18784
15953
59884
32617
32936
39051
82956
14091
37863
43185
94002
184911
88435
48041
51468
84930
27914
41557
5177
67560
77613
16495
20408
28815
56794
76941
82014
14524
71398
92025
30364
54507
17183
22483
24031
27241
27587
28830
53720
55200
68707
75118
76798
92496
94713
28355
33977
34913
78399
92309
94287
96753
99299
157044
175393
185544
193928
194849
198283
206252
214812
244022
244641
26077
56972
60669
70522
83765
84540
99325
5172
23180
25314
55811
56142
79286
80365
84209
94798
191372
35471
44184
44294
45406
56391
76601
90691
168815
31008
51954
56042
66446
5539
29421
39199
51937
65853
66356
72795
79097
84272
234960
64317
74420
17767
31002
45584
59789
65306
71326
72149
76949
60397
65219
81288
30148
84218
236927
93602
18540
95852
98531
100283
28821
48181
19029
19990
33246
33404
40921
48188
48693
49658
65856
67441
68030
73499
77976
90136
90790
91469
95539
63063
29732
49596
80761
83876
8447
8525
22801
25260
27621
28362
28422
28666
30704
34852
37380
51622
58483
62131
68222
78040
83313
85958
87546
93738
5929
26819
29977
43054
44964
44985
45389
46413
52374
57452
58853
66430
76629
77672
78468
81433
81741
82993
84046
85478
86358
89361
92598
150031
153926
153950
157141
160040
163780
164213
176071
177883
183047
187273
195508
198538
203534
207648
210373
213236
218337
219001
221598
222963
223917
224956
228594
230903
233105
236888
240574
244941
67678
69827
93418
219085
21175
25574
37173
37871
52238
61232
84664
86997
93856
167742
197266
218367
36917
49250
64950
21778
35733
46323
70561
79999
88656
71725
37760
78081
17733
18108
37675
44569
55796
61148
62657
66251
69514
81228
91969
31120
13771
21168
47308
59521
89482
48468
58549
66571
160281
82149
217112
7933
29012
31554
50175
54447
57668
77423
91630
41419
42708
54118
55475
62415
67060
68650
71275
6939
29162
35009
39314
47027
49131
52217
53825
54178
57736
75240
80643
87203
90815
95361
39575
73963
75638
199662
48037
42242
36028
62284
33441
169103
63151
85994
42442
7823
18025
24035
32434
40155
40936
41891
44435
47885
49721
54032
62222
74324
74726
87960
88600
89338
89617
90366
52828
33898
50167
82409
8943
65126
28875
93518
50703
31815
75121
35561
44700
58281
59323
63614
67634
68917
70014
76912
78983
152141
162600
164943
187163
195389
239513
240559
245320
245744
50555
34514
48650
95996
96838
148684
12308
26293
37350
48018
50391
50748
52279
52780
54339
56271
61398
62328
63567
64963
65266
66110
68481
73248
76675
78787
81844
81893
82951
89064
95580
21051
41992
57325
86659
5105
16903
28568
71279
17834
62982
16749
29983
55964
65346
53622
72150
17917
19109
46936
92606
29511
92870
7053
9083
12600
14538
15249
17314
20198
24055
24444
27182
28045
29335
29789
30409
30418
31045
31500
32548
32608
33135
34483
34730
36625
36750
37409
37882
38021
38642
38680
40644
42550
42561
43090
43680
44256
47533
50974
51115
51603
54123
55036
57688
63156
64483
65466
66269
67187
68469
69202
72584
75012
75847
75884
77319
77364
77602
77652
78298
83304
83481
83631
83938
84421
85175
88325
91952
92130
92198
92904
93876
94721
95415
217773
46664
69273
189666
7599
41757
52396
59230
79664
92137
56009
87715
89788
9924
27933
50390
51042
51318
57405
57866
58478
61695
63145
65941
68396
70004
77303
81411
87089
96516
96804
96816
98574
149975
92005
226699
2927
11011
11479
12324
17135
25072
27688
28199
28368
29330
29475
31351
31677
32531
32859
33010
35441
35535
36425
36907
38091
38516
38800
39165
40416
41162
42367
43735
45757
46660
46982
47062
47925
48275
48801
48833
50179
51159
51640
51975
52679
53008
54088
54582
55818
56572
57213
58514
59159
59570
60220
60535
60560
62364
63388
63781
64582
67121
67549
68169
68525
71263
72079
72987
72996
76064
76457
76626
78036
78485
80082
82991
84589
85676
87609
88528
88794
89729
91027
91369
92237
93243
95110
95190
95731
95738
95787
95886
95900
95931
96000
96014
96174
96463
96777
97370
97371
99436
100317
108325
149166
149261
149330
149360
149775
150870
153083
153506
154361
158934
163640
173800
174672
188398
196203
198465
199928
226771
247085
15186
31719
87361
94033
191161
47897
23493
32254
62865
23160
25740
26433
28757
29020
35749
39712
43535
55279
56377
61704
69586
69663
72685
75120
78529
84937
85908
90456
90536
92686
93828
155042
156876
164042
164985
168723
175970
177306
178816
185908
187503
188942
189035
189091
192863
197528
199959
205686
211204
213279
213495
219006
222254
222347
229859
243351
27879
28190
45802
47069
66642
69911
93234
31454
37202
65081
71712
72938
13583
64815
74533
67721
68716
93776
79254
80688
61406
75261
76842
48982
12359
36539
80678
189867
75921
9763
31646
32874
43936
47109
67581
77747
232371
30766
76385
21633
67099
16217
17209
23256
24536
28906
38273
38575
41302
49826
58248
74235
75654
89817
30779
84934
2023
8829
11685
20954
22123
24376
28127
30502
31552
32299
32774
34767
34979
37745
40629
47446
49387
49552
50352
53822
54395
55269
56122
70982
72000
79018
79534
80358
90390
92706
92852
5890
6168
7572
9498
9854
11892
14173
16204
16375
22201
22286
22352
22753
24286
25281
26144
26391
26924
27058
28460
29946
30469
30950
31927
32079
32839
32847
32851
32960
32970
33309
34151
34953
35403
35950
36001
36132
37273
37391
37765
37856
37977
38160
38977
39221
39456
39646
39694
39733
39958
40042
40327
40720
41117
41827
42311
42462
43317
43696
44377
44528
45295
45313
45441
46165
46285
46436
46509
46810
47384
47519
48480
48729
49166
49199
49497
50020
50045
51056
51238
51373
51616
51683
51838
52008
52132
52595
53053
53081
53541
53696
53805
53904
54542
54596
54685
54800
54882
55472
55481
55570
55624
55751
55767
55969
55974
56440
56466
56894
57107
57288
57380
57485
57537
57725
58063
58102
58228
58519
58525
58674
58804
58809
58948
59321
59390
59805
59894
59928
59976
60078
60468
60533
60661
60677
61489
61534
61722
61742
61811
61981
62001
62308
62362
62527
63010
63102
63162
63185
63267
63382
63679
63798
64281
64289
64293
64320
64442
64463
64678
64790
65055
65166
65180
65339
65457
65481
65980
66285
66520
66960
67093
67350
67490
67604
67668
67688
67737
67979
67997
68215
68522
68552
68635
68658
68740
68846
68915
69591
69611
69849
69924
70178
70269
70283
70576
70598
70774
71016
71047
71241
71292
71860
72064
72070
72222
72324
72365
72723
73372
73522
73645
73670
73958
74124
74178
74285
74484
74610
74892
75382
75546
75631
75635
75781
75970
76148
76250
76251
76256
76605
76792
77161
77213
77443
77534
77841
77904
78010
78021
78247
78267
78454
78497
78594
78679
79029
79089
79289
79348
79431
79788
79829
79962
80052
80072
80097
80164
80308
80619
80652
80726
80903
81128
81154
81155
81314
81377
81610
81612
81825
82132
82255
82750
82837
82937
83008
83124
83340
83581
83760
84316
84344
84442
84869
84983
85071
85572
85796
85985
86049
86203
86224
86582
86913
86937
87114
87118
87235
87679
88175
88427
88750
88791
88814
89282
89450
89672
89754
89764
89814
89824
89956
90178
90214
90248
90300
90454
90470
90545
90769
90882
90914
91262
91412
91574
91603
91644
92125
92321
92425
92478
92868
93008
93050
93217
93375
93391
93763
94416
94587
94972
95086
95240
95528
95532
145952
148679
151545
151933
153675
158213
158630
159625
160577
162174
162276
162619
163557
164014
164356
167223
170528
172178
172814
174365
174938
177275
177783
180357
182238
184274
185936
186128
187343
187605
187641
190831
194283
194298
196710
197074
197246
197633
201148
201666
204804
206525
206893
207944
208049
208170
208937
213112
214067
215140
215176
215476
216990
217728
218351
219984
224662
225859
225935
228059
229845
232128
234481
235333
235503
237558
237710
237838
238534
239091
239582
240198
241986
242815
245235
62905
34072
66828
92927
95518
55712
26417
63090
21415
19805
26573
203709
212430
14651
52576
15508
24645
27518
29740
31412
51229
59070
62263
63136
74917
78860
79177
85156
88336
89288
90863
66242
1842
36487
40775
6193
12821
76165
76862
39377
43349
65540
74185
75160
86163
157360
161320
162704
185851
187205
189070
196812
200649
231122
234129
242491
44666
96009
96165
97840
31730
38667
39477
43886
50856
86494
83111
8437
12712
81629
64239
9443
13568
14592
15810
20570
21986
25273
35035
36349
36675
39932
45173
46532
52442
57833
67807
84510
86544
66918
55401
199229
82926
4905
30900
30906
32634
40085
40304
42266
43139
47631
53794
72813
80818
81589
85860
88138
94580
13830
25954
40662
42368
43045
46467
52005
59528
20836
36519
11345
20515
29624
31375
37573
46189
52701
54644
59324
214162
80126
172305
58730
35843
68235
28722
31599
47806
65425
33609
37432
35292
51689
57585
64993
66143
69996
70077
71527
83192
89520
91170
91796
96973
154231
180731
181343
188242
188489
194341
195331
201777
209552
210266
210670
213905
221956
222108
223655
226929
233869
239524
45537
45999
71097
84393
38851
75180
50861
53166
69437
77221
81412
19098
41617
45619
46193
52007
57348
68667
76954
78284
68422
88463
21145
24599
24777
26429
26769
41808
42380
42695
46473
59172
61438
61730
62932
65943
77440
77930
81109
83513
89305
53692
63695
27299
45690
36794
77202
9636
15051
17721
26133
28985
35122
38469
39084
40588
43061
44220
45793
47712
59322
65171
65828
69633
78000
80353
83793
91173
93137
93474
88428
20325
21626
55490
58702
56428
71618
24221
28247
46501
185406
26568
63755
10447
29390
49887
89578
96112
99285
5341
7204
7550
12223
21543
21550
26636
28967
29049
30424
31761
34111
34723
38023
38309
38348
38515
39658
40811
42395
43319
44585
46203
47527
48635
48692
49000
49938
50918
50983
51681
52291
52324
52675
53984
54683
54777
54941
55062
55988
57881
57930
58037
59516
59525
60245
60556
60663
62397
62931
63412
64250
66803
67551
68001
68413
69346
70297
70877
71340
71713
72470
73823
74675
74990
75827
78340
78429
80012
80284
80385
80550
81739
81766
83048
83238
83777
83836
84518
85646
85741
86199
87192
87467
87562
87614
88163
88333
88464
89239
89300
89810
90292
91640
91818
92393
92571
94176
94421
94436
94462
94577
148691
155317
155963
160797
161431
162368
164283
164495
165771
167368
168144
168896
168904
170144
171907
175688
175880
176318
176585
180297
182776
187171
191973
194707
194762
195133
197741
198747
199379
199740
200911
201827
202986
203778
206880
207492
209403
210101
212866
214597
216462
219651
220870
224188
233798
234494
235030
236360
236526
238911
239032
239774
239811
242540
242840
243693
244087
245360
88401
38019
81137
23906
41670
201092
5283
58280
82802
4074
33177
41895
92146
92698
94964
225352
15256
18491
23492
24335
26597
26836
50954
52669
65912
68342
70839
71810
74657
75235
80248
81193
83307
88787
95318
16584
51225
51979
31361
54564
89538
6104
16180
27899
30025
35624
37969
44314
48052
49832
53156
54332
57840
61741
64017
75103
75463
82094
87272
28366
70365
21381
29357
61677
87725
224512
16949
17013
23966
24280
28306
28844
29377
30216
45343
46950
50679
53045
57049
60718
64029
73416
73598
79107
32786
39892
63112
72283
73715
78630
87690
98053
100306
103417
148550
163728
164839
169916
175112
180071
180227
182188
183610
190240
191442
195247
195721
197465
200648
201842
203872
204995
205022
207907
212316
215024
215999
216936
221057
222107
222196
222346
223204
225282
225745
225777
225805
231062
231165
232000
232963
234527
236517
242957
246525
53205
65037
96269
103005
169615
247130
9941
49092
56523
78294
194828
44897
61145
66100
72887
73048
91389
151367
158916
169210
169318
169639
233962
35858
45356
56710
78062
22997
26861
33386
35368
35485
36984
37810
38747
42432
42709
44416
47291
47699
55262
58515
62040
62457
63203
63274
68559
72978
74452
79762
81796
85443
94585
185194
207029
229975
17186
58259
59929
69590
74956
7275
14736
32861
60273
94618
48534
48515
81871
86591
159534
208487
6190
32557
37231
66390
90242
9507
19829
22765
48769
69326
71950
84969
2735
4921
5700
15066
17995
19840
20957
22946
23685
25745
25828
27288
28357
28688
28697
29388
29570
32344
33346
36740
38465
38532
41172
43430
43830
44789
48251
48505
50969
54554
55194
55889
58095
64675
64756
70986
71240
72529
73311
73414
75183
75220
76530
90358
91526
93615
36498
43956
50440
60215
60931
66578
86361
91041
154099
157478
161063
164149
165235
180497
182968
185016
207296
210140
220619
245279
23583
80017
30666
35540
37592
37915
52230
52332
55594
63559
69431
69659
86636
88146
90878
95531
30601
53385
63707
86145
90700
21632
93934
192254
55334
70617
12560
16129
16641
28393
29091
34739
36551
39207
41660
41822
43981
47721
48791
49944
50728
52145
56434
56687
57399
58163
60729
62981
64494
65924
68815
71143
71222
72888
73042
73284
73385
74293
74882
75166
77894
79475
79878
80306
80586
81344
84487
88888
89170
90219
91807
91824
92680
93432
93884
94006
64509
66533
206283
4414
18916
40973
77106
86412
14468
36222
46530
50792
32207
76197
186779
60024
210810
32762
78276
12257
38074
52257
53989
62357
96254
7349
8031
8048
11536
14779
15834
16428
17286
18813
21425
24807
29543
31316
33670
34266
36264
37318
38191
38742
41999
42814
43404
45146
45507
46638
47240
47875
48072
48287
50439
50889
54838
56693
56882
59362
59957
60454
61826
65411
66575
67193
67838
68629
69312
69652
70981
72444
73130
73246
74784
75058
76235
76378
76524
79551
80414
80904
81375
83697
87682
88181
88470
89507
90268
92358
94284
94893
95132
95654
159208
174667
212398
233622
7074
7109
8528
11664
13499
16822
21275
30588
33919
35654
37884
38543
40241
41897
43620
46851
46990
52534
54995
56164
57226
57958
59752
64306
67520
67860
70169
74005
75788
75956
78403
82893
83623
84966
85131
88980
91009
92728
92821
93727
94291
95183
95484
148276
148292
148532
150988
155323
155413
156682
158148
162666
164785
165800
168825
172983
174763
179273
180061
181716
184734
187158
189516
189817
195117
200420
201762
204504
207999
217369
219299
222026
223915
224165
228081
233388
236461
243022
245981
158994
161655
32809
14219
53217
31157
175032
196100
4318
14659
14771
20448
22010
23591
27270
31531
37128
38015
39309
47496
48054
52856
58308
59530
66194
67017
69525
74001
80363
85673
87393
88601
89710
93460
51995
74099
173777
213020
8408
28725
39131
41590
42165
51615
62701
82878
19341
59780
23647
28794
29596
47935
54616
56155
57481
84526
57482
62149
34425
36143
36218
43725
44601
56387
59668
68766
69297
77801
79156
81600
86235
88353
61646
74710
85347
44171
184544
43742
44135
55734
79149
97098
222716
27942
44690
49183
54986
55755
33082
4753
30023
43114
56363
71139
198401
219820
41923
63354
73493
25207
41994
47003
51952
66691
93169
21834
22431
23258
32821
33696
36322
36474
41687
46556
60280
61686
63320
66730
69093
72983
74055
75441
222446
58291
75025
55156
126
46200
10974
12385
12428
16938
26363
28096
30102
30986
31869
32000
33854
34771
34933
35349
37785
40109
41435
43207
43414
46168
46913
46992
47138
47347
48278
49142
50644
50923
51843
52319
52772
52956
53309
53666
53675
55189
55297
55415
56461
57112
59637
60998
61586
64727
66302
68459
68478
68683
69957
72007
72287
72619
72636
73058
73330
74071
76058
76515
76840
77129
77281
77802
78437
78990
78997
79557
80431
80890
82512
83542
84931
85406
85495
85598
86416
87099
88903
90512
91755
93393
93641
95572
206253
222693
95012
7595
76031
88784
49624
71433
74897
83671
14249
44169
42732
12289
19626
47021
48522
49850
51892
62556
67363
72545
75622
78995
90374
90387
91578
92883
95578
96467
100276
101208
160790
163053
164577
170824
182307
202879
222516
230902
27612
34908
54253
60071
64566
80747
149248
150235
169438
28605
43673
51827
53458
59152
75629
79197
81654
88312
92464
89330
23346
89768
19069
32838
78234
53125
60743
67328
79307
26367
41567
58632
63055
63059
64612
66286
76376
84044
89944
95222
228660
43226
215132
8740
23782
24378
25049
37933
41468
47393
52091
53169
54746
56012
72386
79440
248044
248045
248046
248047
248048
248049
248050
248051
248052
248053
248054
248055
248056
248057
248058
248059
248060
248061
248062
248063
248064
248065
248066
248067
248069
248070
248071
248072
248073
248074
248075
248076
